metric,step,value
train/loss/object/heatmap/task0,50,0.9360654354095459
train/loss/object/heatmap/task0,100,0.9914228916168213
train/loss/object/heatmap/task0,150,1.010192632675171
train/loss/object/heatmap/task0,200,0.9643620252609253
train/loss/object/heatmap/task0,250,0.9517738819122314
train/loss/object/heatmap/task0,300,0.9432965517044067
train/loss/object/heatmap/task0,350,0.9181311726570129
train/loss/object/heatmap/task0,400,0.9303815364837646
train/loss/object/heatmap/task0,450,0.925832986831665
train/loss/object/heatmap/task0,500,0.914543092250824
train/loss/object/heatmap/task0,550,0.9021865129470825
train/loss/object/heatmap/task0,644,0.9228737354278564
train/loss/object/heatmap/task0,694,0.9335240721702576
train/loss/object/heatmap/task0,744,0.9284433722496033
train/loss/object/heatmap/task0,794,0.9026140570640564
train/loss/object/heatmap/task0,844,0.9316149950027466
train/loss/object/heatmap/task0,894,0.9210371971130371
train/loss/object/heatmap/task0,944,0.8887315988540649
train/loss/object/heatmap/task0,994,0.9019266963005066
train/loss/object/heatmap/task0,1044,0.888789176940918
train/loss/object/heatmap/task0,1094,0.9175633192062378
train/loss/object/heatmap/task0,1144,0.8982699513435364
train/loss/object/heatmap/task0,1238,0.9064806699752808
train/loss/object/heatmap/task0,1288,0.9010488986968994
train/loss/object/heatmap/task0,1338,0.9024211764335632
train/loss/object/heatmap/task0,1388,0.8960007429122925
train/loss/object/heatmap/task0,1438,0.8843075633049011
train/loss/object/heatmap/task0,1488,0.8852511644363403
train/loss/object/heatmap/task0,1538,0.8923417329788208
train/loss/object/heatmap/task0,1588,0.864215612411499
train/loss/object/heatmap/task0,1638,0.8886355757713318
train/loss/object/heatmap/task0,1688,0.8807334899902344
train/loss/object/heatmap/task0,1738,0.869280993938446
train/loss/object/heatmap/task0,1832,0.895288348197937
train/loss/object/heatmap/task0,1882,0.866033136844635
train/loss/object/heatmap/task0,1932,0.8375071883201599
train/loss/object/heatmap/task0,1982,0.8610807657241821
train/loss/object/heatmap/task0,2032,0.8365243673324585
train/loss/object/heatmap/task0,2082,0.8330222368240356
train/loss/object/heatmap/task0,2132,0.8389707207679749
train/loss/object/heatmap/task0,2182,0.8623935580253601
train/loss/object/heatmap/task0,2232,0.8476783037185669
train/loss/object/heatmap/task0,2282,0.8318842053413391
train/loss/object/heatmap/task0,2332,0.851396918296814
train/loss/object/heatmap/task0,2426,0.8407684564590454
train/loss/object/heatmap/task0,2476,0.8546385765075684
train/loss/object/heatmap/task0,2526,0.8312071561813354
train/loss/object/heatmap/task0,2576,0.8067535161972046
train/loss/object/heatmap/task0,2626,0.8299087285995483
train/loss/object/heatmap/task0,2676,0.8124977946281433
train/loss/object/heatmap/task0,2726,0.8385310173034668
train/loss/object/heatmap/task0,2776,0.8067747950553894
train/loss/object/heatmap/task0,2826,0.8016316890716553
train/loss/object/heatmap/task0,2876,0.8124184608459473
train/loss/object/heatmap/task0,2926,0.8162838220596313
train/loss/object/heatmap/task0,3020,0.7957231402397156
train/loss/object/heatmap/task0,3070,0.7968659996986389
train/loss/object/heatmap/task0,3120,0.8171014785766602
train/loss/object/heatmap/task0,3170,0.8036947250366211
train/loss/object/heatmap/task0,3220,0.8039219379425049
train/loss/object/heatmap/task0,3270,0.8040563464164734
train/loss/object/heatmap/task0,3320,0.8081410527229309
train/loss/object/heatmap/task0,3370,0.7990882396697998
train/loss/object/heatmap/task0,3420,0.7721368074417114
train/loss/object/heatmap/task0,3470,0.797001838684082
train/loss/object/heatmap/task0,3520,0.8063187003135681
train/loss/object/heatmap/task0,3614,0.7882790565490723
train/loss/object/heatmap/task0,3664,0.8028243184089661
train/loss/object/heatmap/task0,3714,0.7655096054077148
train/loss/object/heatmap/task0,3764,0.7729328274726868
train/loss/object/heatmap/task0,3814,0.7771035432815552
train/loss/object/heatmap/task0,3864,0.7780117988586426
train/loss/object/heatmap/task0,3914,0.776121199131012
train/loss/object/heatmap/task0,3964,0.7780762910842896
train/loss/object/heatmap/task0,4014,0.7789795994758606
train/loss/object/heatmap/task0,4064,0.7691220641136169
train/loss/object/heatmap/task0,4114,0.7625964283943176
train/loss/object/heatmap/task0,4208,0.7555134892463684
train/loss/object/heatmap/task0,4258,0.7671324610710144
train/loss/object/heatmap/task0,4308,0.7501915097236633
train/loss/object/heatmap/task0,4358,0.7541213631629944
train/loss/object/heatmap/task0,4408,0.768213152885437
train/loss/object/heatmap/task0,4458,0.7802996039390564
train/loss/object/heatmap/task0,4508,0.7606781721115112
train/loss/object/heatmap/task0,4558,0.7390170693397522
train/loss/object/heatmap/task0,4608,0.7539659142494202
train/loss/object/heatmap/task0,4658,0.7797423005104065
train/loss/object/heatmap/task0,4708,0.7567550539970398
train/loss/object/heatmap/task0,4802,0.7301125526428223
train/loss/object/heatmap/task0,4852,0.748751163482666
train/loss/object/heatmap/task0,4902,0.7318755388259888
train/loss/object/heatmap/task0,4952,0.7552164196968079
train/loss/object/heatmap/task0,5002,0.7655537128448486
train/loss/object/heatmap/task0,5052,0.7431291341781616
train/loss/object/heatmap/task0,5102,0.7412935495376587
train/loss/object/heatmap/task0,5152,0.7398195862770081
train/loss/object/heatmap/task0,5202,0.7371760010719299
train/loss/object/heatmap/task0,5252,0.7556241750717163
train/loss/object/heatmap/task0,5302,0.7430218458175659
train/loss/object/heatmap/task0,5396,0.7314628958702087
train/loss/object/heatmap/task0,5446,0.7372773289680481
train/loss/object/heatmap/task0,5496,0.7301186919212341
train/loss/object/heatmap/task0,5546,0.7162840962409973
train/loss/object/heatmap/task0,5596,0.74480801820755
train/loss/object/heatmap/task0,5646,0.7286403179168701
train/loss/object/heatmap/task0,5696,0.7375688552856445
train/loss/object/heatmap/task0,5746,0.7210277915000916
train/loss/object/heatmap/task0,5796,0.7469962239265442
train/loss/object/heatmap/task0,5846,0.7347913384437561
train/loss/object/heatmap/task0,5896,0.7250354886054993
train/loss/object/heatmap/task0,5990,0.7304220199584961
train/loss/object/heatmap/task0,6040,0.7324411869049072
train/loss/object/heatmap/task0,6090,0.6968109607696533
train/loss/object/heatmap/task0,6140,0.732434093952179
train/loss/object/heatmap/task0,6190,0.7201263308525085
train/loss/object/heatmap/task0,6240,0.7129879593849182
train/loss/object/heatmap/task0,6290,0.700506329536438
train/loss/object/heatmap/task0,6340,0.7220872640609741
train/loss/object/heatmap/task0,6390,0.7323030233383179
train/loss/object/heatmap/task0,6440,0.7326127886772156
train/loss/object/heatmap/task0,6490,0.7203273773193359
train/loss/object/heatmap/task0,6584,0.7187433242797852
train/loss/object/heatmap/task0,6634,0.7204982042312622
train/loss/object/heatmap/task0,6684,0.7207531332969666
train/loss/object/heatmap/task0,6734,0.7198919653892517
train/loss/object/heatmap/task0,6784,0.7081952691078186
train/loss/object/heatmap/task0,6834,0.7091435790061951
train/loss/object/heatmap/task0,6884,0.699522078037262
train/loss/object/heatmap/task0,6934,0.6861635446548462
train/loss/object/heatmap/task0,6984,0.6966854929924011
train/loss/object/heatmap/task0,7034,0.6892942190170288
train/loss/object/heatmap/task0,7084,0.7004156112670898
train/loss/object/heatmap/task0,7178,0.7166129946708679
train/loss/object/heatmap/task0,7228,0.6926559805870056
train/loss/object/heatmap/task0,7278,0.6793203949928284
train/loss/object/heatmap/task0,7328,0.6889780163764954
train/loss/object/heatmap/task0,7378,0.7042759656906128
train/loss/object/heatmap/task0,7428,0.6816735863685608
train/loss/object/heatmap/task0,7478,0.6972535848617554
train/loss/object/heatmap/task0,7528,0.6916654706001282
train/loss/object/heatmap/task0,7578,0.6905127763748169
train/loss/object/heatmap/task0,7628,0.6811996698379517
train/loss/object/heatmap/task0,7678,0.6748688817024231
train/loss/object/heatmap/task0,7772,0.6736123561859131
train/loss/object/heatmap/task0,7822,0.6729646921157837
train/loss/object/heatmap/task0,7872,0.6902248859405518
train/loss/object/heatmap/task0,7922,0.7128214240074158
train/loss/object/heatmap/task0,7972,0.671941876411438
train/loss/object/heatmap/task0,8022,0.691801130771637
train/loss/object/heatmap/task0,8072,0.6676362752914429
train/loss/object/heatmap/task0,8122,0.689012348651886
train/loss/object/heatmap/task0,8172,0.6791768074035645
train/loss/object/heatmap/task0,8222,0.6711735725402832
train/loss/object/heatmap/task0,8272,0.6745333075523376
train/loss/object/heatmap/task0,8366,0.6877472400665283
train/loss/object/heatmap/task0,8416,0.6649827361106873
train/loss/object/heatmap/task0,8466,0.6638196110725403
train/loss/object/heatmap/task0,8516,0.6742649078369141
train/loss/object/heatmap/task0,8566,0.6735451221466064
train/loss/object/heatmap/task0,8616,0.6881496906280518
train/loss/object/heatmap/task0,8666,0.6795681118965149
train/loss/object/heatmap/task0,8716,0.6439675688743591
train/loss/object/heatmap/task0,8766,0.6592482924461365
train/loss/object/heatmap/task0,8816,0.6650183796882629
train/loss/object/heatmap/task0,8866,0.6740474104881287
train/loss/object/heatmap/task0,8960,0.6668343544006348
train/loss/object/heatmap/task0,9010,0.664010226726532
train/loss/object/heatmap/task0,9060,0.682999849319458
train/loss/object/heatmap/task0,9110,0.6750212907791138
train/loss/object/heatmap/task0,9160,0.6402776837348938
train/loss/object/heatmap/task0,9210,0.6490312218666077
train/loss/object/heatmap/task0,9260,0.6213246583938599
train/loss/object/heatmap/task0,9310,0.6473351120948792
train/loss/object/heatmap/task0,9360,0.6470107436180115
train/loss/object/heatmap/task0,9410,0.6708004474639893
train/loss/object/heatmap/task0,9460,0.6500513553619385
train/loss/object/heatmap/task0,9554,0.6491249203681946
train/loss/object/heatmap/task0,9604,0.6440263986587524
train/loss/object/heatmap/task0,9654,0.6454718708992004
train/loss/object/heatmap/task0,9704,0.6435782313346863
train/loss/object/heatmap/task0,9754,0.6426912546157837
train/loss/object/heatmap/task0,9804,0.6324309706687927
train/loss/object/heatmap/task0,9854,0.6702631711959839
train/loss/object/heatmap/task0,9904,0.646018385887146
train/loss/object/heatmap/task0,9954,0.6540395021438599
train/loss/object/heatmap/task0,10004,0.6530759930610657
train/loss/object/heatmap/task0,10054,0.6620506048202515
train/loss/object/heatmap/task0,10148,0.6478772759437561
train/loss/object/heatmap/task0,10198,0.6528910398483276
train/loss/object/heatmap/task0,10248,0.6485533118247986
train/loss/object/heatmap/task0,10298,0.6378014087677002
train/loss/object/heatmap/task0,10348,0.6366006135940552
train/loss/object/heatmap/task0,10398,0.6338942050933838
train/loss/object/heatmap/task0,10448,0.6446510553359985
train/loss/object/heatmap/task0,10498,0.6254150867462158
train/loss/object/heatmap/task0,10548,0.6435427069664001
train/loss/object/heatmap/task0,10598,0.648360013961792
train/loss/object/heatmap/task0,10648,0.6311432719230652
train/loss/object/heatmap/task0,10742,0.6367873549461365
train/loss/object/heatmap/task0,10792,0.6355059742927551
train/loss/object/heatmap/task0,10842,0.6298856139183044
train/loss/object/heatmap/task0,10892,0.6358262300491333
train/loss/object/heatmap/task0,10942,0.6417576670646667
train/loss/object/heatmap/task0,10992,0.6313490867614746
train/loss/object/heatmap/task0,11042,0.6268124580383301
train/loss/object/heatmap/task0,11092,0.6247280836105347
train/loss/object/heatmap/task0,11142,0.6143010258674622
train/loss/object/heatmap/task0,11192,0.6400054693222046
train/loss/object/heatmap/task0,11242,0.6207225918769836
train/loss/object/heatmap/task0,11336,0.6294865012168884
train/loss/object/heatmap/task0,11386,0.6252528429031372
train/loss/object/heatmap/task0,11436,0.6356745362281799
train/loss/object/heatmap/task0,11486,0.618308961391449
train/loss/object/heatmap/task0,11536,0.6246369481086731
train/loss/object/heatmap/task0,11586,0.5990537405014038
train/loss/object/heatmap/task0,11636,0.6148505806922913
train/loss/object/heatmap/task0,11686,0.6310074925422668
train/loss/object/heatmap/task0,11736,0.6161683797836304
train/loss/object/heatmap/task0,11786,0.6240224838256836
train/loss/object/heatmap/task0,11836,0.6269170045852661
train/loss/object/heatmap/task0,11930,0.6090526580810547
train/loss/object/heatmap/task0,11980,0.6174267530441284
train/loss/object/heatmap/task0,12030,0.6183731555938721
train/loss/object/heatmap/task0,12080,0.6139929890632629
train/loss/object/heatmap/task0,12130,0.6228119134902954
train/loss/object/heatmap/task0,12180,0.5986155271530151
train/loss/object/heatmap/task0,12230,0.6189565062522888
train/loss/object/heatmap/task0,12280,0.6166409254074097
train/loss/object/heatmap/task0,12330,0.6256064176559448
train/loss/object/heatmap/task0,12380,0.6068716049194336
train/loss/object/heatmap/task0,12430,0.6022095680236816
train/loss/object/heatmap/task0,12524,0.6134247779846191
train/loss/object/heatmap/task0,12574,0.6013920903205872
train/loss/object/heatmap/task0,12624,0.6248619556427002
train/loss/object/heatmap/task0,12674,0.6138833165168762
train/loss/object/heatmap/task0,12724,0.5987833142280579
train/loss/object/heatmap/task0,12774,0.6020392179489136
train/loss/object/heatmap/task0,12824,0.6152889132499695
train/loss/object/heatmap/task0,12874,0.5844152569770813
train/loss/object/heatmap/task0,12924,0.6180951595306396
train/loss/object/heatmap/task0,12974,0.5819458961486816
train/loss/object/heatmap/task0,13024,0.6079374551773071
train/loss/object/heatmap/task0,13118,0.6023819446563721
train/loss/object/heatmap/task0,13168,0.6117331981658936
train/loss/object/heatmap/task0,13218,0.6065785884857178
train/loss/object/heatmap/task0,13268,0.6010417938232422
train/loss/object/heatmap/task0,13318,0.5909739136695862
train/loss/object/heatmap/task0,13368,0.5845087766647339
train/loss/object/heatmap/task0,13418,0.5975159406661987
train/loss/object/heatmap/task0,13468,0.6054907441139221
train/loss/object/heatmap/task0,13518,0.5858061909675598
train/loss/object/heatmap/task0,13568,0.5879977345466614
train/loss/object/heatmap/task0,13618,0.6012850999832153
train/loss/object/heatmap/task0,13712,0.5894410610198975
train/loss/object/heatmap/task0,13762,0.6106904149055481
train/loss/object/heatmap/task0,13812,0.5985952019691467
train/loss/object/heatmap/task0,13862,0.5742107033729553
train/loss/object/heatmap/task0,13912,0.5950421094894409
train/loss/object/heatmap/task0,13962,0.5879616737365723
train/loss/object/heatmap/task0,14012,0.5861491560935974
train/loss/object/heatmap/task0,14062,0.5854756832122803
train/loss/object/heatmap/task0,14112,0.5900168418884277
train/loss/object/heatmap/task0,14162,0.5994657874107361
train/loss/object/heatmap/task0,14212,0.5925753116607666
train/loss/object/heatmap/task0,14306,0.5830754637718201
train/loss/object/heatmap/task0,14356,0.5940274000167847
train/loss/object/heatmap/task0,14406,0.5700528025627136
train/loss/object/heatmap/task0,14456,0.5929579138755798
train/loss/object/heatmap/task0,14506,0.5750083327293396
train/loss/object/heatmap/task0,14556,0.5663120150566101
train/loss/object/heatmap/task0,14606,0.5911545157432556
train/loss/object/heatmap/task0,14656,0.5777946710586548
train/loss/object/heatmap/task0,14706,0.5780108571052551
train/loss/object/heatmap/task0,14756,0.573554277420044
train/loss/object/heatmap/task0,14806,0.5823448300361633
train/loss/object/heatmap/task0,14900,0.5708686113357544
train/loss/object/heatmap/task0,14950,0.5555680394172668
train/loss/object/heatmap/task0,15000,0.5734742879867554
train/loss/object/heatmap/task0,15050,0.5625596642494202
train/loss/object/heatmap/task0,15100,0.5873279571533203
train/loss/object/heatmap/task0,15150,0.5943248867988586
train/loss/object/heatmap/task0,15200,0.563668966293335
train/loss/object/heatmap/task0,15250,0.5716782212257385
train/loss/object/heatmap/task0,15300,0.5779529809951782
train/loss/object/heatmap/task0,15350,0.5488531589508057
train/loss/object/heatmap/task0,15400,0.5622819662094116
train/loss/object/heatmap/task0,15494,0.5633111596107483
train/loss/object/heatmap/task0,15544,0.5716685652732849
train/loss/object/heatmap/task0,15594,0.5590255260467529
train/loss/object/heatmap/task0,15644,0.5622928142547607
train/loss/object/heatmap/task0,15694,0.5618954300880432
train/loss/object/heatmap/task0,15744,0.5656342506408691
train/loss/object/heatmap/task0,15794,0.5707236528396606
train/loss/object/heatmap/task0,15844,0.5575470924377441
train/loss/object/heatmap/task0,15894,0.5608213543891907
train/loss/object/heatmap/task0,15944,0.5803788900375366
train/loss/object/heatmap/task0,15994,0.5590649247169495
train/loss/object/heatmap/task0,16088,0.5786691308021545
train/loss/object/heatmap/task0,16138,0.5621768832206726
train/loss/object/heatmap/task0,16188,0.5511133670806885
train/loss/object/heatmap/task0,16238,0.5473470687866211
train/loss/object/heatmap/task0,16288,0.5772183537483215
train/loss/object/heatmap/task0,16338,0.5453215837478638
train/loss/object/heatmap/task0,16388,0.5493663549423218
train/loss/object/heatmap/task0,16438,0.5533302426338196
train/loss/object/heatmap/task0,16488,0.558721125125885
train/loss/object/heatmap/task0,16538,0.5573169589042664
train/loss/object/heatmap/task0,16588,0.5495818257331848
train/loss/object/heatmap/task0,16682,0.5829851031303406
train/loss/object/heatmap/task0,16732,0.5605599880218506
train/loss/object/heatmap/task0,16782,0.5483891367912292
train/loss/object/heatmap/task0,16832,0.5511783957481384
train/loss/object/heatmap/task0,16882,0.5584837794303894
train/loss/object/heatmap/task0,16932,0.5554436445236206
train/loss/object/heatmap/task0,16982,0.5460318326950073
train/loss/object/heatmap/task0,17032,0.5477747321128845
train/loss/object/heatmap/task0,17082,0.5525825023651123
train/loss/object/heatmap/task0,17132,0.5570030808448792
train/loss/object/heatmap/task0,17182,0.5369315147399902
train/loss/object/heatmap/task0,17276,0.550489068031311
train/loss/object/heatmap/task0,17326,0.549331784248352
train/loss/object/heatmap/task0,17376,0.5380991101264954
train/loss/object/heatmap/task0,17426,0.5465494990348816
train/loss/object/heatmap/task0,17476,0.5445334315299988
train/loss/object/heatmap/task0,17526,0.5492414236068726
train/loss/object/heatmap/task0,17576,0.5609703660011292
train/loss/object/heatmap/task0,17626,0.5596423745155334
train/loss/object/heatmap/task0,17676,0.5417065620422363
train/loss/object/heatmap/task0,17726,0.5376335382461548
train/loss/object/heatmap/task0,17776,0.551388680934906
train/loss/object/heatmap/task0,17870,0.5350550413131714
train/loss/object/heatmap/task0,17920,0.5319647789001465
train/loss/object/heatmap/task0,17970,0.5413124561309814
train/loss/object/heatmap/task0,18020,0.5588150024414062
train/loss/object/heatmap/task0,18070,0.5514129996299744
train/loss/object/heatmap/task0,18120,0.5342187285423279
train/loss/object/heatmap/task0,18170,0.5730454921722412
train/loss/object/heatmap/task0,18220,0.5316716432571411
train/loss/object/heatmap/task0,18270,0.5393519997596741
train/loss/object/heatmap/task0,18320,0.5324222445487976
train/loss/object/heatmap/task0,18370,0.5619857907295227
train/loss/object/heatmap/task0,18464,0.5476400256156921
train/loss/object/heatmap/task0,18514,0.5469085574150085
train/loss/object/heatmap/task0,18564,0.5202490091323853
train/loss/object/heatmap/task0,18614,0.5204241275787354
train/loss/object/heatmap/task0,18664,0.559045672416687
train/loss/object/heatmap/task0,18714,0.5365283489227295
train/loss/object/heatmap/task0,18764,0.5483181476593018
train/loss/object/heatmap/task0,18814,0.5517891049385071
train/loss/object/heatmap/task0,18864,0.5395735502243042
train/loss/object/heatmap/task0,18914,0.5308460593223572
train/loss/object/heatmap/task0,18964,0.5334432125091553
train/loss/object/heatmap/task0,19058,0.538444995880127
train/loss/object/heatmap/task0,19108,0.5421286821365356
train/loss/object/heatmap/task0,19158,0.532960057258606
train/loss/object/heatmap/task0,19208,0.5265859365463257
train/loss/object/heatmap/task0,19258,0.5449914336204529
train/loss/object/heatmap/task0,19308,0.5298601984977722
train/loss/object/heatmap/task0,19358,0.5305952429771423
train/loss/object/heatmap/task0,19408,0.5221738815307617
train/loss/object/heatmap/task0,19458,0.5550090074539185
train/loss/object/heatmap/task0,19508,0.5239847302436829
train/loss/object/heatmap/task0,19558,0.532623291015625
train/loss/object/heatmap/task0,19652,0.5290967226028442
train/loss/object/heatmap/task0,19702,0.5192906260490417
train/loss/object/heatmap/task0,19752,0.5325486660003662
train/loss/object/heatmap/task0,19802,0.5492929816246033
train/loss/object/heatmap/task0,19852,0.5424302220344543
train/loss/object/heatmap/task0,19902,0.534313440322876
train/loss/object/heatmap/task0,19952,0.5293279886245728
train/loss/object/heatmap/task0,20002,0.5349336266517639
train/loss/object/heatmap/task0,20052,0.5276192426681519
train/loss/object/heatmap/task0,20102,0.5190988779067993
train/loss/object/heatmap/task0,20152,0.5254999995231628
train/loss/object/heatmap/task0,20246,0.5218227505683899
train/loss/object/heatmap/task0,20296,0.5244242548942566
train/loss/object/heatmap/task0,20346,0.5264642834663391
train/loss/object/heatmap/task0,20396,0.5312839150428772
train/loss/object/heatmap/task0,20446,0.5248072743415833
train/loss/object/heatmap/task0,20496,0.5297895073890686
train/loss/object/heatmap/task0,20546,0.5164164900779724
train/loss/object/heatmap/task0,20596,0.5374142527580261
train/loss/object/heatmap/task0,20646,0.5308332443237305
train/loss/object/heatmap/task0,20696,0.5360189080238342
train/loss/object/heatmap/task0,20746,0.5219850540161133
train/loss/object/heatmap/task0,20840,0.5186980962753296
train/loss/object/heatmap/task0,20890,0.5115852952003479
train/loss/object/heatmap/task0,20940,0.5212163329124451
train/loss/object/heatmap/task0,20990,0.5447304844856262
train/loss/object/heatmap/task0,21040,0.5161056518554688
train/loss/object/heatmap/task0,21090,0.5350015759468079
train/loss/object/heatmap/task0,21140,0.52225261926651
train/loss/object/heatmap/task0,21190,0.5258923172950745
train/loss/object/heatmap/task0,21240,0.5348974466323853
train/loss/object/heatmap/task0,21290,0.5141021609306335
train/loss/object/heatmap/task0,21340,0.5367324948310852
train/loss/object/heatmap/task0,21434,0.5152230262756348
train/loss/object/heatmap/task0,21484,0.5287792682647705
train/loss/object/heatmap/task0,21534,0.519866406917572
train/loss/object/heatmap/task0,21584,0.5252888798713684
train/loss/object/heatmap/task0,21634,0.5093709826469421
train/loss/object/heatmap/task0,21684,0.5313264727592468
train/loss/object/heatmap/task0,21734,0.5126404166221619
train/loss/object/heatmap/task0,21784,0.5230724215507507
train/loss/object/heatmap/task0,21834,0.5060369968414307
train/loss/object/heatmap/task0,21884,0.5076106190681458
train/loss/object/heatmap/task0,21934,0.49827292561531067
train/loss/object/heatmap/task0,22028,0.5229004621505737
train/loss/object/heatmap/task0,22078,0.5179258584976196
train/loss/object/heatmap/task0,22128,0.5142852663993835
train/loss/object/heatmap/task0,22178,0.5499961972236633
train/loss/object/heatmap/task0,22228,0.5152109861373901
train/loss/object/heatmap/task0,22278,0.5160089731216431
train/loss/object/heatmap/task0,22328,0.5145069360733032
train/loss/object/heatmap/task0,22378,0.5290406346321106
train/loss/object/heatmap/task0,22428,0.5241866111755371
train/loss/object/heatmap/task0,22478,0.5059104561805725
train/loss/object/heatmap/task0,22528,0.5005585551261902
train/loss/object/heatmap/task0,22622,0.5155493021011353
train/loss/object/heatmap/task0,22672,0.5084334015846252
train/loss/object/heatmap/task0,22722,0.5037140250205994
train/loss/object/heatmap/task0,22772,0.5238913893699646
train/loss/object/heatmap/task0,22822,0.5172686576843262
train/loss/object/heatmap/task0,22872,0.511354923248291
train/loss/object/heatmap/task0,22922,0.5136528611183167
train/loss/object/heatmap/task0,22972,0.5142021179199219
train/loss/object/heatmap/task0,23022,0.5076631307601929
train/loss/object/heatmap/task0,23072,0.5031142234802246
train/loss/object/heatmap/task0,23122,0.523823082447052
train/loss/object/heatmap/task0,23216,0.5210081934928894
train/loss/object/heatmap/task0,23266,0.5027985572814941
train/loss/object/heatmap/task0,23316,0.5118603110313416
train/loss/object/heatmap/task0,23366,0.5197104811668396
train/loss/object/heatmap/task0,23416,0.5059254765510559
train/loss/object/heatmap/task0,23466,0.5075482726097107
train/loss/object/heatmap/task0,23516,0.5089863538742065
train/loss/object/heatmap/task0,23566,0.5233727097511292
train/loss/object/heatmap/task0,23616,0.5158320069313049
train/loss/object/heatmap/task0,23666,0.5066484212875366
train/loss/object/heatmap/task0,23716,0.4813230335712433
train/loss/object/heatmap/task0,23810,0.5051238536834717
train/loss/object/heatmap/task0,23860,0.5195523500442505
train/loss/object/heatmap/task0,23910,0.5005737543106079
train/loss/object/heatmap/task0,23960,0.5102769732475281
train/loss/object/heatmap/task0,24010,0.5120631456375122
train/loss/object/heatmap/task0,24060,0.5081771016120911
train/loss/object/heatmap/task0,24110,0.5152249932289124
train/loss/object/heatmap/task0,24160,0.5165352821350098
train/loss/object/heatmap/task0,24210,0.5057270526885986
train/loss/object/heatmap/task0,24260,0.49144837260246277
train/loss/object/heatmap/task0,24310,0.5054001808166504
train/loss/object/heatmap/task0,24404,0.5111209154129028
train/loss/object/heatmap/task0,24454,0.5185245871543884
train/loss/object/heatmap/task0,24504,0.5035267472267151
train/loss/object/heatmap/task0,24554,0.5044225454330444
train/loss/object/heatmap/task0,24604,0.4993056654930115
train/loss/object/heatmap/task0,24654,0.49667757749557495
train/loss/object/heatmap/task0,24704,0.5220097899436951
train/loss/object/heatmap/task0,24754,0.5102620124816895
train/loss/object/heatmap/task0,24804,0.513068437576294
train/loss/object/heatmap/task0,24854,0.5128397345542908
train/loss/object/heatmap/task0,24904,0.5102890133857727
train/loss/object/heatmap/task0,24998,0.5155153274536133
train/loss/object/heatmap/task0,25048,0.5191631317138672
train/loss/object/heatmap/task0,25098,0.5157181024551392
train/loss/object/heatmap/task0,25148,0.5022233128547668
train/loss/object/heatmap/task0,25198,0.506094753742218
train/loss/object/heatmap/task0,25248,0.5205695629119873
train/loss/object/heatmap/task0,25298,0.4996802508831024
train/loss/object/heatmap/task0,25348,0.5051642656326294
train/loss/object/heatmap/task0,25398,0.4972413182258606
train/loss/object/heatmap/task0,25448,0.5038212537765503
train/loss/object/heatmap/task0,25498,0.5118914842605591
train/loss/object/heatmap/task0,25592,0.4953133165836334
train/loss/object/heatmap/task0,25642,0.5004139542579651
train/loss/object/heatmap/task0,25692,0.4958476722240448
train/loss/object/heatmap/task0,25742,0.5275174975395203
train/loss/object/heatmap/task0,25792,0.5073057413101196
train/loss/object/heatmap/task0,25842,0.5062860250473022
train/loss/object/heatmap/task0,25892,0.5118165612220764
train/loss/object/heatmap/task0,25942,0.5033215880393982
train/loss/object/heatmap/task0,25992,0.5034302473068237
train/loss/object/heatmap/task0,26042,0.49721264839172363
train/loss/object/heatmap/task0,26092,0.51369708776474
train/loss/object/heatmap/task0,26186,0.5048089027404785
train/loss/object/heatmap/task0,26236,0.5184918642044067
train/loss/object/heatmap/task0,26286,0.5118842720985413
train/loss/object/heatmap/task0,26336,0.512269914150238
train/loss/object/heatmap/task0,26386,0.5031665563583374
train/loss/object/heatmap/task0,26436,0.5094552040100098
train/loss/object/heatmap/task0,26486,0.5123699307441711
train/loss/object/heatmap/task0,26536,0.5059133768081665
train/loss/object/heatmap/task0,26586,0.49975550174713135
train/loss/object/heatmap/task0,26636,0.48873037099838257
train/loss/object/heatmap/task0,26686,0.4918164908885956
train/loss/object/heatmap/task0,26780,0.5003437399864197
train/loss/object/heatmap/task0,26830,0.5014926791191101
train/loss/object/heatmap/task0,26880,0.4973772168159485
train/loss/object/heatmap/task0,26930,0.5354181528091431
train/loss/object/heatmap/task0,26980,0.5039477348327637
train/loss/object/heatmap/task0,27030,0.49597135186195374
train/loss/object/heatmap/task0,27080,0.488838791847229
train/loss/object/heatmap/task0,27130,0.5103685259819031
train/loss/object/heatmap/task0,27180,0.5118383169174194
train/loss/object/heatmap/task0,27230,0.5029227137565613
train/loss/object/heatmap/task0,27280,0.5051904916763306
train/loss/object/heatmap/task0,27374,0.5074004530906677
train/loss/object/heatmap/task0,27424,0.4991592764854431
train/loss/object/heatmap/task0,27474,0.4995724558830261
train/loss/object/heatmap/task0,27524,0.5094712972640991
train/loss/object/heatmap/task0,27574,0.49769699573516846
train/loss/object/heatmap/task0,27624,0.5031350255012512
train/loss/object/heatmap/task0,27674,0.5079067945480347
train/loss/object/heatmap/task0,27724,0.5017402768135071
train/loss/object/heatmap/task0,27774,0.5140303373336792
train/loss/object/heatmap/task0,27824,0.4976442754268646
train/loss/object/heatmap/task0,27874,0.5083962082862854
train/loss/object/heatmap/task0,27968,0.5013449192047119
train/loss/object/heatmap/task0,28018,0.5106962323188782
train/loss/object/heatmap/task0,28068,0.5268393754959106
train/loss/object/heatmap/task0,28118,0.4985218644142151
train/loss/object/heatmap/task0,28168,0.4966711103916168
train/loss/object/heatmap/task0,28218,0.504244863986969
train/loss/object/heatmap/task0,28268,0.5242345929145813
train/loss/object/heatmap/task0,28318,0.4902392625808716
train/loss/object/heatmap/task0,28368,0.4987824559211731
train/loss/object/heatmap/task0,28418,0.4784383475780487
train/loss/object/heatmap/task0,28468,0.5125213265419006
train/loss/object/bbox/task0,50,0.1739196479320526
train/loss/object/bbox/task0,100,0.1775570958852768
train/loss/object/bbox/task0,150,0.18027742207050323
train/loss/object/bbox/task0,200,0.1758769452571869
train/loss/object/bbox/task0,250,0.17508573830127716
train/loss/object/bbox/task0,300,0.17556849122047424
train/loss/object/bbox/task0,350,0.17430584132671356
train/loss/object/bbox/task0,400,0.17328448593616486
train/loss/object/bbox/task0,450,0.1731424480676651
train/loss/object/bbox/task0,500,0.17391753196716309
train/loss/object/bbox/task0,550,0.17283718287944794
train/loss/object/bbox/task0,644,0.174172043800354
train/loss/object/bbox/task0,694,0.17336690425872803
train/loss/object/bbox/task0,744,0.1758497953414917
train/loss/object/bbox/task0,794,0.17152495682239532
train/loss/object/bbox/task0,844,0.17279937863349915
train/loss/object/bbox/task0,894,0.17491455376148224
train/loss/object/bbox/task0,944,0.1714639663696289
train/loss/object/bbox/task0,994,0.17313702404499054
train/loss/object/bbox/task0,1044,0.16941967606544495
train/loss/object/bbox/task0,1094,0.1736827790737152
train/loss/object/bbox/task0,1144,0.1714392900466919
train/loss/object/bbox/task0,1238,0.1725827306509018
train/loss/object/bbox/task0,1288,0.1714501529932022
train/loss/object/bbox/task0,1338,0.17088709771633148
train/loss/object/bbox/task0,1388,0.17166216671466827
train/loss/object/bbox/task0,1438,0.16904431581497192
train/loss/object/bbox/task0,1488,0.16905654966831207
train/loss/object/bbox/task0,1538,0.17059196531772614
train/loss/object/bbox/task0,1588,0.16738636791706085
train/loss/object/bbox/task0,1638,0.16645778715610504
train/loss/object/bbox/task0,1688,0.1708160787820816
train/loss/object/bbox/task0,1738,0.1659012734889984
train/loss/object/bbox/task0,1832,0.1694004237651825
train/loss/object/bbox/task0,1882,0.16796694695949554
train/loss/object/bbox/task0,1932,0.16521915793418884
train/loss/object/bbox/task0,1982,0.1665937602519989
train/loss/object/bbox/task0,2032,0.1643797904253006
train/loss/object/bbox/task0,2082,0.16439317166805267
train/loss/object/bbox/task0,2132,0.1637510508298874
train/loss/object/bbox/task0,2182,0.1654035598039627
train/loss/object/bbox/task0,2232,0.16458547115325928
train/loss/object/bbox/task0,2282,0.16465571522712708
train/loss/object/bbox/task0,2332,0.1646500825881958
train/loss/object/bbox/task0,2426,0.1635274589061737
train/loss/object/bbox/task0,2476,0.16484734416007996
train/loss/object/bbox/task0,2526,0.16457004845142365
train/loss/object/bbox/task0,2576,0.16229547560214996
train/loss/object/bbox/task0,2626,0.16449545323848724
train/loss/object/bbox/task0,2676,0.16180145740509033
train/loss/object/bbox/task0,2726,0.16311068832874298
train/loss/object/bbox/task0,2776,0.16138841211795807
train/loss/object/bbox/task0,2826,0.16057448089122772
train/loss/object/bbox/task0,2876,0.16010397672653198
train/loss/object/bbox/task0,2926,0.15884684026241302
train/loss/object/bbox/task0,3020,0.16057682037353516
train/loss/object/bbox/task0,3070,0.1610426902770996
train/loss/object/bbox/task0,3120,0.16426628828048706
train/loss/object/bbox/task0,3170,0.15980948507785797
train/loss/object/bbox/task0,3220,0.16039174795150757
train/loss/object/bbox/task0,3270,0.16140595078468323
train/loss/object/bbox/task0,3320,0.16240890324115753
train/loss/object/bbox/task0,3370,0.1614723950624466
train/loss/object/bbox/task0,3420,0.15800464153289795
train/loss/object/bbox/task0,3470,0.1613088846206665
train/loss/object/bbox/task0,3520,0.1607101708650589
train/loss/object/bbox/task0,3614,0.1595100313425064
train/loss/object/bbox/task0,3664,0.1595875769853592
train/loss/object/bbox/task0,3714,0.15944655239582062
train/loss/object/bbox/task0,3764,0.15880456566810608
train/loss/object/bbox/task0,3814,0.15811003744602203
train/loss/object/bbox/task0,3864,0.1583777517080307
train/loss/object/bbox/task0,3914,0.1570683717727661
train/loss/object/bbox/task0,3964,0.1578397899866104
train/loss/object/bbox/task0,4014,0.1574038565158844
train/loss/object/bbox/task0,4064,0.1582811325788498
train/loss/object/bbox/task0,4114,0.15804897248744965
train/loss/object/bbox/task0,4208,0.1561039388179779
train/loss/object/bbox/task0,4258,0.15706314146518707
train/loss/object/bbox/task0,4308,0.15667521953582764
train/loss/object/bbox/task0,4358,0.1557551771402359
train/loss/object/bbox/task0,4408,0.15811529755592346
train/loss/object/bbox/task0,4458,0.15720435976982117
train/loss/object/bbox/task0,4508,0.15691551566123962
train/loss/object/bbox/task0,4558,0.15379762649536133
train/loss/object/bbox/task0,4608,0.15541939437389374
train/loss/object/bbox/task0,4658,0.158632293343544
train/loss/object/bbox/task0,4708,0.15618334710597992
train/loss/object/bbox/task0,4802,0.15419423580169678
train/loss/object/bbox/task0,4852,0.15689168870449066
train/loss/object/bbox/task0,4902,0.15578696131706238
train/loss/object/bbox/task0,4952,0.154989093542099
train/loss/object/bbox/task0,5002,0.15718813240528107
train/loss/object/bbox/task0,5052,0.15550878643989563
train/loss/object/bbox/task0,5102,0.1558329463005066
train/loss/object/bbox/task0,5152,0.1537778377532959
train/loss/object/bbox/task0,5202,0.15468904376029968
train/loss/object/bbox/task0,5252,0.1562824249267578
train/loss/object/bbox/task0,5302,0.15371592342853546
train/loss/object/bbox/task0,5396,0.15341760218143463
train/loss/object/bbox/task0,5446,0.15495489537715912
train/loss/object/bbox/task0,5496,0.15622004866600037
train/loss/object/bbox/task0,5546,0.1528421938419342
train/loss/object/bbox/task0,5596,0.15571917593479156
train/loss/object/bbox/task0,5646,0.15327931940555573
train/loss/object/bbox/task0,5696,0.15641237795352936
train/loss/object/bbox/task0,5746,0.1528739035129547
train/loss/object/bbox/task0,5796,0.1559523642063141
train/loss/object/bbox/task0,5846,0.15483129024505615
train/loss/object/bbox/task0,5896,0.15239599347114563
train/loss/object/bbox/task0,5990,0.15375690162181854
train/loss/object/bbox/task0,6040,0.15328846871852875
train/loss/object/bbox/task0,6090,0.15123900771141052
train/loss/object/bbox/task0,6140,0.1532977819442749
train/loss/object/bbox/task0,6190,0.15255123376846313
train/loss/object/bbox/task0,6240,0.1522832214832306
train/loss/object/bbox/task0,6290,0.15335045754909515
train/loss/object/bbox/task0,6340,0.1507461965084076
train/loss/object/bbox/task0,6390,0.1528860330581665
train/loss/object/bbox/task0,6440,0.1544402539730072
train/loss/object/bbox/task0,6490,0.15086697041988373
train/loss/object/bbox/task0,6584,0.15316683053970337
train/loss/object/bbox/task0,6634,0.15221047401428223
train/loss/object/bbox/task0,6684,0.1536523550748825
train/loss/object/bbox/task0,6734,0.1520499438047409
train/loss/object/bbox/task0,6784,0.15066058933734894
train/loss/object/bbox/task0,6834,0.1531444638967514
train/loss/object/bbox/task0,6884,0.15108366310596466
train/loss/object/bbox/task0,6934,0.14935623109340668
train/loss/object/bbox/task0,6984,0.15134239196777344
train/loss/object/bbox/task0,7034,0.1493917554616928
train/loss/object/bbox/task0,7084,0.15045858919620514
train/loss/object/bbox/task0,7178,0.1533188372850418
train/loss/object/bbox/task0,7228,0.15162110328674316
train/loss/object/bbox/task0,7278,0.14917033910751343
train/loss/object/bbox/task0,7328,0.15057148039340973
train/loss/object/bbox/task0,7378,0.1502399742603302
train/loss/object/bbox/task0,7428,0.14942260086536407
train/loss/object/bbox/task0,7478,0.15070763230323792
train/loss/object/bbox/task0,7528,0.14854781329631805
train/loss/object/bbox/task0,7578,0.14923790097236633
train/loss/object/bbox/task0,7628,0.14870108664035797
train/loss/object/bbox/task0,7678,0.1480286717414856
train/loss/object/bbox/task0,7772,0.14867140352725983
train/loss/object/bbox/task0,7822,0.14756859838962555
train/loss/object/bbox/task0,7872,0.1508280634880066
train/loss/object/bbox/task0,7922,0.15113812685012817
train/loss/object/bbox/task0,7972,0.14853599667549133
train/loss/object/bbox/task0,8022,0.1517164260149002
train/loss/object/bbox/task0,8072,0.14659935235977173
train/loss/object/bbox/task0,8122,0.14904899895191193
train/loss/object/bbox/task0,8172,0.14645367860794067
train/loss/object/bbox/task0,8222,0.14802631735801697
train/loss/object/bbox/task0,8272,0.14785605669021606
train/loss/object/bbox/task0,8366,0.14801627397537231
train/loss/object/bbox/task0,8416,0.14715728163719177
train/loss/object/bbox/task0,8466,0.14769679307937622
train/loss/object/bbox/task0,8516,0.1486835777759552
train/loss/object/bbox/task0,8566,0.1482391357421875
train/loss/object/bbox/task0,8616,0.1490934193134308
train/loss/object/bbox/task0,8666,0.1486562043428421
train/loss/object/bbox/task0,8716,0.1454029232263565
train/loss/object/bbox/task0,8766,0.14627450704574585
train/loss/object/bbox/task0,8816,0.14679521322250366
train/loss/object/bbox/task0,8866,0.14681489765644073
train/loss/object/bbox/task0,8960,0.14720170199871063
train/loss/object/bbox/task0,9010,0.14571510255336761
train/loss/object/bbox/task0,9060,0.1498923897743225
train/loss/object/bbox/task0,9110,0.14753730595111847
train/loss/object/bbox/task0,9160,0.14573200047016144
train/loss/object/bbox/task0,9210,0.14482460916042328
train/loss/object/bbox/task0,9260,0.14252042770385742
train/loss/object/bbox/task0,9310,0.14395804703235626
train/loss/object/bbox/task0,9360,0.14473555982112885
train/loss/object/bbox/task0,9410,0.1471758484840393
train/loss/object/bbox/task0,9460,0.14495472609996796
train/loss/object/bbox/task0,9554,0.14490348100662231
train/loss/object/bbox/task0,9604,0.1448758840560913
train/loss/object/bbox/task0,9654,0.14628826081752777
train/loss/object/bbox/task0,9704,0.14395056664943695
train/loss/object/bbox/task0,9754,0.14653128385543823
train/loss/object/bbox/task0,9804,0.14477421343326569
train/loss/object/bbox/task0,9854,0.14612266421318054
train/loss/object/bbox/task0,9904,0.14425334334373474
train/loss/object/bbox/task0,9954,0.14489023387432098
train/loss/object/bbox/task0,10004,0.1458033323287964
train/loss/object/bbox/task0,10054,0.14608028531074524
train/loss/object/bbox/task0,10148,0.14448413252830505
train/loss/object/bbox/task0,10198,0.14676685631275177
train/loss/object/bbox/task0,10248,0.1463763415813446
train/loss/object/bbox/task0,10298,0.14439813792705536
train/loss/object/bbox/task0,10348,0.14526315033435822
train/loss/object/bbox/task0,10398,0.14348387718200684
train/loss/object/bbox/task0,10448,0.14462430775165558
train/loss/object/bbox/task0,10498,0.14240455627441406
train/loss/object/bbox/task0,10548,0.14437855780124664
train/loss/object/bbox/task0,10598,0.14612683653831482
train/loss/object/bbox/task0,10648,0.14336054027080536
train/loss/object/bbox/task0,10742,0.14387910068035126
train/loss/object/bbox/task0,10792,0.14396464824676514
train/loss/object/bbox/task0,10842,0.1428418606519699
train/loss/object/bbox/task0,10892,0.1439126431941986
train/loss/object/bbox/task0,10942,0.1460229456424713
train/loss/object/bbox/task0,10992,0.14372387528419495
train/loss/object/bbox/task0,11042,0.1416330188512802
train/loss/object/bbox/task0,11092,0.14287889003753662
train/loss/object/bbox/task0,11142,0.14181235432624817
train/loss/object/bbox/task0,11192,0.14341671764850616
train/loss/object/bbox/task0,11242,0.14213407039642334
train/loss/object/bbox/task0,11336,0.14254577457904816
train/loss/object/bbox/task0,11386,0.14134520292282104
train/loss/object/bbox/task0,11436,0.14338050782680511
train/loss/object/bbox/task0,11486,0.1417570412158966
train/loss/object/bbox/task0,11536,0.14348182082176208
train/loss/object/bbox/task0,11586,0.14178729057312012
train/loss/object/bbox/task0,11636,0.1412258893251419
train/loss/object/bbox/task0,11686,0.14334137737751007
train/loss/object/bbox/task0,11736,0.14190097153186798
train/loss/object/bbox/task0,11786,0.14364583790302277
train/loss/object/bbox/task0,11836,0.1422552466392517
train/loss/object/bbox/task0,11930,0.1400814801454544
train/loss/object/bbox/task0,11980,0.14266115427017212
train/loss/object/bbox/task0,12030,0.14374852180480957
train/loss/object/bbox/task0,12080,0.14342519640922546
train/loss/object/bbox/task0,12130,0.1433066874742508
train/loss/object/bbox/task0,12180,0.1420792192220688
train/loss/object/bbox/task0,12230,0.14185908436775208
train/loss/object/bbox/task0,12280,0.14082235097885132
train/loss/object/bbox/task0,12330,0.14182916283607483
train/loss/object/bbox/task0,12380,0.14057785272598267
train/loss/object/bbox/task0,12430,0.14012892544269562
train/loss/object/bbox/task0,12524,0.1404290795326233
train/loss/object/bbox/task0,12574,0.13998238742351532
train/loss/object/bbox/task0,12624,0.1426456719636917
train/loss/object/bbox/task0,12674,0.1422843635082245
train/loss/object/bbox/task0,12724,0.1400182545185089
train/loss/object/bbox/task0,12774,0.1407480686903
train/loss/object/bbox/task0,12824,0.14135466516017914
train/loss/object/bbox/task0,12874,0.13883644342422485
train/loss/object/bbox/task0,12924,0.14086750149726868
train/loss/object/bbox/task0,12974,0.1398334950208664
train/loss/object/bbox/task0,13024,0.14067333936691284
train/loss/object/bbox/task0,13118,0.14111700654029846
train/loss/object/bbox/task0,13168,0.14167316257953644
train/loss/object/bbox/task0,13218,0.14152204990386963
train/loss/object/bbox/task0,13268,0.1396164894104004
train/loss/object/bbox/task0,13318,0.14086225628852844
train/loss/object/bbox/task0,13368,0.13881002366542816
train/loss/object/bbox/task0,13418,0.1388181746006012
train/loss/object/bbox/task0,13468,0.14142726361751556
train/loss/object/bbox/task0,13518,0.13919755816459656
train/loss/object/bbox/task0,13568,0.13885290920734406
train/loss/object/bbox/task0,13618,0.1401156187057495
train/loss/object/bbox/task0,13712,0.14017534255981445
train/loss/object/bbox/task0,13762,0.14098770916461945
train/loss/object/bbox/task0,13812,0.14066442847251892
train/loss/object/bbox/task0,13862,0.13808445632457733
train/loss/object/bbox/task0,13912,0.14072802662849426
train/loss/object/bbox/task0,13962,0.13912580907344818
train/loss/object/bbox/task0,14012,0.13787835836410522
train/loss/object/bbox/task0,14062,0.13737858831882477
train/loss/object/bbox/task0,14112,0.13888390362262726
train/loss/object/bbox/task0,14162,0.14071664214134216
train/loss/object/bbox/task0,14212,0.13911303877830505
train/loss/object/bbox/task0,14306,0.1402921974658966
train/loss/object/bbox/task0,14356,0.13969485461711884
train/loss/object/bbox/task0,14406,0.1353495717048645
train/loss/object/bbox/task0,14456,0.13898290693759918
train/loss/object/bbox/task0,14506,0.13704684376716614
train/loss/object/bbox/task0,14556,0.13728491961956024
train/loss/object/bbox/task0,14606,0.1384229212999344
train/loss/object/bbox/task0,14656,0.1355714499950409
train/loss/object/bbox/task0,14706,0.1363394409418106
train/loss/object/bbox/task0,14756,0.13602907955646515
train/loss/object/bbox/task0,14806,0.13746504485607147
train/loss/object/bbox/task0,14900,0.1375345140695572
train/loss/object/bbox/task0,14950,0.13550406694412231
train/loss/object/bbox/task0,15000,0.13612352311611176
train/loss/object/bbox/task0,15050,0.13512487709522247
train/loss/object/bbox/task0,15100,0.13620354235172272
train/loss/object/bbox/task0,15150,0.13730667531490326
train/loss/object/bbox/task0,15200,0.13507136702537537
train/loss/object/bbox/task0,15250,0.13574036955833435
train/loss/object/bbox/task0,15300,0.13604366779327393
train/loss/object/bbox/task0,15350,0.13304774463176727
train/loss/object/bbox/task0,15400,0.1347300112247467
train/loss/object/bbox/task0,15494,0.13635027408599854
train/loss/object/bbox/task0,15544,0.13493052124977112
train/loss/object/bbox/task0,15594,0.13487540185451508
train/loss/object/bbox/task0,15644,0.13420461118221283
train/loss/object/bbox/task0,15694,0.1347527801990509
train/loss/object/bbox/task0,15744,0.13522882759571075
train/loss/object/bbox/task0,15794,0.13660019636154175
train/loss/object/bbox/task0,15844,0.13421796262264252
train/loss/object/bbox/task0,15894,0.1340462863445282
train/loss/object/bbox/task0,15944,0.1358424425125122
train/loss/object/bbox/task0,15994,0.1347196400165558
train/loss/object/bbox/task0,16088,0.13698849081993103
train/loss/object/bbox/task0,16138,0.1330661177635193
train/loss/object/bbox/task0,16188,0.13467387855052948
train/loss/object/bbox/task0,16238,0.1338484138250351
train/loss/object/bbox/task0,16288,0.13500036299228668
train/loss/object/bbox/task0,16338,0.13368095457553864
train/loss/object/bbox/task0,16388,0.13444823026657104
train/loss/object/bbox/task0,16438,0.134126216173172
train/loss/object/bbox/task0,16488,0.13371403515338898
train/loss/object/bbox/task0,16538,0.13531886041164398
train/loss/object/bbox/task0,16588,0.1333744376897812
train/loss/object/bbox/task0,16682,0.13591866195201874
train/loss/object/bbox/task0,16732,0.1335737705230713
train/loss/object/bbox/task0,16782,0.13323885202407837
train/loss/object/bbox/task0,16832,0.13332241773605347
train/loss/object/bbox/task0,16882,0.13300636410713196
train/loss/object/bbox/task0,16932,0.13293278217315674
train/loss/object/bbox/task0,16982,0.13253748416900635
train/loss/object/bbox/task0,17032,0.13352297246456146
train/loss/object/bbox/task0,17082,0.13237987458705902
train/loss/object/bbox/task0,17132,0.13403986394405365
train/loss/object/bbox/task0,17182,0.13199962675571442
train/loss/object/bbox/task0,17276,0.13116706907749176
train/loss/object/bbox/task0,17326,0.13321620225906372
train/loss/object/bbox/task0,17376,0.1312861293554306
train/loss/object/bbox/task0,17426,0.13253599405288696
train/loss/object/bbox/task0,17476,0.13225290179252625
train/loss/object/bbox/task0,17526,0.13228186964988708
train/loss/object/bbox/task0,17576,0.1346314549446106
train/loss/object/bbox/task0,17626,0.13468950986862183
train/loss/object/bbox/task0,17676,0.13123776018619537
train/loss/object/bbox/task0,17726,0.13229548931121826
train/loss/object/bbox/task0,17776,0.13393265008926392
train/loss/object/bbox/task0,17870,0.13162903487682343
train/loss/object/bbox/task0,17920,0.1302308589220047
train/loss/object/bbox/task0,17970,0.13222557306289673
train/loss/object/bbox/task0,18020,0.1339123249053955
train/loss/object/bbox/task0,18070,0.1321907639503479
train/loss/object/bbox/task0,18120,0.131809264421463
train/loss/object/bbox/task0,18170,0.13445651531219482
train/loss/object/bbox/task0,18220,0.13215580582618713
train/loss/object/bbox/task0,18270,0.13170571625232697
train/loss/object/bbox/task0,18320,0.1297764778137207
train/loss/object/bbox/task0,18370,0.13313177227973938
train/loss/object/bbox/task0,18464,0.13135184347629547
train/loss/object/bbox/task0,18514,0.1316254884004593
train/loss/object/bbox/task0,18564,0.1294737458229065
train/loss/object/bbox/task0,18614,0.12898685038089752
train/loss/object/bbox/task0,18664,0.1343698501586914
train/loss/object/bbox/task0,18714,0.13182155787944794
train/loss/object/bbox/task0,18764,0.13355284929275513
train/loss/object/bbox/task0,18814,0.13195282220840454
train/loss/object/bbox/task0,18864,0.13149087131023407
train/loss/object/bbox/task0,18914,0.12935619056224823
train/loss/object/bbox/task0,18964,0.13135667145252228
train/loss/object/bbox/task0,19058,0.13244223594665527
train/loss/object/bbox/task0,19108,0.13146020472049713
train/loss/object/bbox/task0,19158,0.1300821751356125
train/loss/object/bbox/task0,19208,0.13011303544044495
train/loss/object/bbox/task0,19258,0.13298559188842773
train/loss/object/bbox/task0,19308,0.13045953214168549
train/loss/object/bbox/task0,19358,0.1315707415342331
train/loss/object/bbox/task0,19408,0.1297055184841156
train/loss/object/bbox/task0,19458,0.13140645623207092
train/loss/object/bbox/task0,19508,0.12989255785942078
train/loss/object/bbox/task0,19558,0.12961848080158234
train/loss/object/bbox/task0,19652,0.13040302693843842
train/loss/object/bbox/task0,19702,0.12884670495986938
train/loss/object/bbox/task0,19752,0.1295427829027176
train/loss/object/bbox/task0,19802,0.1312035769224167
train/loss/object/bbox/task0,19852,0.13147908449172974
train/loss/object/bbox/task0,19902,0.130100280046463
train/loss/object/bbox/task0,19952,0.1313471496105194
train/loss/object/bbox/task0,20002,0.13087841868400574
train/loss/object/bbox/task0,20052,0.12983489036560059
train/loss/object/bbox/task0,20102,0.13004793226718903
train/loss/object/bbox/task0,20152,0.13059057295322418
train/loss/object/bbox/task0,20246,0.13051265478134155
train/loss/object/bbox/task0,20296,0.13013234734535217
train/loss/object/bbox/task0,20346,0.12969043850898743
train/loss/object/bbox/task0,20396,0.1299898475408554
train/loss/object/bbox/task0,20446,0.13124117255210876
train/loss/object/bbox/task0,20496,0.12919914722442627
train/loss/object/bbox/task0,20546,0.128794863820076
train/loss/object/bbox/task0,20596,0.12908115983009338
train/loss/object/bbox/task0,20646,0.12948021292686462
train/loss/object/bbox/task0,20696,0.1305077224969864
train/loss/object/bbox/task0,20746,0.12852564454078674
train/loss/object/bbox/task0,20840,0.1292385309934616
train/loss/object/bbox/task0,20890,0.128164604306221
train/loss/object/bbox/task0,20940,0.12764368951320648
train/loss/object/bbox/task0,20990,0.13014481961727142
train/loss/object/bbox/task0,21040,0.12895625829696655
train/loss/object/bbox/task0,21090,0.1290285587310791
train/loss/object/bbox/task0,21140,0.1290520280599594
train/loss/object/bbox/task0,21190,0.12858453392982483
train/loss/object/bbox/task0,21240,0.1312274932861328
train/loss/object/bbox/task0,21290,0.12874875962734222
train/loss/object/bbox/task0,21340,0.1309625655412674
train/loss/object/bbox/task0,21434,0.12818990647792816
train/loss/object/bbox/task0,21484,0.1296456754207611
train/loss/object/bbox/task0,21534,0.12814922630786896
train/loss/object/bbox/task0,21584,0.12876272201538086
train/loss/object/bbox/task0,21634,0.12926192581653595
train/loss/object/bbox/task0,21684,0.13042597472667694
train/loss/object/bbox/task0,21734,0.12878559529781342
train/loss/object/bbox/task0,21784,0.1294548064470291
train/loss/object/bbox/task0,21834,0.12697266042232513
train/loss/object/bbox/task0,21884,0.12795229256153107
train/loss/object/bbox/task0,21934,0.12580204010009766
train/loss/object/bbox/task0,22028,0.1293332576751709
train/loss/object/bbox/task0,22078,0.1269151121377945
train/loss/object/bbox/task0,22128,0.12675365805625916
train/loss/object/bbox/task0,22178,0.13139934837818146
train/loss/object/bbox/task0,22228,0.12751854956150055
train/loss/object/bbox/task0,22278,0.12883493304252625
train/loss/object/bbox/task0,22328,0.12796133756637573
train/loss/object/bbox/task0,22378,0.12756089866161346
train/loss/object/bbox/task0,22428,0.12854668498039246
train/loss/object/bbox/task0,22478,0.1286325603723526
train/loss/object/bbox/task0,22528,0.12761981785297394
train/loss/object/bbox/task0,22622,0.12752261757850647
train/loss/object/bbox/task0,22672,0.12765634059906006
train/loss/object/bbox/task0,22722,0.12614306807518005
train/loss/object/bbox/task0,22772,0.12870697677135468
train/loss/object/bbox/task0,22822,0.1281457543373108
train/loss/object/bbox/task0,22872,0.1273176223039627
train/loss/object/bbox/task0,22922,0.12657885253429413
train/loss/object/bbox/task0,22972,0.1270018368959427
train/loss/object/bbox/task0,23022,0.1261720508337021
train/loss/object/bbox/task0,23072,0.12751716375350952
train/loss/object/bbox/task0,23122,0.1288958638906479
train/loss/object/bbox/task0,23216,0.1283457726240158
train/loss/object/bbox/task0,23266,0.12726826965808868
train/loss/object/bbox/task0,23316,0.12728582322597504
train/loss/object/bbox/task0,23366,0.1274176836013794
train/loss/object/bbox/task0,23416,0.12858469784259796
train/loss/object/bbox/task0,23466,0.12694051861763
train/loss/object/bbox/task0,23516,0.1266011744737625
train/loss/object/bbox/task0,23566,0.12875916063785553
train/loss/object/bbox/task0,23616,0.12811170518398285
train/loss/object/bbox/task0,23666,0.1259935200214386
train/loss/object/bbox/task0,23716,0.12460357695817947
train/loss/object/bbox/task0,23810,0.1263711154460907
train/loss/object/bbox/task0,23860,0.12699784338474274
train/loss/object/bbox/task0,23910,0.12749391794204712
train/loss/object/bbox/task0,23960,0.1264079213142395
train/loss/object/bbox/task0,24010,0.12629741430282593
train/loss/object/bbox/task0,24060,0.1274838000535965
train/loss/object/bbox/task0,24110,0.12847912311553955
train/loss/object/bbox/task0,24160,0.12705454230308533
train/loss/object/bbox/task0,24210,0.1269540935754776
train/loss/object/bbox/task0,24260,0.12609708309173584
train/loss/object/bbox/task0,24310,0.12775138020515442
train/loss/object/bbox/task0,24404,0.12597550451755524
train/loss/object/bbox/task0,24454,0.12839609384536743
train/loss/object/bbox/task0,24504,0.1271863579750061
train/loss/object/bbox/task0,24554,0.12576837837696075
train/loss/object/bbox/task0,24604,0.12595224380493164
train/loss/object/bbox/task0,24654,0.12352490425109863
train/loss/object/bbox/task0,24704,0.1278027594089508
train/loss/object/bbox/task0,24754,0.1271185576915741
train/loss/object/bbox/task0,24804,0.127781942486763
train/loss/object/bbox/task0,24854,0.12730905413627625
train/loss/object/bbox/task0,24904,0.12731122970581055
train/loss/object/bbox/task0,24998,0.1275201141834259
train/loss/object/bbox/task0,25048,0.12776532769203186
train/loss/object/bbox/task0,25098,0.1264352947473526
train/loss/object/bbox/task0,25148,0.12665459513664246
train/loss/object/bbox/task0,25198,0.12569376826286316
train/loss/object/bbox/task0,25248,0.1262056976556778
train/loss/object/bbox/task0,25298,0.12514172494411469
train/loss/object/bbox/task0,25348,0.12739141285419464
train/loss/object/bbox/task0,25398,0.12529681622982025
train/loss/object/bbox/task0,25448,0.12707087397575378
train/loss/object/bbox/task0,25498,0.12784463167190552
train/loss/object/bbox/task0,25592,0.1259433776140213
train/loss/object/bbox/task0,25642,0.12506061792373657
train/loss/object/bbox/task0,25692,0.12564419209957123
train/loss/object/bbox/task0,25742,0.12801246345043182
train/loss/object/bbox/task0,25792,0.1262119710445404
train/loss/object/bbox/task0,25842,0.1263720840215683
train/loss/object/bbox/task0,25892,0.12708766758441925
train/loss/object/bbox/task0,25942,0.1260204166173935
train/loss/object/bbox/task0,25992,0.12567031383514404
train/loss/object/bbox/task0,26042,0.125895693898201
train/loss/object/bbox/task0,26092,0.12796328961849213
train/loss/object/bbox/task0,26186,0.12542496621608734
train/loss/object/bbox/task0,26236,0.1263979971408844
train/loss/object/bbox/task0,26286,0.1281186044216156
train/loss/object/bbox/task0,26336,0.1280549317598343
train/loss/object/bbox/task0,26386,0.12680956721305847
train/loss/object/bbox/task0,26436,0.12679417431354523
train/loss/object/bbox/task0,26486,0.1275903433561325
train/loss/object/bbox/task0,26536,0.1253012716770172
train/loss/object/bbox/task0,26586,0.12407965958118439
train/loss/object/bbox/task0,26636,0.12416733801364899
train/loss/object/bbox/task0,26686,0.12638628482818604
train/loss/object/bbox/task0,26780,0.1267906129360199
train/loss/object/bbox/task0,26830,0.12517549097537994
train/loss/object/bbox/task0,26880,0.12481267750263214
train/loss/object/bbox/task0,26930,0.12894833087921143
train/loss/object/bbox/task0,26980,0.12629011273384094
train/loss/object/bbox/task0,27030,0.12627485394477844
train/loss/object/bbox/task0,27080,0.12445952743291855
train/loss/object/bbox/task0,27130,0.12627820670604706
train/loss/object/bbox/task0,27180,0.12658056616783142
train/loss/object/bbox/task0,27230,0.1267414540052414
train/loss/object/bbox/task0,27280,0.12512177228927612
train/loss/object/bbox/task0,27374,0.12621243298053741
train/loss/object/bbox/task0,27424,0.12512700259685516
train/loss/object/bbox/task0,27474,0.12570001184940338
train/loss/object/bbox/task0,27524,0.12588956952095032
train/loss/object/bbox/task0,27574,0.123562753200531
train/loss/object/bbox/task0,27624,0.12639638781547546
train/loss/object/bbox/task0,27674,0.12867851555347443
train/loss/object/bbox/task0,27724,0.12554055452346802
train/loss/object/bbox/task0,27774,0.1271534413099289
train/loss/object/bbox/task0,27824,0.12502655386924744
train/loss/object/bbox/task0,27874,0.12706290185451508
train/loss/object/bbox/task0,27968,0.12509560585021973
train/loss/object/bbox/task0,28018,0.1264442354440689
train/loss/object/bbox/task0,28068,0.1272837072610855
train/loss/object/bbox/task0,28118,0.124150849878788
train/loss/object/bbox/task0,28168,0.1260920763015747
train/loss/object/bbox/task0,28218,0.12702998518943787
train/loss/object/bbox/task0,28268,0.12783405184745789
train/loss/object/bbox/task0,28318,0.12580399215221405
train/loss/object/bbox/task0,28368,0.12624186277389526
train/loss/object/bbox/task0,28418,0.12401888519525528
train/loss/object/bbox/task0,28468,0.12655074894428253
train/loss/object/heatmap/task1,50,4.22645378112793
train/loss/object/heatmap/task1,100,3.1257429122924805
train/loss/object/heatmap/task1,150,2.588911294937134
train/loss/object/heatmap/task1,200,2.196838617324829
train/loss/object/heatmap/task1,250,2.1364917755126953
train/loss/object/heatmap/task1,300,2.1877455711364746
train/loss/object/heatmap/task1,350,1.8953124284744263
train/loss/object/heatmap/task1,400,2.043447732925415
train/loss/object/heatmap/task1,450,2.122433662414551
train/loss/object/heatmap/task1,500,1.8399025201797485
train/loss/object/heatmap/task1,550,1.898931622505188
train/loss/object/heatmap/task1,644,1.9891867637634277
train/loss/object/heatmap/task1,694,2.0316898822784424
train/loss/object/heatmap/task1,744,2.028218984603882
train/loss/object/heatmap/task1,794,1.8416353464126587
train/loss/object/heatmap/task1,844,1.8361101150512695
train/loss/object/heatmap/task1,894,2.0438222885131836
train/loss/object/heatmap/task1,944,1.855468988418579
train/loss/object/heatmap/task1,994,1.9892841577529907
train/loss/object/heatmap/task1,1044,1.9008214473724365
train/loss/object/heatmap/task1,1094,1.7735886573791504
train/loss/object/heatmap/task1,1144,1.8202605247497559
train/loss/object/heatmap/task1,1238,1.8783992528915405
train/loss/object/heatmap/task1,1288,1.9904639720916748
train/loss/object/heatmap/task1,1338,2.030808925628662
train/loss/object/heatmap/task1,1388,1.8124430179595947
train/loss/object/heatmap/task1,1438,1.8940658569335938
train/loss/object/heatmap/task1,1488,1.9716821908950806
train/loss/object/heatmap/task1,1538,1.7705038785934448
train/loss/object/heatmap/task1,1588,1.9295504093170166
train/loss/object/heatmap/task1,1638,1.8301081657409668
train/loss/object/heatmap/task1,1688,1.719917893409729
train/loss/object/heatmap/task1,1738,1.7873213291168213
train/loss/object/heatmap/task1,1832,1.8716061115264893
train/loss/object/heatmap/task1,1882,1.9671310186386108
train/loss/object/heatmap/task1,1932,1.9354088306427002
train/loss/object/heatmap/task1,1982,1.6999588012695312
train/loss/object/heatmap/task1,2032,1.7627726793289185
train/loss/object/heatmap/task1,2082,1.9099763631820679
train/loss/object/heatmap/task1,2132,1.685567021369934
train/loss/object/heatmap/task1,2182,1.9160966873168945
train/loss/object/heatmap/task1,2232,1.850755214691162
train/loss/object/heatmap/task1,2282,1.602410078048706
train/loss/object/heatmap/task1,2332,1.697730302810669
train/loss/object/heatmap/task1,2426,1.7634491920471191
train/loss/object/heatmap/task1,2476,1.8692424297332764
train/loss/object/heatmap/task1,2526,1.9346928596496582
train/loss/object/heatmap/task1,2576,1.6725565195083618
train/loss/object/heatmap/task1,2626,1.7517669200897217
train/loss/object/heatmap/task1,2676,1.9015626907348633
train/loss/object/heatmap/task1,2726,1.6702345609664917
train/loss/object/heatmap/task1,2776,1.863991618156433
train/loss/object/heatmap/task1,2826,1.7578752040863037
train/loss/object/heatmap/task1,2876,1.5967695713043213
train/loss/object/heatmap/task1,2926,1.6906088590621948
train/loss/object/heatmap/task1,3020,1.6996561288833618
train/loss/object/heatmap/task1,3070,1.8490197658538818
train/loss/object/heatmap/task1,3120,1.920684576034546
train/loss/object/heatmap/task1,3170,1.6482369899749756
train/loss/object/heatmap/task1,3220,1.761368989944458
train/loss/object/heatmap/task1,3270,1.8699793815612793
train/loss/object/heatmap/task1,3320,1.6688358783721924
train/loss/object/heatmap/task1,3370,1.8832603693008423
train/loss/object/heatmap/task1,3420,1.733034610748291
train/loss/object/heatmap/task1,3470,1.55122709274292
train/loss/object/heatmap/task1,3520,1.6468173265457153
train/loss/object/heatmap/task1,3614,1.705180048942566
train/loss/object/heatmap/task1,3664,1.8096541166305542
train/loss/object/heatmap/task1,3714,1.8308404684066772
train/loss/object/heatmap/task1,3764,1.6123206615447998
train/loss/object/heatmap/task1,3814,1.6857020854949951
train/loss/object/heatmap/task1,3864,1.8062769174575806
train/loss/object/heatmap/task1,3914,1.5847359895706177
train/loss/object/heatmap/task1,3964,1.844663381576538
train/loss/object/heatmap/task1,4014,1.6762839555740356
train/loss/object/heatmap/task1,4064,1.5719282627105713
train/loss/object/heatmap/task1,4114,1.630760669708252
train/loss/object/heatmap/task1,4208,1.67764151096344
train/loss/object/heatmap/task1,4258,1.7626092433929443
train/loss/object/heatmap/task1,4308,1.813206672668457
train/loss/object/heatmap/task1,4358,1.5967539548873901
train/loss/object/heatmap/task1,4408,1.6886637210845947
train/loss/object/heatmap/task1,4458,1.7967373132705688
train/loss/object/heatmap/task1,4508,1.566796898841858
train/loss/object/heatmap/task1,4558,1.6244059801101685
train/loss/object/heatmap/task1,4608,1.600209355354309
train/loss/object/heatmap/task1,4658,1.505152940750122
train/loss/object/heatmap/task1,4708,1.5622435808181763
train/loss/object/heatmap/task1,4802,1.5027728080749512
train/loss/object/heatmap/task1,4852,1.693601131439209
train/loss/object/heatmap/task1,4902,1.6276984214782715
train/loss/object/heatmap/task1,4952,1.5579224824905396
train/loss/object/heatmap/task1,5002,1.5230590105056763
train/loss/object/heatmap/task1,5052,1.5483897924423218
train/loss/object/heatmap/task1,5102,1.5243250131607056
train/loss/object/heatmap/task1,5152,1.4727529287338257
train/loss/object/heatmap/task1,5202,1.5764414072036743
train/loss/object/heatmap/task1,5252,1.4954662322998047
train/loss/object/heatmap/task1,5302,1.498512625694275
train/loss/object/heatmap/task1,5396,1.4892175197601318
train/loss/object/heatmap/task1,5446,1.6580584049224854
train/loss/object/heatmap/task1,5496,1.618781566619873
train/loss/object/heatmap/task1,5546,1.5152791738510132
train/loss/object/heatmap/task1,5596,1.517853021621704
train/loss/object/heatmap/task1,5646,1.566773772239685
train/loss/object/heatmap/task1,5696,1.4338648319244385
train/loss/object/heatmap/task1,5746,1.4177029132843018
train/loss/object/heatmap/task1,5796,1.5824041366577148
train/loss/object/heatmap/task1,5846,1.4307544231414795
train/loss/object/heatmap/task1,5896,1.5331718921661377
train/loss/object/heatmap/task1,5990,1.4264887571334839
train/loss/object/heatmap/task1,6040,1.608572244644165
train/loss/object/heatmap/task1,6090,1.5553748607635498
train/loss/object/heatmap/task1,6140,1.4772028923034668
train/loss/object/heatmap/task1,6190,1.4473611116409302
train/loss/object/heatmap/task1,6240,1.5052238702774048
train/loss/object/heatmap/task1,6290,1.4680335521697998
train/loss/object/heatmap/task1,6340,1.4403250217437744
train/loss/object/heatmap/task1,6390,1.5443195104599
train/loss/object/heatmap/task1,6440,1.4441646337509155
train/loss/object/heatmap/task1,6490,1.477364420890808
train/loss/object/heatmap/task1,6584,1.4143620729446411
train/loss/object/heatmap/task1,6634,1.565592646598816
train/loss/object/heatmap/task1,6684,1.5856709480285645
train/loss/object/heatmap/task1,6734,1.485379934310913
train/loss/object/heatmap/task1,6784,1.4320131540298462
train/loss/object/heatmap/task1,6834,1.5158240795135498
train/loss/object/heatmap/task1,6884,1.4509621858596802
train/loss/object/heatmap/task1,6934,1.4267332553863525
train/loss/object/heatmap/task1,6984,1.5072325468063354
train/loss/object/heatmap/task1,7034,1.3732140064239502
train/loss/object/heatmap/task1,7084,1.4793336391448975
train/loss/object/heatmap/task1,7178,1.4320306777954102
train/loss/object/heatmap/task1,7228,1.5751986503601074
train/loss/object/heatmap/task1,7278,1.5103486776351929
train/loss/object/heatmap/task1,7328,1.4489754438400269
train/loss/object/heatmap/task1,7378,1.4440556764602661
train/loss/object/heatmap/task1,7428,1.434670329093933
train/loss/object/heatmap/task1,7478,1.437403678894043
train/loss/object/heatmap/task1,7528,1.448360562324524
train/loss/object/heatmap/task1,7578,1.5020525455474854
train/loss/object/heatmap/task1,7628,1.3777155876159668
train/loss/object/heatmap/task1,7678,1.4536598920822144
train/loss/object/heatmap/task1,7772,1.3999861478805542
train/loss/object/heatmap/task1,7822,1.5543789863586426
train/loss/object/heatmap/task1,7872,1.4937827587127686
train/loss/object/heatmap/task1,7922,1.4470241069793701
train/loss/object/heatmap/task1,7972,1.4161933660507202
train/loss/object/heatmap/task1,8022,1.4051356315612793
train/loss/object/heatmap/task1,8072,1.3964864015579224
train/loss/object/heatmap/task1,8122,1.4315412044525146
train/loss/object/heatmap/task1,8172,1.4489306211471558
train/loss/object/heatmap/task1,8222,1.3759942054748535
train/loss/object/heatmap/task1,8272,1.4396034479141235
train/loss/object/heatmap/task1,8366,1.367950677871704
train/loss/object/heatmap/task1,8416,1.4818313121795654
train/loss/object/heatmap/task1,8466,1.4949288368225098
train/loss/object/heatmap/task1,8516,1.4137860536575317
train/loss/object/heatmap/task1,8566,1.4173483848571777
train/loss/object/heatmap/task1,8616,1.4288389682769775
train/loss/object/heatmap/task1,8666,1.3878440856933594
train/loss/object/heatmap/task1,8716,1.3883992433547974
train/loss/object/heatmap/task1,8766,1.4551643133163452
train/loss/object/heatmap/task1,8816,1.3564869165420532
train/loss/object/heatmap/task1,8866,1.4424898624420166
train/loss/object/heatmap/task1,8960,1.3770098686218262
train/loss/object/heatmap/task1,9010,1.4879213571548462
train/loss/object/heatmap/task1,9060,1.475237250328064
train/loss/object/heatmap/task1,9110,1.4624818563461304
train/loss/object/heatmap/task1,9160,1.3737552165985107
train/loss/object/heatmap/task1,9210,1.3552075624465942
train/loss/object/heatmap/task1,9260,1.358985185623169
train/loss/object/heatmap/task1,9310,1.3687090873718262
train/loss/object/heatmap/task1,9360,1.4520055055618286
train/loss/object/heatmap/task1,9410,1.388035535812378
train/loss/object/heatmap/task1,9460,1.4380812644958496
train/loss/object/heatmap/task1,9554,1.3929476737976074
train/loss/object/heatmap/task1,9604,1.5024982690811157
train/loss/object/heatmap/task1,9654,1.4255092144012451
train/loss/object/heatmap/task1,9704,1.4006866216659546
train/loss/object/heatmap/task1,9754,1.3673720359802246
train/loss/object/heatmap/task1,9804,1.376461386680603
train/loss/object/heatmap/task1,9854,1.3477816581726074
train/loss/object/heatmap/task1,9904,1.3687916994094849
train/loss/object/heatmap/task1,9954,1.4292887449264526
train/loss/object/heatmap/task1,10004,1.3423867225646973
train/loss/object/heatmap/task1,10054,1.392096757888794
train/loss/object/heatmap/task1,10148,1.3477882146835327
train/loss/object/heatmap/task1,10198,1.4715015888214111
train/loss/object/heatmap/task1,10248,1.415785312652588
train/loss/object/heatmap/task1,10298,1.3763391971588135
train/loss/object/heatmap/task1,10348,1.3560487031936646
train/loss/object/heatmap/task1,10398,1.3221828937530518
train/loss/object/heatmap/task1,10448,1.3560566902160645
train/loss/object/heatmap/task1,10498,1.3736802339553833
train/loss/object/heatmap/task1,10548,1.4572759866714478
train/loss/object/heatmap/task1,10598,1.3263462781906128
train/loss/object/heatmap/task1,10648,1.4044713973999023
train/loss/object/heatmap/task1,10742,1.3464734554290771
train/loss/object/heatmap/task1,10792,1.4351743459701538
train/loss/object/heatmap/task1,10842,1.40553879737854
train/loss/object/heatmap/task1,10892,1.3311214447021484
train/loss/object/heatmap/task1,10942,1.3314858675003052
train/loss/object/heatmap/task1,10992,1.3412978649139404
train/loss/object/heatmap/task1,11042,1.3200628757476807
train/loss/object/heatmap/task1,11092,1.332892656326294
train/loss/object/heatmap/task1,11142,1.4291784763336182
train/loss/object/heatmap/task1,11192,1.3505762815475464
train/loss/object/heatmap/task1,11242,1.3780362606048584
train/loss/object/heatmap/task1,11336,1.3426237106323242
train/loss/object/heatmap/task1,11386,1.441174030303955
train/loss/object/heatmap/task1,11436,1.3919317722320557
train/loss/object/heatmap/task1,11486,1.3656729459762573
train/loss/object/heatmap/task1,11536,1.3575092554092407
train/loss/object/heatmap/task1,11586,1.318227767944336
train/loss/object/heatmap/task1,11636,1.3303675651550293
train/loss/object/heatmap/task1,11686,1.3385567665100098
train/loss/object/heatmap/task1,11736,1.421045184135437
train/loss/object/heatmap/task1,11786,1.3104063272476196
train/loss/object/heatmap/task1,11836,1.3521603345870972
train/loss/object/heatmap/task1,11930,1.3450287580490112
train/loss/object/heatmap/task1,11980,1.42060387134552
train/loss/object/heatmap/task1,12030,1.3880391120910645
train/loss/object/heatmap/task1,12080,1.332399606704712
train/loss/object/heatmap/task1,12130,1.2954397201538086
train/loss/object/heatmap/task1,12180,1.3555340766906738
train/loss/object/heatmap/task1,12230,1.2947381734848022
train/loss/object/heatmap/task1,12280,1.3328672647476196
train/loss/object/heatmap/task1,12330,1.3763800859451294
train/loss/object/heatmap/task1,12380,1.3054407835006714
train/loss/object/heatmap/task1,12430,1.3680170774459839
train/loss/object/heatmap/task1,12524,1.310579776763916
train/loss/object/heatmap/task1,12574,1.4338189363479614
train/loss/object/heatmap/task1,12624,1.3984068632125854
train/loss/object/heatmap/task1,12674,1.3561195135116577
train/loss/object/heatmap/task1,12724,1.2818856239318848
train/loss/object/heatmap/task1,12774,1.2922087907791138
train/loss/object/heatmap/task1,12824,1.3343000411987305
train/loss/object/heatmap/task1,12874,1.2813875675201416
train/loss/object/heatmap/task1,12924,1.3756945133209229
train/loss/object/heatmap/task1,12974,1.3267724514007568
train/loss/object/heatmap/task1,13024,1.3442045450210571
train/loss/object/heatmap/task1,13118,1.363176703453064
train/loss/object/heatmap/task1,13168,1.3976119756698608
train/loss/object/heatmap/task1,13218,1.3744438886642456
train/loss/object/heatmap/task1,13268,1.3144001960754395
train/loss/object/heatmap/task1,13318,1.317360520362854
train/loss/object/heatmap/task1,13368,1.2991743087768555
train/loss/object/heatmap/task1,13418,1.2636574506759644
train/loss/object/heatmap/task1,13468,1.3221373558044434
train/loss/object/heatmap/task1,13518,1.3831732273101807
train/loss/object/heatmap/task1,13568,1.281908392906189
train/loss/object/heatmap/task1,13618,1.3357301950454712
train/loss/object/heatmap/task1,13712,1.3250997066497803
train/loss/object/heatmap/task1,13762,1.3585317134857178
train/loss/object/heatmap/task1,13812,1.381579875946045
train/loss/object/heatmap/task1,13862,1.342427372932434
train/loss/object/heatmap/task1,13912,1.2805348634719849
train/loss/object/heatmap/task1,13962,1.2916996479034424
train/loss/object/heatmap/task1,14012,1.283058524131775
train/loss/object/heatmap/task1,14062,1.2837594747543335
train/loss/object/heatmap/task1,14112,1.4042235612869263
train/loss/object/heatmap/task1,14162,1.300237774848938
train/loss/object/heatmap/task1,14212,1.3467003107070923
train/loss/object/heatmap/task1,14306,0.6101639270782471
train/loss/object/heatmap/task1,14356,0.45439863204956055
train/loss/object/heatmap/task1,14406,0.38933834433555603
train/loss/object/heatmap/task1,14456,0.3435261845588684
train/loss/object/heatmap/task1,14506,0.3726089894771576
train/loss/object/heatmap/task1,14556,0.3889854848384857
train/loss/object/heatmap/task1,14606,0.3973847031593323
train/loss/object/heatmap/task1,14656,0.3778102993965149
train/loss/object/heatmap/task1,14706,0.3662337362766266
train/loss/object/heatmap/task1,14756,0.34301912784576416
train/loss/object/heatmap/task1,14806,0.3619484305381775
train/loss/object/heatmap/task1,14900,0.34872114658355713
train/loss/object/heatmap/task1,14950,0.3629179894924164
train/loss/object/heatmap/task1,15000,0.3388133645057678
train/loss/object/heatmap/task1,15050,0.32758814096450806
train/loss/object/heatmap/task1,15100,0.35138294100761414
train/loss/object/heatmap/task1,15150,0.3197813034057617
train/loss/object/heatmap/task1,15200,0.34726405143737793
train/loss/object/heatmap/task1,15250,0.3380385935306549
train/loss/object/heatmap/task1,15300,0.3495640456676483
train/loss/object/heatmap/task1,15350,0.2927767336368561
train/loss/object/heatmap/task1,15400,0.330301970243454
train/loss/object/heatmap/task1,15494,0.3118773102760315
train/loss/object/heatmap/task1,15544,0.290937215089798
train/loss/object/heatmap/task1,15594,0.34525054693222046
train/loss/object/heatmap/task1,15644,0.2864696979522705
train/loss/object/heatmap/task1,15694,0.3051708936691284
train/loss/object/heatmap/task1,15744,0.3757796883583069
train/loss/object/heatmap/task1,15794,0.2890585660934448
train/loss/object/heatmap/task1,15844,0.29271888732910156
train/loss/object/heatmap/task1,15894,0.3257393538951874
train/loss/object/heatmap/task1,15944,0.3380027711391449
train/loss/object/heatmap/task1,15994,0.30525466799736023
train/loss/object/heatmap/task1,16088,0.3608022928237915
train/loss/object/heatmap/task1,16138,0.3178870975971222
train/loss/object/heatmap/task1,16188,0.24498826265335083
train/loss/object/heatmap/task1,16238,0.2759784162044525
train/loss/object/heatmap/task1,16288,0.25796806812286377
train/loss/object/heatmap/task1,16338,0.27870240807533264
train/loss/object/heatmap/task1,16388,0.2843005955219269
train/loss/object/heatmap/task1,16438,0.2604755759239197
train/loss/object/heatmap/task1,16488,0.2808789014816284
train/loss/object/heatmap/task1,16538,0.2793121337890625
train/loss/object/heatmap/task1,16588,0.30078214406967163
train/loss/object/heatmap/task1,16682,0.30708080530166626
train/loss/object/heatmap/task1,16732,0.27701085805892944
train/loss/object/heatmap/task1,16782,0.2953910529613495
train/loss/object/heatmap/task1,16832,0.3189087510108948
train/loss/object/heatmap/task1,16882,0.2720511555671692
train/loss/object/heatmap/task1,16932,0.24594517052173615
train/loss/object/heatmap/task1,16982,0.25375887751579285
train/loss/object/heatmap/task1,17032,0.26959219574928284
train/loss/object/heatmap/task1,17082,0.25998908281326294
train/loss/object/heatmap/task1,17132,0.26985591650009155
train/loss/object/heatmap/task1,17182,0.28008604049682617
train/loss/object/heatmap/task1,17276,0.2656216323375702
train/loss/object/heatmap/task1,17326,0.2722044885158539
train/loss/object/heatmap/task1,17376,0.2804308235645294
train/loss/object/heatmap/task1,17426,0.28151050209999084
train/loss/object/heatmap/task1,17476,0.2529241144657135
train/loss/object/heatmap/task1,17526,0.30260515213012695
train/loss/object/heatmap/task1,17576,0.297237753868103
train/loss/object/heatmap/task1,17626,0.24601654708385468
train/loss/object/heatmap/task1,17676,0.26302269101142883
train/loss/object/heatmap/task1,17726,0.25375574827194214
train/loss/object/heatmap/task1,17776,0.2382243275642395
train/loss/object/heatmap/task1,17870,0.22162692248821259
train/loss/object/heatmap/task1,17920,0.24457433819770813
train/loss/object/heatmap/task1,17970,0.24849364161491394
train/loss/object/heatmap/task1,18020,0.28889498114585876
train/loss/object/heatmap/task1,18070,0.23880043625831604
train/loss/object/heatmap/task1,18120,0.240931436419487
train/loss/object/heatmap/task1,18170,0.26660606265068054
train/loss/object/heatmap/task1,18220,0.21556411683559418
train/loss/object/heatmap/task1,18270,0.25064605474472046
train/loss/object/heatmap/task1,18320,0.2466772496700287
train/loss/object/heatmap/task1,18370,0.24670636653900146
train/loss/object/heatmap/task1,18464,0.276593416929245
train/loss/object/heatmap/task1,18514,0.2287360429763794
train/loss/object/heatmap/task1,18564,0.22549644112586975
train/loss/object/heatmap/task1,18614,0.23444506525993347
train/loss/object/heatmap/task1,18664,0.26942330598831177
train/loss/object/heatmap/task1,18714,0.24330899119377136
train/loss/object/heatmap/task1,18764,0.2652672827243805
train/loss/object/heatmap/task1,18814,0.23712314665317535
train/loss/object/heatmap/task1,18864,0.2501690983772278
train/loss/object/heatmap/task1,18914,0.22100338339805603
train/loss/object/heatmap/task1,18964,0.2747329771518707
train/loss/object/heatmap/task1,19058,0.25535279512405396
train/loss/object/heatmap/task1,19108,0.26238539814949036
train/loss/object/heatmap/task1,19158,0.23249733448028564
train/loss/object/heatmap/task1,19208,0.29205065965652466
train/loss/object/heatmap/task1,19258,0.23225745558738708
train/loss/object/heatmap/task1,19308,0.24214790761470795
train/loss/object/heatmap/task1,19358,0.22035939991474152
train/loss/object/heatmap/task1,19408,0.2609928250312805
train/loss/object/heatmap/task1,19458,0.2507238984107971
train/loss/object/heatmap/task1,19508,0.2385277897119522
train/loss/object/heatmap/task1,19558,0.21610824763774872
train/loss/object/heatmap/task1,19652,0.24673005938529968
train/loss/object/heatmap/task1,19702,0.22577786445617676
train/loss/object/heatmap/task1,19752,0.22761861979961395
train/loss/object/heatmap/task1,19802,0.19939060509204865
train/loss/object/heatmap/task1,19852,0.22375835478305817
train/loss/object/heatmap/task1,19902,0.22950883209705353
train/loss/object/heatmap/task1,19952,0.18725347518920898
train/loss/object/heatmap/task1,20002,0.23436999320983887
train/loss/object/heatmap/task1,20052,0.26311036944389343
train/loss/object/heatmap/task1,20102,0.215615913271904
train/loss/object/heatmap/task1,20152,0.21952511370182037
train/loss/object/heatmap/task1,20246,0.21075230836868286
train/loss/object/heatmap/task1,20296,0.22681045532226562
train/loss/object/heatmap/task1,20346,0.2620987296104431
train/loss/object/heatmap/task1,20396,0.20199568569660187
train/loss/object/heatmap/task1,20446,0.22310055792331696
train/loss/object/heatmap/task1,20496,0.21932251751422882
train/loss/object/heatmap/task1,20546,0.22480851411819458
train/loss/object/heatmap/task1,20596,0.20978140830993652
train/loss/object/heatmap/task1,20646,0.2488333135843277
train/loss/object/heatmap/task1,20696,0.24514587223529816
train/loss/object/heatmap/task1,20746,0.19658732414245605
train/loss/object/heatmap/task1,20840,0.2052297592163086
train/loss/object/heatmap/task1,20890,0.19401465356349945
train/loss/object/heatmap/task1,20940,0.21464323997497559
train/loss/object/heatmap/task1,20990,0.21974089741706848
train/loss/object/heatmap/task1,21040,0.22332800924777985
train/loss/object/heatmap/task1,21090,0.210613414645195
train/loss/object/heatmap/task1,21140,0.2195339947938919
train/loss/object/heatmap/task1,21190,0.2023192048072815
train/loss/object/heatmap/task1,21240,0.25485774874687195
train/loss/object/heatmap/task1,21290,0.1923312246799469
train/loss/object/heatmap/task1,21340,0.21493329107761383
train/loss/object/heatmap/task1,21434,0.22842201590538025
train/loss/object/heatmap/task1,21484,0.2327844500541687
train/loss/object/heatmap/task1,21534,0.22753198444843292
train/loss/object/heatmap/task1,21584,0.1875401884317398
train/loss/object/heatmap/task1,21634,0.18991619348526
train/loss/object/heatmap/task1,21684,0.2213161587715149
train/loss/object/heatmap/task1,21734,0.19895556569099426
train/loss/object/heatmap/task1,21784,0.22731776535511017
train/loss/object/heatmap/task1,21834,0.2465243935585022
train/loss/object/heatmap/task1,21884,0.20994839072227478
train/loss/object/heatmap/task1,21934,0.20148898661136627
train/loss/object/heatmap/task1,22028,0.21383436024188995
train/loss/object/heatmap/task1,22078,0.24665609002113342
train/loss/object/heatmap/task1,22128,0.16250616312026978
train/loss/object/heatmap/task1,22178,0.20402927696704865
train/loss/object/heatmap/task1,22228,0.19870957732200623
train/loss/object/heatmap/task1,22278,0.1956920176744461
train/loss/object/heatmap/task1,22328,0.22702965140342712
train/loss/object/heatmap/task1,22378,0.22022759914398193
train/loss/object/heatmap/task1,22428,0.19182540476322174
train/loss/object/heatmap/task1,22478,0.19439256191253662
train/loss/object/heatmap/task1,22528,0.20588569343090057
train/loss/object/heatmap/task1,22622,0.2019537389278412
train/loss/object/heatmap/task1,22672,0.1818646788597107
train/loss/object/heatmap/task1,22722,0.20441968739032745
train/loss/object/heatmap/task1,22772,0.19677068293094635
train/loss/object/heatmap/task1,22822,0.22126302123069763
train/loss/object/heatmap/task1,22872,0.2373540699481964
train/loss/object/heatmap/task1,22922,0.20547249913215637
train/loss/object/heatmap/task1,22972,0.2202891707420349
train/loss/object/heatmap/task1,23022,0.20861710608005524
train/loss/object/heatmap/task1,23072,0.17757275700569153
train/loss/object/heatmap/task1,23122,0.20222796499729156
train/loss/object/heatmap/task1,23216,0.1891966313123703
train/loss/object/heatmap/task1,23266,0.18029437959194183
train/loss/object/heatmap/task1,23316,0.18097876012325287
train/loss/object/heatmap/task1,23366,0.21238648891448975
train/loss/object/heatmap/task1,23416,0.20537368953227997
train/loss/object/heatmap/task1,23466,0.1980060338973999
train/loss/object/heatmap/task1,23516,0.15423321723937988
train/loss/object/heatmap/task1,23566,0.18959403038024902
train/loss/object/heatmap/task1,23616,0.21150395274162292
train/loss/object/heatmap/task1,23666,0.2026696354150772
train/loss/object/heatmap/task1,23716,0.17552490532398224
train/loss/object/heatmap/task1,23810,0.2115345448255539
train/loss/object/heatmap/task1,23860,0.19879178702831268
train/loss/object/heatmap/task1,23910,0.1646813601255417
train/loss/object/heatmap/task1,23960,0.20234622061252594
train/loss/object/heatmap/task1,24010,0.19150038063526154
train/loss/object/heatmap/task1,24060,0.19016043841838837
train/loss/object/heatmap/task1,24110,0.18844254314899445
train/loss/object/heatmap/task1,24160,0.17382921278476715
train/loss/object/heatmap/task1,24210,0.20397630333900452
train/loss/object/heatmap/task1,24260,0.17422360181808472
train/loss/object/heatmap/task1,24310,0.20923934876918793
train/loss/object/heatmap/task1,24404,0.16136731207370758
train/loss/object/heatmap/task1,24454,0.19433410465717316
train/loss/object/heatmap/task1,24504,0.1888691484928131
train/loss/object/heatmap/task1,24554,0.20716425776481628
train/loss/object/heatmap/task1,24604,0.19281433522701263
train/loss/object/heatmap/task1,24654,0.19002696871757507
train/loss/object/heatmap/task1,24704,0.20036780834197998
train/loss/object/heatmap/task1,24754,0.18935340642929077
train/loss/object/heatmap/task1,24804,0.16045591235160828
train/loss/object/heatmap/task1,24854,0.20351958274841309
train/loss/object/heatmap/task1,24904,0.18379288911819458
train/loss/object/heatmap/task1,24998,0.21571505069732666
train/loss/object/heatmap/task1,25048,0.18196497857570648
train/loss/object/heatmap/task1,25098,0.19740530848503113
train/loss/object/heatmap/task1,25148,0.17589432001113892
train/loss/object/heatmap/task1,25198,0.15446646511554718
train/loss/object/heatmap/task1,25248,0.17787832021713257
train/loss/object/heatmap/task1,25298,0.16036680340766907
train/loss/object/heatmap/task1,25348,0.16372469067573547
train/loss/object/heatmap/task1,25398,0.17846333980560303
train/loss/object/heatmap/task1,25448,0.16712607443332672
train/loss/object/heatmap/task1,25498,0.1674620658159256
train/loss/object/heatmap/task1,25592,0.19759057462215424
train/loss/object/heatmap/task1,25642,0.189473494887352
train/loss/object/heatmap/task1,25692,0.19124558568000793
train/loss/object/heatmap/task1,25742,0.22199037671089172
train/loss/object/heatmap/task1,25792,0.17292049527168274
train/loss/object/heatmap/task1,25842,0.1817009001970291
train/loss/object/heatmap/task1,25892,0.1950039118528366
train/loss/object/heatmap/task1,25942,0.18268193304538727
train/loss/object/heatmap/task1,25992,0.17452998459339142
train/loss/object/heatmap/task1,26042,0.20019488036632538
train/loss/object/heatmap/task1,26092,0.17967280745506287
train/loss/object/heatmap/task1,26186,0.19857633113861084
train/loss/object/heatmap/task1,26236,0.17782102525234222
train/loss/object/heatmap/task1,26286,0.18654359877109528
train/loss/object/heatmap/task1,26336,0.19307658076286316
train/loss/object/heatmap/task1,26386,0.16686375439167023
train/loss/object/heatmap/task1,26436,0.16797487437725067
train/loss/object/heatmap/task1,26486,0.17452393472194672
train/loss/object/heatmap/task1,26536,0.17165526747703552
train/loss/object/heatmap/task1,26586,0.16452427208423615
train/loss/object/heatmap/task1,26636,0.1928112953901291
train/loss/object/heatmap/task1,26686,0.18958090245723724
train/loss/object/heatmap/task1,26780,0.1879505068063736
train/loss/object/heatmap/task1,26830,0.21543048322200775
train/loss/object/heatmap/task1,26880,0.1711023896932602
train/loss/object/heatmap/task1,26930,0.21071919798851013
train/loss/object/heatmap/task1,26980,0.1896178424358368
train/loss/object/heatmap/task1,27030,0.1877317577600479
train/loss/object/heatmap/task1,27080,0.218364417552948
train/loss/object/heatmap/task1,27130,0.16842176020145416
train/loss/object/heatmap/task1,27180,0.1686571091413498
train/loss/object/heatmap/task1,27230,0.1617223471403122
train/loss/object/heatmap/task1,27280,0.1747930496931076
train/loss/object/heatmap/task1,27374,0.16804365813732147
train/loss/object/heatmap/task1,27424,0.18656376004219055
train/loss/object/heatmap/task1,27474,0.16738542914390564
train/loss/object/heatmap/task1,27524,0.16986742615699768
train/loss/object/heatmap/task1,27574,0.21473857760429382
train/loss/object/heatmap/task1,27624,0.1688813716173172
train/loss/object/heatmap/task1,27674,0.1984577178955078
train/loss/object/heatmap/task1,27724,0.20082266628742218
train/loss/object/heatmap/task1,27774,0.18227547407150269
train/loss/object/heatmap/task1,27824,0.18071424961090088
train/loss/object/heatmap/task1,27874,0.14811788499355316
train/loss/object/heatmap/task1,27968,0.164703831076622
train/loss/object/heatmap/task1,28018,0.15327097475528717
train/loss/object/heatmap/task1,28068,0.2015571892261505
train/loss/object/heatmap/task1,28118,0.13934655487537384
train/loss/object/heatmap/task1,28168,0.17517772316932678
train/loss/object/heatmap/task1,28218,0.19016018509864807
train/loss/object/heatmap/task1,28268,0.1578390896320343
train/loss/object/heatmap/task1,28318,0.1989329606294632
train/loss/object/heatmap/task1,28368,0.19061046838760376
train/loss/object/heatmap/task1,28418,0.18137165904045105
train/loss/object/heatmap/task1,28468,0.18997500836849213
train/loss/object/bbox/task1,50,0.3784502148628235
train/loss/object/bbox/task1,100,0.3885578215122223
train/loss/object/bbox/task1,150,0.38573330640792847
train/loss/object/bbox/task1,200,0.35502418875694275
train/loss/object/bbox/task1,250,0.3395020067691803
train/loss/object/bbox/task1,300,0.33218836784362793
train/loss/object/bbox/task1,350,0.28964948654174805
train/loss/object/bbox/task1,400,0.269423246383667
train/loss/object/bbox/task1,450,0.29983091354370117
train/loss/object/bbox/task1,500,0.31607383489608765
train/loss/object/bbox/task1,550,0.29845231771469116
train/loss/object/bbox/task1,644,0.2420777976512909
train/loss/object/bbox/task1,694,0.3228245973587036
train/loss/object/bbox/task1,744,0.3141549825668335
train/loss/object/bbox/task1,794,0.27995309233665466
train/loss/object/bbox/task1,844,0.2793738842010498
train/loss/object/bbox/task1,894,0.29456931352615356
train/loss/object/bbox/task1,944,0.27589085698127747
train/loss/object/bbox/task1,994,0.24661403894424438
train/loss/object/bbox/task1,1044,0.28078851103782654
train/loss/object/bbox/task1,1094,0.3188556730747223
train/loss/object/bbox/task1,1144,0.2849385440349579
train/loss/object/bbox/task1,1238,0.22666513919830322
train/loss/object/bbox/task1,1288,0.31415867805480957
train/loss/object/bbox/task1,1338,0.29882413148880005
train/loss/object/bbox/task1,1388,0.2716495096683502
train/loss/object/bbox/task1,1438,0.2829135060310364
train/loss/object/bbox/task1,1488,0.28079065680503845
train/loss/object/bbox/task1,1538,0.2682979702949524
train/loss/object/bbox/task1,1588,0.22891658544540405
train/loss/object/bbox/task1,1638,0.27565082907676697
train/loss/object/bbox/task1,1688,0.3023376166820526
train/loss/object/bbox/task1,1738,0.2762201726436615
train/loss/object/bbox/task1,1832,0.22004231810569763
train/loss/object/bbox/task1,1882,0.30339106917381287
train/loss/object/bbox/task1,1932,0.2819775640964508
train/loss/object/bbox/task1,1982,0.2580626606941223
train/loss/object/bbox/task1,2032,0.26958200335502625
train/loss/object/bbox/task1,2082,0.26540228724479675
train/loss/object/bbox/task1,2132,0.25671374797821045
train/loss/object/bbox/task1,2182,0.2303006500005722
train/loss/object/bbox/task1,2232,0.26890087127685547
train/loss/object/bbox/task1,2282,0.289681077003479
train/loss/object/bbox/task1,2332,0.26246562600135803
train/loss/object/bbox/task1,2426,0.21188926696777344
train/loss/object/bbox/task1,2476,0.2896169424057007
train/loss/object/bbox/task1,2526,0.25742802023887634
train/loss/object/bbox/task1,2576,0.262428879737854
train/loss/object/bbox/task1,2626,0.2634779214859009
train/loss/object/bbox/task1,2676,0.2474842071533203
train/loss/object/bbox/task1,2726,0.24118812382221222
train/loss/object/bbox/task1,2776,0.21264906227588654
train/loss/object/bbox/task1,2826,0.25379687547683716
train/loss/object/bbox/task1,2876,0.2866884171962738
train/loss/object/bbox/task1,2926,0.25939875841140747
train/loss/object/bbox/task1,3020,0.20454107224941254
train/loss/object/bbox/task1,3070,0.2938964366912842
train/loss/object/bbox/task1,3120,0.26202723383903503
train/loss/object/bbox/task1,3170,0.25038987398147583
train/loss/object/bbox/task1,3220,0.2656780481338501
train/loss/object/bbox/task1,3270,0.2514553666114807
train/loss/object/bbox/task1,3320,0.24607959389686584
train/loss/object/bbox/task1,3370,0.2160489410161972
train/loss/object/bbox/task1,3420,0.2546069324016571
train/loss/object/bbox/task1,3470,0.2838517427444458
train/loss/object/bbox/task1,3520,0.25091326236724854
train/loss/object/bbox/task1,3614,0.20221759378910065
train/loss/object/bbox/task1,3664,0.2776442766189575
train/loss/object/bbox/task1,3714,0.24087676405906677
train/loss/object/bbox/task1,3764,0.24298346042633057
train/loss/object/bbox/task1,3814,0.2551528215408325
train/loss/object/bbox/task1,3864,0.2514651417732239
train/loss/object/bbox/task1,3914,0.2344857007265091
train/loss/object/bbox/task1,3964,0.20880602300167084
train/loss/object/bbox/task1,4014,0.23299911618232727
train/loss/object/bbox/task1,4064,0.27907827496528625
train/loss/object/bbox/task1,4114,0.24074192345142365
train/loss/object/bbox/task1,4208,0.19649672508239746
train/loss/object/bbox/task1,4258,0.2744852900505066
train/loss/object/bbox/task1,4308,0.2496851533651352
train/loss/object/bbox/task1,4358,0.24524302780628204
train/loss/object/bbox/task1,4408,0.2513885796070099
train/loss/object/bbox/task1,4458,0.24623467028141022
train/loss/object/bbox/task1,4508,0.2278154194355011
train/loss/object/bbox/task1,4558,0.20825256407260895
train/loss/object/bbox/task1,4608,0.2439049482345581
train/loss/object/bbox/task1,4658,0.27660071849823
train/loss/object/bbox/task1,4708,0.23642085492610931
train/loss/object/bbox/task1,4802,0.19986428320407867
train/loss/object/bbox/task1,4852,0.2625538408756256
train/loss/object/bbox/task1,4902,0.23062433302402496
train/loss/object/bbox/task1,4952,0.23756875097751617
train/loss/object/bbox/task1,5002,0.2442716509103775
train/loss/object/bbox/task1,5052,0.2409946620464325
train/loss/object/bbox/task1,5102,0.21890155971050262
train/loss/object/bbox/task1,5152,0.2013659030199051
train/loss/object/bbox/task1,5202,0.22682037949562073
train/loss/object/bbox/task1,5252,0.26432928442955017
train/loss/object/bbox/task1,5302,0.2254808396100998
train/loss/object/bbox/task1,5396,0.19529469311237335
train/loss/object/bbox/task1,5446,0.24947482347488403
train/loss/object/bbox/task1,5496,0.2265465259552002
train/loss/object/bbox/task1,5546,0.23609882593154907
train/loss/object/bbox/task1,5596,0.23637060821056366
train/loss/object/bbox/task1,5646,0.24034371972084045
train/loss/object/bbox/task1,5696,0.21254466474056244
train/loss/object/bbox/task1,5746,0.18828968703746796
train/loss/object/bbox/task1,5796,0.235613152384758
train/loss/object/bbox/task1,5846,0.27064019441604614
train/loss/object/bbox/task1,5896,0.23180535435676575
train/loss/object/bbox/task1,5990,0.1865810602903366
train/loss/object/bbox/task1,6040,0.22860628366470337
train/loss/object/bbox/task1,6090,0.2155003398656845
train/loss/object/bbox/task1,6140,0.2204372137784958
train/loss/object/bbox/task1,6190,0.23543815314769745
train/loss/object/bbox/task1,6240,0.22337694466114044
train/loss/object/bbox/task1,6290,0.21234636008739471
train/loss/object/bbox/task1,6340,0.19770509004592896
train/loss/object/bbox/task1,6390,0.2226802557706833
train/loss/object/bbox/task1,6440,0.27062559127807617
train/loss/object/bbox/task1,6490,0.22678408026695251
train/loss/object/bbox/task1,6584,0.18212057650089264
train/loss/object/bbox/task1,6634,0.22555820643901825
train/loss/object/bbox/task1,6684,0.216167613863945
train/loss/object/bbox/task1,6734,0.22010111808776855
train/loss/object/bbox/task1,6784,0.22774788737297058
train/loss/object/bbox/task1,6834,0.2220800817012787
train/loss/object/bbox/task1,6884,0.2048126757144928
train/loss/object/bbox/task1,6934,0.19548837840557098
train/loss/object/bbox/task1,6984,0.2286808341741562
train/loss/object/bbox/task1,7034,0.25730085372924805
train/loss/object/bbox/task1,7084,0.22224339842796326
train/loss/object/bbox/task1,7178,0.18407368659973145
train/loss/object/bbox/task1,7228,0.2150828242301941
train/loss/object/bbox/task1,7278,0.20682786405086517
train/loss/object/bbox/task1,7328,0.21467699110507965
train/loss/object/bbox/task1,7378,0.2249920666217804
train/loss/object/bbox/task1,7428,0.21437682211399078
train/loss/object/bbox/task1,7478,0.2090340107679367
train/loss/object/bbox/task1,7528,0.18614089488983154
train/loss/object/bbox/task1,7578,0.21853968501091003
train/loss/object/bbox/task1,7628,0.25189724564552307
train/loss/object/bbox/task1,7678,0.216688334941864
train/loss/object/bbox/task1,7772,0.17985627055168152
train/loss/object/bbox/task1,7822,0.2105722874403
train/loss/object/bbox/task1,7872,0.20720669627189636
train/loss/object/bbox/task1,7922,0.2124609500169754
train/loss/object/bbox/task1,7972,0.2198898196220398
train/loss/object/bbox/task1,8022,0.21244466304779053
train/loss/object/bbox/task1,8072,0.19753916561603546
train/loss/object/bbox/task1,8122,0.1870865523815155
train/loss/object/bbox/task1,8172,0.21757788956165314
train/loss/object/bbox/task1,8222,0.24829240143299103
train/loss/object/bbox/task1,8272,0.21764832735061646
train/loss/object/bbox/task1,8366,0.17466957867145538
train/loss/object/bbox/task1,8416,0.20327021181583405
train/loss/object/bbox/task1,8466,0.20671074092388153
train/loss/object/bbox/task1,8516,0.21614603698253632
train/loss/object/bbox/task1,8566,0.21445050835609436
train/loss/object/bbox/task1,8616,0.20963402092456818
train/loss/object/bbox/task1,8666,0.1992044746875763
train/loss/object/bbox/task1,8716,0.18380658328533173
train/loss/object/bbox/task1,8766,0.21039517223834991
train/loss/object/bbox/task1,8816,0.24138177931308746
train/loss/object/bbox/task1,8866,0.21518391370773315
train/loss/object/bbox/task1,8960,0.17827147245407104
train/loss/object/bbox/task1,9010,0.20249874889850616
train/loss/object/bbox/task1,9060,0.2053399682044983
train/loss/object/bbox/task1,9110,0.2172093689441681
train/loss/object/bbox/task1,9160,0.207232266664505
train/loss/object/bbox/task1,9210,0.19864359498023987
train/loss/object/bbox/task1,9260,0.19438472390174866
train/loss/object/bbox/task1,9310,0.17624124884605408
train/loss/object/bbox/task1,9360,0.2121012955904007
train/loss/object/bbox/task1,9410,0.24164927005767822
train/loss/object/bbox/task1,9460,0.21084806323051453
train/loss/object/bbox/task1,9554,0.17443245649337769
train/loss/object/bbox/task1,9604,0.19988223910331726
train/loss/object/bbox/task1,9654,0.20005302131175995
train/loss/object/bbox/task1,9704,0.20769785344600677
train/loss/object/bbox/task1,9754,0.20897668600082397
train/loss/object/bbox/task1,9804,0.20380865037441254
train/loss/object/bbox/task1,9854,0.18924075365066528
train/loss/object/bbox/task1,9904,0.18172937631607056
train/loss/object/bbox/task1,9954,0.21288806200027466
train/loss/object/bbox/task1,10004,0.2328300178050995
train/loss/object/bbox/task1,10054,0.20748765766620636
train/loss/object/bbox/task1,10148,0.17186418175697327
train/loss/object/bbox/task1,10198,0.20003047585487366
train/loss/object/bbox/task1,10248,0.19932059943675995
train/loss/object/bbox/task1,10298,0.19707044959068298
train/loss/object/bbox/task1,10348,0.20527569949626923
train/loss/object/bbox/task1,10398,0.192609041929245
train/loss/object/bbox/task1,10448,0.19023290276527405
train/loss/object/bbox/task1,10498,0.17686235904693604
train/loss/object/bbox/task1,10548,0.2081611305475235
train/loss/object/bbox/task1,10598,0.2322782725095749
train/loss/object/bbox/task1,10648,0.2080211490392685
train/loss/object/bbox/task1,10742,0.1738147735595703
train/loss/object/bbox/task1,10792,0.19145767390727997
train/loss/object/bbox/task1,10842,0.1938016265630722
train/loss/object/bbox/task1,10892,0.20145653188228607
train/loss/object/bbox/task1,10942,0.2021981179714203
train/loss/object/bbox/task1,10992,0.1951005607843399
train/loss/object/bbox/task1,11042,0.18334165215492249
train/loss/object/bbox/task1,11092,0.17118169367313385
train/loss/object/bbox/task1,11142,0.2018006592988968
train/loss/object/bbox/task1,11192,0.23296315968036652
train/loss/object/bbox/task1,11242,0.20684649050235748
train/loss/object/bbox/task1,11336,0.17099368572235107
train/loss/object/bbox/task1,11386,0.18681348860263824
train/loss/object/bbox/task1,11436,0.20028963685035706
train/loss/object/bbox/task1,11486,0.19944843649864197
train/loss/object/bbox/task1,11536,0.20235981047153473
train/loss/object/bbox/task1,11586,0.1930117905139923
train/loss/object/bbox/task1,11636,0.18297773599624634
train/loss/object/bbox/task1,11686,0.1732531487941742
train/loss/object/bbox/task1,11736,0.20080512762069702
train/loss/object/bbox/task1,11786,0.22564059495925903
train/loss/object/bbox/task1,11836,0.19800922274589539
train/loss/object/bbox/task1,11930,0.16538821160793304
train/loss/object/bbox/task1,11980,0.18987007439136505
train/loss/object/bbox/task1,12030,0.18961872160434723
train/loss/object/bbox/task1,12080,0.19637726247310638
train/loss/object/bbox/task1,12130,0.18607085943222046
train/loss/object/bbox/task1,12180,0.19689714908599854
train/loss/object/bbox/task1,12230,0.18567180633544922
train/loss/object/bbox/task1,12280,0.17200031876564026
train/loss/object/bbox/task1,12330,0.19594115018844604
train/loss/object/bbox/task1,12380,0.21757462620735168
train/loss/object/bbox/task1,12430,0.19477275013923645
train/loss/object/bbox/task1,12524,0.16625560820102692
train/loss/object/bbox/task1,12574,0.1820005625486374
train/loss/object/bbox/task1,12624,0.19191405177116394
train/loss/object/bbox/task1,12674,0.19597500562667847
train/loss/object/bbox/task1,12724,0.1876610368490219
train/loss/object/bbox/task1,12774,0.18650269508361816
train/loss/object/bbox/task1,12824,0.18600836396217346
train/loss/object/bbox/task1,12874,0.16403983533382416
train/loss/object/bbox/task1,12924,0.19805878400802612
train/loss/object/bbox/task1,12974,0.21428844332695007
train/loss/object/bbox/task1,13024,0.19526082277297974
train/loss/object/bbox/task1,13118,0.17240393161773682
train/loss/object/bbox/task1,13168,0.1827153116464615
train/loss/object/bbox/task1,13218,0.19014506042003632
train/loss/object/bbox/task1,13268,0.19338442385196686
train/loss/object/bbox/task1,13318,0.18761999905109406
train/loss/object/bbox/task1,13368,0.18559351563453674
train/loss/object/bbox/task1,13418,0.1803916096687317
train/loss/object/bbox/task1,13468,0.17109785974025726
train/loss/object/bbox/task1,13518,0.20166835188865662
train/loss/object/bbox/task1,13568,0.21203820407390594
train/loss/object/bbox/task1,13618,0.1976221203804016
train/loss/object/bbox/task1,13712,0.16499550640583038
train/loss/object/bbox/task1,13762,0.17915509641170502
train/loss/object/bbox/task1,13812,0.1885322779417038
train/loss/object/bbox/task1,13862,0.19337697327136993
train/loss/object/bbox/task1,13912,0.18583433330059052
train/loss/object/bbox/task1,13962,0.1857006698846817
train/loss/object/bbox/task1,14012,0.18339909613132477
train/loss/object/bbox/task1,14062,0.15954814851284027
train/loss/object/bbox/task1,14112,0.20108811557292938
train/loss/object/bbox/task1,14162,0.21020138263702393
train/loss/object/bbox/task1,14212,0.19527767598628998
train/loss/object/bbox/task1,14306,0.11501064151525497
train/loss/object/bbox/task1,14356,0.12172606587409973
train/loss/object/bbox/task1,14406,0.10931117832660675
train/loss/object/bbox/task1,14456,0.11469613760709763
train/loss/object/bbox/task1,14506,0.11402231454849243
train/loss/object/bbox/task1,14556,0.11690589785575867
train/loss/object/bbox/task1,14606,0.11348222941160202
train/loss/object/bbox/task1,14656,0.11123281717300415
train/loss/object/bbox/task1,14706,0.11524252593517303
train/loss/object/bbox/task1,14756,0.11332744359970093
train/loss/object/bbox/task1,14806,0.11352092772722244
train/loss/object/bbox/task1,14900,0.11188852787017822
train/loss/object/bbox/task1,14950,0.11734246462583542
train/loss/object/bbox/task1,15000,0.11167580634355545
train/loss/object/bbox/task1,15050,0.11081045120954514
train/loss/object/bbox/task1,15100,0.1114974096417427
train/loss/object/bbox/task1,15150,0.1107318103313446
train/loss/object/bbox/task1,15200,0.10912858694791794
train/loss/object/bbox/task1,15250,0.11187964677810669
train/loss/object/bbox/task1,15300,0.1078934445977211
train/loss/object/bbox/task1,15350,0.11343002319335938
train/loss/object/bbox/task1,15400,0.10856141895055771
train/loss/object/bbox/task1,15494,0.11318384110927582
train/loss/object/bbox/task1,15544,0.10353949666023254
train/loss/object/bbox/task1,15594,0.11162352561950684
train/loss/object/bbox/task1,15644,0.10744524002075195
train/loss/object/bbox/task1,15694,0.10705436766147614
train/loss/object/bbox/task1,15744,0.11470212787389755
train/loss/object/bbox/task1,15794,0.10335703939199448
train/loss/object/bbox/task1,15844,0.10917682945728302
train/loss/object/bbox/task1,15894,0.10831881314516068
train/loss/object/bbox/task1,15944,0.10672919452190399
train/loss/object/bbox/task1,15994,0.10157440602779388
train/loss/object/bbox/task1,16088,0.11313082277774811
train/loss/object/bbox/task1,16138,0.10073783993721008
train/loss/object/bbox/task1,16188,0.10266601294279099
train/loss/object/bbox/task1,16238,0.10332789272069931
train/loss/object/bbox/task1,16288,0.09942702203989029
train/loss/object/bbox/task1,16338,0.09801660478115082
train/loss/object/bbox/task1,16388,0.10063745826482773
train/loss/object/bbox/task1,16438,0.09962467849254608
train/loss/object/bbox/task1,16488,0.10374952107667923
train/loss/object/bbox/task1,16538,0.10182735323905945
train/loss/object/bbox/task1,16588,0.10397280007600784
train/loss/object/bbox/task1,16682,0.10019175708293915
train/loss/object/bbox/task1,16732,0.09849665313959122
train/loss/object/bbox/task1,16782,0.10653093457221985
train/loss/object/bbox/task1,16832,0.10893387347459793
train/loss/object/bbox/task1,16882,0.10214003920555115
train/loss/object/bbox/task1,16932,0.10126090049743652
train/loss/object/bbox/task1,16982,0.0971967801451683
train/loss/object/bbox/task1,17032,0.10109276324510574
train/loss/object/bbox/task1,17082,0.09888968616724014
train/loss/object/bbox/task1,17132,0.10226897150278091
train/loss/object/bbox/task1,17182,0.10500242561101913
train/loss/object/bbox/task1,17276,0.09634377807378769
train/loss/object/bbox/task1,17326,0.09312589466571808
train/loss/object/bbox/task1,17376,0.09869636595249176
train/loss/object/bbox/task1,17426,0.09912096709012985
train/loss/object/bbox/task1,17476,0.09654199331998825
train/loss/object/bbox/task1,17526,0.10242992639541626
train/loss/object/bbox/task1,17576,0.10613710433244705
train/loss/object/bbox/task1,17626,0.1021106019616127
train/loss/object/bbox/task1,17676,0.10402719676494598
train/loss/object/bbox/task1,17726,0.09066404402256012
train/loss/object/bbox/task1,17776,0.0940137729048729
train/loss/object/bbox/task1,17870,0.09986612200737
train/loss/object/bbox/task1,17920,0.09590422362089157
train/loss/object/bbox/task1,17970,0.09924812614917755
train/loss/object/bbox/task1,18020,0.10286541283130646
train/loss/object/bbox/task1,18070,0.09374970942735672
train/loss/object/bbox/task1,18120,0.0935402438044548
train/loss/object/bbox/task1,18170,0.09585367888212204
train/loss/object/bbox/task1,18220,0.09051913022994995
train/loss/object/bbox/task1,18270,0.09020200371742249
train/loss/object/bbox/task1,18320,0.09818097203969955
train/loss/object/bbox/task1,18370,0.09753413498401642
train/loss/object/bbox/task1,18464,0.09855436533689499
train/loss/object/bbox/task1,18514,0.09976597130298615
train/loss/object/bbox/task1,18564,0.09298669546842575
train/loss/object/bbox/task1,18614,0.09501279890537262
train/loss/object/bbox/task1,18664,0.09728515148162842
train/loss/object/bbox/task1,18714,0.09882131218910217
train/loss/object/bbox/task1,18764,0.10506268590688705
train/loss/object/bbox/task1,18814,0.09146846830844879
train/loss/object/bbox/task1,18864,0.09435013681650162
train/loss/object/bbox/task1,18914,0.09691571444272995
train/loss/object/bbox/task1,18964,0.09682861715555191
train/loss/object/bbox/task1,19058,0.10187188535928726
train/loss/object/bbox/task1,19108,0.09775687754154205
train/loss/object/bbox/task1,19158,0.09491432458162308
train/loss/object/bbox/task1,19208,0.09955042600631714
train/loss/object/bbox/task1,19258,0.09049823135137558
train/loss/object/bbox/task1,19308,0.08908066153526306
train/loss/object/bbox/task1,19358,0.09381350874900818
train/loss/object/bbox/task1,19408,0.0936957448720932
train/loss/object/bbox/task1,19458,0.09776594489812851
train/loss/object/bbox/task1,19508,0.08825507760047913
train/loss/object/bbox/task1,19558,0.09372806549072266
train/loss/object/bbox/task1,19652,0.09313099086284637
train/loss/object/bbox/task1,19702,0.08982431888580322
train/loss/object/bbox/task1,19752,0.09755168110132217
train/loss/object/bbox/task1,19802,0.08552028238773346
train/loss/object/bbox/task1,19852,0.09234358370304108
train/loss/object/bbox/task1,19902,0.09245335310697556
train/loss/object/bbox/task1,19952,0.08465222269296646
train/loss/object/bbox/task1,20002,0.09069976210594177
train/loss/object/bbox/task1,20052,0.0916435718536377
train/loss/object/bbox/task1,20102,0.09252370893955231
train/loss/object/bbox/task1,20152,0.0959782674908638
train/loss/object/bbox/task1,20246,0.08569350838661194
train/loss/object/bbox/task1,20296,0.09658379852771759
train/loss/object/bbox/task1,20346,0.0954650342464447
train/loss/object/bbox/task1,20396,0.0883709192276001
train/loss/object/bbox/task1,20446,0.09158870577812195
train/loss/object/bbox/task1,20496,0.09441457688808441
train/loss/object/bbox/task1,20546,0.08153849095106125
train/loss/object/bbox/task1,20596,0.08684565871953964
train/loss/object/bbox/task1,20646,0.08883893489837646
train/loss/object/bbox/task1,20696,0.09178274124860764
train/loss/object/bbox/task1,20746,0.08751758188009262
train/loss/object/bbox/task1,20840,0.09331399202346802
train/loss/object/bbox/task1,20890,0.08857586979866028
train/loss/object/bbox/task1,20940,0.09110091626644135
train/loss/object/bbox/task1,20990,0.09670513868331909
train/loss/object/bbox/task1,21040,0.08546844124794006
train/loss/object/bbox/task1,21090,0.0879548192024231
train/loss/object/bbox/task1,21140,0.09354514628648758
train/loss/object/bbox/task1,21190,0.0868627205491066
train/loss/object/bbox/task1,21240,0.09419859945774078
train/loss/object/bbox/task1,21290,0.08850567787885666
train/loss/object/bbox/task1,21340,0.08975927531719208
train/loss/object/bbox/task1,21434,0.08872976899147034
train/loss/object/bbox/task1,21484,0.0905405580997467
train/loss/object/bbox/task1,21534,0.08918613940477371
train/loss/object/bbox/task1,21584,0.08499110490083694
train/loss/object/bbox/task1,21634,0.08510003983974457
train/loss/object/bbox/task1,21684,0.09396786987781525
train/loss/object/bbox/task1,21734,0.08257147669792175
train/loss/object/bbox/task1,21784,0.09051111340522766
train/loss/object/bbox/task1,21834,0.09403643757104874
train/loss/object/bbox/task1,21884,0.08752219378948212
train/loss/object/bbox/task1,21934,0.0872194692492485
train/loss/object/bbox/task1,22028,0.09019666910171509
train/loss/object/bbox/task1,22078,0.09223128855228424
train/loss/object/bbox/task1,22128,0.07723572105169296
train/loss/object/bbox/task1,22178,0.08933646231889725
train/loss/object/bbox/task1,22228,0.08817378431558609
train/loss/object/bbox/task1,22278,0.0827527791261673
train/loss/object/bbox/task1,22328,0.08977464586496353
train/loss/object/bbox/task1,22378,0.08680334687232971
train/loss/object/bbox/task1,22428,0.08592957258224487
train/loss/object/bbox/task1,22478,0.08835424482822418
train/loss/object/bbox/task1,22528,0.09529381990432739
train/loss/object/bbox/task1,22622,0.08599136024713516
train/loss/object/bbox/task1,22672,0.08234701305627823
train/loss/object/bbox/task1,22722,0.08666717261075974
train/loss/object/bbox/task1,22772,0.08106641471385956
train/loss/object/bbox/task1,22822,0.09577573090791702
train/loss/object/bbox/task1,22872,0.08908230066299438
train/loss/object/bbox/task1,22922,0.08387582749128342
train/loss/object/bbox/task1,22972,0.09329807013273239
train/loss/object/bbox/task1,23022,0.08149805665016174
train/loss/object/bbox/task1,23072,0.08185217529535294
train/loss/object/bbox/task1,23122,0.08726625889539719
train/loss/object/bbox/task1,23216,0.085370734333992
train/loss/object/bbox/task1,23266,0.08059766888618469
train/loss/object/bbox/task1,23316,0.08438622951507568
train/loss/object/bbox/task1,23366,0.08763723820447922
train/loss/object/bbox/task1,23416,0.08390511572360992
train/loss/object/bbox/task1,23466,0.08715313673019409
train/loss/object/bbox/task1,23516,0.08287213742733002
train/loss/object/bbox/task1,23566,0.08549172431230545
train/loss/object/bbox/task1,23616,0.0845242440700531
train/loss/object/bbox/task1,23666,0.08354739844799042
train/loss/object/bbox/task1,23716,0.08016059547662735
train/loss/object/bbox/task1,23810,0.09178668260574341
train/loss/object/bbox/task1,23860,0.08402066677808762
train/loss/object/bbox/task1,23910,0.08482591062784195
train/loss/object/bbox/task1,23960,0.08390269428491592
train/loss/object/bbox/task1,24010,0.08287912607192993
train/loss/object/bbox/task1,24060,0.08252820372581482
train/loss/object/bbox/task1,24110,0.08543700724840164
train/loss/object/bbox/task1,24160,0.07862971723079681
train/loss/object/bbox/task1,24210,0.08299707621335983
train/loss/object/bbox/task1,24260,0.0807824581861496
train/loss/object/bbox/task1,24310,0.08286982029676437
train/loss/object/bbox/task1,24404,0.07772462069988251
train/loss/object/bbox/task1,24454,0.08454512804746628
train/loss/object/bbox/task1,24504,0.0809752494096756
train/loss/object/bbox/task1,24554,0.08842964470386505
train/loss/object/bbox/task1,24604,0.08834150433540344
train/loss/object/bbox/task1,24654,0.08211132138967514
train/loss/object/bbox/task1,24704,0.08462919294834137
train/loss/object/bbox/task1,24754,0.08586785942316055
train/loss/object/bbox/task1,24804,0.08375609666109085
train/loss/object/bbox/task1,24854,0.0887337327003479
train/loss/object/bbox/task1,24904,0.07914388924837112
train/loss/object/bbox/task1,24998,0.08025255054235458
train/loss/object/bbox/task1,25048,0.07943347096443176
train/loss/object/bbox/task1,25098,0.08868224918842316
train/loss/object/bbox/task1,25148,0.08764275908470154
train/loss/object/bbox/task1,25198,0.0808543711900711
train/loss/object/bbox/task1,25248,0.07975143939256668
train/loss/object/bbox/task1,25298,0.07896069437265396
train/loss/object/bbox/task1,25348,0.08193342387676239
train/loss/object/bbox/task1,25398,0.07859263569116592
train/loss/object/bbox/task1,25448,0.07885856926441193
train/loss/object/bbox/task1,25498,0.08010632544755936
train/loss/object/bbox/task1,25592,0.08221878111362457
train/loss/object/bbox/task1,25642,0.08210017532110214
train/loss/object/bbox/task1,25692,0.08761301636695862
train/loss/object/bbox/task1,25742,0.08725663274526596
train/loss/object/bbox/task1,25792,0.0771065503358841
train/loss/object/bbox/task1,25842,0.08141223341226578
train/loss/object/bbox/task1,25892,0.0813324972987175
train/loss/object/bbox/task1,25942,0.08146538585424423
train/loss/object/bbox/task1,25992,0.0847139060497284
train/loss/object/bbox/task1,26042,0.0816885307431221
train/loss/object/bbox/task1,26092,0.08076007664203644
train/loss/object/bbox/task1,26186,0.08072489500045776
train/loss/object/bbox/task1,26236,0.08105841279029846
train/loss/object/bbox/task1,26286,0.09125811606645584
train/loss/object/bbox/task1,26336,0.0828227773308754
train/loss/object/bbox/task1,26386,0.07824631035327911
train/loss/object/bbox/task1,26436,0.07955344021320343
train/loss/object/bbox/task1,26486,0.08371413499116898
train/loss/object/bbox/task1,26536,0.07831887900829315
train/loss/object/bbox/task1,26586,0.07492676377296448
train/loss/object/bbox/task1,26636,0.08729878067970276
train/loss/object/bbox/task1,26686,0.08235044032335281
train/loss/object/bbox/task1,26780,0.08215338736772537
train/loss/object/bbox/task1,26830,0.0870489552617073
train/loss/object/bbox/task1,26880,0.0822153240442276
train/loss/object/bbox/task1,26930,0.0900450125336647
train/loss/object/bbox/task1,26980,0.08176665008068085
train/loss/object/bbox/task1,27030,0.08202359825372696
train/loss/object/bbox/task1,27080,0.08575976639986038
train/loss/object/bbox/task1,27130,0.080983467400074
train/loss/object/bbox/task1,27180,0.07986288517713547
train/loss/object/bbox/task1,27230,0.07695063203573227
train/loss/object/bbox/task1,27280,0.08303967863321304
train/loss/object/bbox/task1,27374,0.07802325487136841
train/loss/object/bbox/task1,27424,0.08577454835176468
train/loss/object/bbox/task1,27474,0.07719209790229797
train/loss/object/bbox/task1,27524,0.07500232011079788
train/loss/object/bbox/task1,27574,0.09280289709568024
train/loss/object/bbox/task1,27624,0.08483435958623886
train/loss/object/bbox/task1,27674,0.0892074778676033
train/loss/object/bbox/task1,27724,0.07932665944099426
train/loss/object/bbox/task1,27774,0.07967755198478699
train/loss/object/bbox/task1,27824,0.08491630107164383
train/loss/object/bbox/task1,27874,0.0747562125325203
train/loss/object/bbox/task1,27968,0.07692140340805054
train/loss/object/bbox/task1,28018,0.0785142034292221
train/loss/object/bbox/task1,28068,0.0817013531923294
train/loss/object/bbox/task1,28118,0.07602504640817642
train/loss/object/bbox/task1,28168,0.07856941223144531
train/loss/object/bbox/task1,28218,0.08280441910028458
train/loss/object/bbox/task1,28268,0.07652872055768967
train/loss/object/bbox/task1,28318,0.09254417568445206
train/loss/object/bbox/task1,28368,0.08816112577915192
train/loss/object/bbox/task1,28418,0.08444054424762726
train/loss/object/bbox/task1,28468,0.08854382485151291
train/loss/object/heatmap/task2,50,6.078541278839111
train/loss/object/heatmap/task2,100,3.6805577278137207
train/loss/object/heatmap/task2,150,2.5382614135742188
train/loss/object/heatmap/task2,200,1.9104682207107544
train/loss/object/heatmap/task2,250,2.0696566104888916
train/loss/object/heatmap/task2,300,1.8593939542770386
train/loss/object/heatmap/task2,350,1.6693655252456665
train/loss/object/heatmap/task2,400,1.6327800750732422
train/loss/object/heatmap/task2,450,1.7898131608963013
train/loss/object/heatmap/task2,500,1.6249788999557495
train/loss/object/heatmap/task2,550,1.78180730342865
train/loss/object/heatmap/task2,644,1.7049498558044434
train/loss/object/heatmap/task2,694,1.663020372390747
train/loss/object/heatmap/task2,744,1.754751205444336
train/loss/object/heatmap/task2,794,1.4949531555175781
train/loss/object/heatmap/task2,844,1.6499062776565552
train/loss/object/heatmap/task2,894,1.7542787790298462
train/loss/object/heatmap/task2,944,1.5043506622314453
train/loss/object/heatmap/task2,994,1.4825499057769775
train/loss/object/heatmap/task2,1044,1.6347072124481201
train/loss/object/heatmap/task2,1094,1.5490775108337402
train/loss/object/heatmap/task2,1144,1.633643627166748
train/loss/object/heatmap/task2,1238,1.6201233863830566
train/loss/object/heatmap/task2,1288,1.6299409866333008
train/loss/object/heatmap/task2,1338,1.6689698696136475
train/loss/object/heatmap/task2,1388,1.4648985862731934
train/loss/object/heatmap/task2,1438,1.604066252708435
train/loss/object/heatmap/task2,1488,1.704311490058899
train/loss/object/heatmap/task2,1538,1.4432893991470337
train/loss/object/heatmap/task2,1588,1.436139702796936
train/loss/object/heatmap/task2,1638,1.6753547191619873
train/loss/object/heatmap/task2,1688,1.466201663017273
train/loss/object/heatmap/task2,1738,1.6128418445587158
train/loss/object/heatmap/task2,1832,1.598985195159912
train/loss/object/heatmap/task2,1882,1.5875372886657715
train/loss/object/heatmap/task2,1932,1.6127744913101196
train/loss/object/heatmap/task2,1982,1.4249060153961182
train/loss/object/heatmap/task2,2032,1.5610045194625854
train/loss/object/heatmap/task2,2082,1.6623317003250122
train/loss/object/heatmap/task2,2132,1.4375183582305908
train/loss/object/heatmap/task2,2182,1.4075653553009033
train/loss/object/heatmap/task2,2232,1.569387674331665
train/loss/object/heatmap/task2,2282,1.4597128629684448
train/loss/object/heatmap/task2,2332,1.5772573947906494
train/loss/object/heatmap/task2,2426,1.5613350868225098
train/loss/object/heatmap/task2,2476,1.5670124292373657
train/loss/object/heatmap/task2,2526,1.5830509662628174
train/loss/object/heatmap/task2,2576,1.426921010017395
train/loss/object/heatmap/task2,2626,1.5039758682250977
train/loss/object/heatmap/task2,2676,1.6482598781585693
train/loss/object/heatmap/task2,2726,1.3965654373168945
train/loss/object/heatmap/task2,2776,1.3578200340270996
train/loss/object/heatmap/task2,2826,1.5608537197113037
train/loss/object/heatmap/task2,2876,1.4140188694000244
train/loss/object/heatmap/task2,2926,1.5315254926681519
train/loss/object/heatmap/task2,3020,1.558482050895691
train/loss/object/heatmap/task2,3070,1.522459626197815
train/loss/object/heatmap/task2,3120,1.5431299209594727
train/loss/object/heatmap/task2,3170,1.3697623014450073
train/loss/object/heatmap/task2,3220,1.4987207651138306
train/loss/object/heatmap/task2,3270,1.6291537284851074
train/loss/object/heatmap/task2,3320,1.3469187021255493
train/loss/object/heatmap/task2,3370,1.355465292930603
train/loss/object/heatmap/task2,3420,1.5674643516540527
train/loss/object/heatmap/task2,3470,1.37706458568573
train/loss/object/heatmap/task2,3520,1.5311529636383057
train/loss/object/heatmap/task2,3614,1.5286345481872559
train/loss/object/heatmap/task2,3664,1.4492359161376953
train/loss/object/heatmap/task2,3714,1.5140225887298584
train/loss/object/heatmap/task2,3764,1.3672904968261719
train/loss/object/heatmap/task2,3814,1.4854639768600464
train/loss/object/heatmap/task2,3864,1.6146613359451294
train/loss/object/heatmap/task2,3914,1.3253371715545654
train/loss/object/heatmap/task2,3964,1.3310370445251465
train/loss/object/heatmap/task2,4014,1.5391274690628052
train/loss/object/heatmap/task2,4064,1.375208854675293
train/loss/object/heatmap/task2,4114,1.4840948581695557
train/loss/object/heatmap/task2,4208,1.487919807434082
train/loss/object/heatmap/task2,4258,1.4499579668045044
train/loss/object/heatmap/task2,4308,1.493162989616394
train/loss/object/heatmap/task2,4358,1.346774697303772
train/loss/object/heatmap/task2,4408,1.4635071754455566
train/loss/object/heatmap/task2,4458,1.5795552730560303
train/loss/object/heatmap/task2,4508,1.3168444633483887
train/loss/object/heatmap/task2,4558,1.339171051979065
train/loss/object/heatmap/task2,4608,1.439409613609314
train/loss/object/heatmap/task2,4658,1.358750343322754
train/loss/object/heatmap/task2,4708,1.485205054283142
train/loss/object/heatmap/task2,4802,1.4541428089141846
train/loss/object/heatmap/task2,4852,1.3858895301818848
train/loss/object/heatmap/task2,4902,1.4736980199813843
train/loss/object/heatmap/task2,4952,1.324082374572754
train/loss/object/heatmap/task2,5002,1.419063687324524
train/loss/object/heatmap/task2,5052,1.549027681350708
train/loss/object/heatmap/task2,5102,1.2789446115493774
train/loss/object/heatmap/task2,5152,1.2861244678497314
train/loss/object/heatmap/task2,5202,1.4539713859558105
train/loss/object/heatmap/task2,5252,1.3176614046096802
train/loss/object/heatmap/task2,5302,1.4920512437820435
train/loss/object/heatmap/task2,5396,1.435495376586914
train/loss/object/heatmap/task2,5446,1.390108585357666
train/loss/object/heatmap/task2,5496,1.4727561473846436
train/loss/object/heatmap/task2,5546,1.33128821849823
train/loss/object/heatmap/task2,5596,1.4098970890045166
train/loss/object/heatmap/task2,5646,1.5242191553115845
train/loss/object/heatmap/task2,5696,1.2886089086532593
train/loss/object/heatmap/task2,5746,1.3190549612045288
train/loss/object/heatmap/task2,5796,1.4344888925552368
train/loss/object/heatmap/task2,5846,1.3158413171768188
train/loss/object/heatmap/task2,5896,1.4521801471710205
train/loss/object/heatmap/task2,5990,1.4432194232940674
train/loss/object/heatmap/task2,6040,1.3873311281204224
train/loss/object/heatmap/task2,6090,1.419782280921936
train/loss/object/heatmap/task2,6140,1.2889161109924316
train/loss/object/heatmap/task2,6190,1.3747154474258423
train/loss/object/heatmap/task2,6240,1.473367691040039
train/loss/object/heatmap/task2,6290,1.242619514465332
train/loss/object/heatmap/task2,6340,1.300262689590454
train/loss/object/heatmap/task2,6390,1.466502070426941
train/loss/object/heatmap/task2,6440,1.266005516052246
train/loss/object/heatmap/task2,6490,1.4240467548370361
train/loss/object/heatmap/task2,6584,1.4192990064620972
train/loss/object/heatmap/task2,6634,1.3640533685684204
train/loss/object/heatmap/task2,6684,1.4343606233596802
train/loss/object/heatmap/task2,6734,1.2509249448776245
train/loss/object/heatmap/task2,6784,1.3900734186172485
train/loss/object/heatmap/task2,6834,1.4576754570007324
train/loss/object/heatmap/task2,6884,1.261623740196228
train/loss/object/heatmap/task2,6934,1.28678297996521
train/loss/object/heatmap/task2,6984,1.4062210321426392
train/loss/object/heatmap/task2,7034,1.2890548706054688
train/loss/object/heatmap/task2,7084,1.4441074132919312
train/loss/object/heatmap/task2,7178,1.4248332977294922
train/loss/object/heatmap/task2,7228,1.337810754776001
train/loss/object/heatmap/task2,7278,1.403784990310669
train/loss/object/heatmap/task2,7328,1.2549301385879517
train/loss/object/heatmap/task2,7378,1.3822731971740723
train/loss/object/heatmap/task2,7428,1.458599328994751
train/loss/object/heatmap/task2,7478,1.2377961874008179
train/loss/object/heatmap/task2,7528,1.2504937648773193
train/loss/object/heatmap/task2,7578,1.3957185745239258
train/loss/object/heatmap/task2,7628,1.263258934020996
train/loss/object/heatmap/task2,7678,1.4056612253189087
train/loss/object/heatmap/task2,7772,1.3781864643096924
train/loss/object/heatmap/task2,7822,1.3154467344284058
train/loss/object/heatmap/task2,7872,1.3588886260986328
train/loss/object/heatmap/task2,7922,1.2597628831863403
train/loss/object/heatmap/task2,7972,1.3513100147247314
train/loss/object/heatmap/task2,8022,1.4453986883163452
train/loss/object/heatmap/task2,8072,1.2357525825500488
train/loss/object/heatmap/task2,8122,1.2381107807159424
train/loss/object/heatmap/task2,8172,1.3769960403442383
train/loss/object/heatmap/task2,8222,1.2749741077423096
train/loss/object/heatmap/task2,8272,1.3874843120574951
train/loss/object/heatmap/task2,8366,1.3783129453659058
train/loss/object/heatmap/task2,8416,1.2998977899551392
train/loss/object/heatmap/task2,8466,1.3576511144638062
train/loss/object/heatmap/task2,8516,1.2308365106582642
train/loss/object/heatmap/task2,8566,1.37749183177948
train/loss/object/heatmap/task2,8616,1.4199198484420776
train/loss/object/heatmap/task2,8666,1.2368004322052002
train/loss/object/heatmap/task2,8716,1.2114132642745972
train/loss/object/heatmap/task2,8766,1.3712577819824219
train/loss/object/heatmap/task2,8816,1.2586297988891602
train/loss/object/heatmap/task2,8866,1.41340172290802
train/loss/object/heatmap/task2,8960,1.379747748374939
train/loss/object/heatmap/task2,9010,1.3090771436691284
train/loss/object/heatmap/task2,9060,1.334531545639038
train/loss/object/heatmap/task2,9110,1.2470126152038574
train/loss/object/heatmap/task2,9160,1.3183437585830688
train/loss/object/heatmap/task2,9210,1.4152804613113403
train/loss/object/heatmap/task2,9260,1.1896748542785645
train/loss/object/heatmap/task2,9310,1.2335361242294312
train/loss/object/heatmap/task2,9360,1.3545588254928589
train/loss/object/heatmap/task2,9410,1.246853232383728
train/loss/object/heatmap/task2,9460,1.4039720296859741
train/loss/object/heatmap/task2,9554,1.3556265830993652
train/loss/object/heatmap/task2,9604,1.2469892501831055
train/loss/object/heatmap/task2,9654,1.360931634902954
train/loss/object/heatmap/task2,9704,1.2273815870285034
train/loss/object/heatmap/task2,9754,1.3375085592269897
train/loss/object/heatmap/task2,9804,1.4088921546936035
train/loss/object/heatmap/task2,9854,1.2149405479431152
train/loss/object/heatmap/task2,9904,1.2407793998718262
train/loss/object/heatmap/task2,9954,1.3594188690185547
train/loss/object/heatmap/task2,10004,1.258134365081787
train/loss/object/heatmap/task2,10054,1.3893606662750244
train/loss/object/heatmap/task2,10148,1.3836954832077026
train/loss/object/heatmap/task2,10198,1.2712640762329102
train/loss/object/heatmap/task2,10248,1.332275629043579
train/loss/object/heatmap/task2,10298,1.204248309135437
train/loss/object/heatmap/task2,10348,1.2951782941818237
train/loss/object/heatmap/task2,10398,1.370800256729126
train/loss/object/heatmap/task2,10448,1.1981110572814941
train/loss/object/heatmap/task2,10498,1.1817388534545898
train/loss/object/heatmap/task2,10548,1.339652180671692
train/loss/object/heatmap/task2,10598,1.279999017715454
train/loss/object/heatmap/task2,10648,1.3925275802612305
train/loss/object/heatmap/task2,10742,1.347881555557251
train/loss/object/heatmap/task2,10792,1.2609765529632568
train/loss/object/heatmap/task2,10842,1.3247085809707642
train/loss/object/heatmap/task2,10892,1.2087595462799072
train/loss/object/heatmap/task2,10942,1.3165539503097534
train/loss/object/heatmap/task2,10992,1.3698623180389404
train/loss/object/heatmap/task2,11042,1.1868276596069336
train/loss/object/heatmap/task2,11092,1.2061586380004883
train/loss/object/heatmap/task2,11142,1.3157974481582642
train/loss/object/heatmap/task2,11192,1.238027572631836
train/loss/object/heatmap/task2,11242,1.3652558326721191
train/loss/object/heatmap/task2,11336,1.3574061393737793
train/loss/object/heatmap/task2,11386,1.2737447023391724
train/loss/object/heatmap/task2,11436,1.314977765083313
train/loss/object/heatmap/task2,11486,1.1979094743728638
train/loss/object/heatmap/task2,11536,1.312058925628662
train/loss/object/heatmap/task2,11586,1.3808003664016724
train/loss/object/heatmap/task2,11636,1.1764060258865356
train/loss/object/heatmap/task2,11686,1.2127693891525269
train/loss/object/heatmap/task2,11736,1.3218978643417358
train/loss/object/heatmap/task2,11786,1.2298461198806763
train/loss/object/heatmap/task2,11836,1.3987101316452026
train/loss/object/heatmap/task2,11930,1.3491358757019043
train/loss/object/heatmap/task2,11980,1.2666053771972656
train/loss/object/heatmap/task2,12030,1.31773841381073
train/loss/object/heatmap/task2,12080,1.2378935813903809
train/loss/object/heatmap/task2,12130,1.2909393310546875
train/loss/object/heatmap/task2,12180,1.316754698753357
train/loss/object/heatmap/task2,12230,1.202409029006958
train/loss/object/heatmap/task2,12280,1.1716549396514893
train/loss/object/heatmap/task2,12330,1.3456045389175415
train/loss/object/heatmap/task2,12380,1.220676302909851
train/loss/object/heatmap/task2,12430,1.372213363647461
train/loss/object/heatmap/task2,12524,1.3404293060302734
train/loss/object/heatmap/task2,12574,1.247627854347229
train/loss/object/heatmap/task2,12624,1.293294906616211
train/loss/object/heatmap/task2,12674,1.224364161491394
train/loss/object/heatmap/task2,12724,1.2899807691574097
train/loss/object/heatmap/task2,12774,1.3773572444915771
train/loss/object/heatmap/task2,12824,1.1773056983947754
train/loss/object/heatmap/task2,12874,1.1681149005889893
train/loss/object/heatmap/task2,12924,1.2837659120559692
train/loss/object/heatmap/task2,12974,1.2227485179901123
train/loss/object/heatmap/task2,13024,1.3843554258346558
train/loss/object/heatmap/task2,13118,1.3221639394760132
train/loss/object/heatmap/task2,13168,1.2879668474197388
train/loss/object/heatmap/task2,13218,1.3050123453140259
train/loss/object/heatmap/task2,13268,1.180802822113037
train/loss/object/heatmap/task2,13318,1.271114468574524
train/loss/object/heatmap/task2,13368,1.3410649299621582
train/loss/object/heatmap/task2,13418,1.193376898765564
train/loss/object/heatmap/task2,13468,1.1735334396362305
train/loss/object/heatmap/task2,13518,1.3180477619171143
train/loss/object/heatmap/task2,13568,1.1973936557769775
train/loss/object/heatmap/task2,13618,1.3841571807861328
train/loss/object/heatmap/task2,13712,1.3147265911102295
train/loss/object/heatmap/task2,13762,1.2017652988433838
train/loss/object/heatmap/task2,13812,1.3090417385101318
train/loss/object/heatmap/task2,13862,1.1734362840652466
train/loss/object/heatmap/task2,13912,1.2744487524032593
train/loss/object/heatmap/task2,13962,1.338426113128662
train/loss/object/heatmap/task2,14012,1.188437581062317
train/loss/object/heatmap/task2,14062,1.1729159355163574
train/loss/object/heatmap/task2,14112,1.3105151653289795
train/loss/object/heatmap/task2,14162,1.2168091535568237
train/loss/object/heatmap/task2,14212,1.373181700706482
train/loss/object/heatmap/task2,14306,0.4378461539745331
train/loss/object/heatmap/task2,14356,0.2330816239118576
train/loss/object/heatmap/task2,14406,0.22590284049510956
train/loss/object/heatmap/task2,14456,0.2647245526313782
train/loss/object/heatmap/task2,14506,0.2038044035434723
train/loss/object/heatmap/task2,14556,0.20614448189735413
train/loss/object/heatmap/task2,14606,0.22782588005065918
train/loss/object/heatmap/task2,14656,0.2038508951663971
train/loss/object/heatmap/task2,14706,0.22090867161750793
train/loss/object/heatmap/task2,14756,0.2203037589788437
train/loss/object/heatmap/task2,14806,0.2070353627204895
train/loss/object/heatmap/task2,14900,0.22837801277637482
train/loss/object/heatmap/task2,14950,0.1753741353750229
train/loss/object/heatmap/task2,15000,0.17886024713516235
train/loss/object/heatmap/task2,15050,0.23340122401714325
train/loss/object/heatmap/task2,15100,0.1488063484430313
train/loss/object/heatmap/task2,15150,0.19573280215263367
train/loss/object/heatmap/task2,15200,0.17876878380775452
train/loss/object/heatmap/task2,15250,0.202413871884346
train/loss/object/heatmap/task2,15300,0.25392472743988037
train/loss/object/heatmap/task2,15350,0.16716782748699188
train/loss/object/heatmap/task2,15400,0.2006184309720993
train/loss/object/heatmap/task2,15494,0.20207040011882782
train/loss/object/heatmap/task2,15544,0.19591742753982544
train/loss/object/heatmap/task2,15594,0.17022952437400818
train/loss/object/heatmap/task2,15644,0.23132304847240448
train/loss/object/heatmap/task2,15694,0.1954624205827713
train/loss/object/heatmap/task2,15744,0.15791885554790497
train/loss/object/heatmap/task2,15794,0.17304271459579468
train/loss/object/heatmap/task2,15844,0.18987205624580383
train/loss/object/heatmap/task2,15894,0.17243847250938416
train/loss/object/heatmap/task2,15944,0.14391066133975983
train/loss/object/heatmap/task2,15994,0.2026505470275879
train/loss/object/heatmap/task2,16088,0.2042730450630188
train/loss/object/heatmap/task2,16138,0.20252525806427002
train/loss/object/heatmap/task2,16188,0.16931681334972382
train/loss/object/heatmap/task2,16238,0.16626155376434326
train/loss/object/heatmap/task2,16288,0.18457043170928955
train/loss/object/heatmap/task2,16338,0.19184112548828125
train/loss/object/heatmap/task2,16388,0.20871813595294952
train/loss/object/heatmap/task2,16438,0.17146238684654236
train/loss/object/heatmap/task2,16488,0.19442401826381683
train/loss/object/heatmap/task2,16538,0.17581072449684143
train/loss/object/heatmap/task2,16588,0.16300801932811737
train/loss/object/heatmap/task2,16682,0.205278217792511
train/loss/object/heatmap/task2,16732,0.18377581238746643
train/loss/object/heatmap/task2,16782,0.17147402465343475
train/loss/object/heatmap/task2,16832,0.19550721347332
train/loss/object/heatmap/task2,16882,0.18906138837337494
train/loss/object/heatmap/task2,16932,0.15781114995479584
train/loss/object/heatmap/task2,16982,0.15874427556991577
train/loss/object/heatmap/task2,17032,0.17509622871875763
train/loss/object/heatmap/task2,17082,0.16658996045589447
train/loss/object/heatmap/task2,17132,0.1998489499092102
train/loss/object/heatmap/task2,17182,0.14689388871192932
train/loss/object/heatmap/task2,17276,0.23785321414470673
train/loss/object/heatmap/task2,17326,0.16710875928401947
train/loss/object/heatmap/task2,17376,0.1587235927581787
train/loss/object/heatmap/task2,17426,0.16549429297447205
train/loss/object/heatmap/task2,17476,0.16466468572616577
train/loss/object/heatmap/task2,17526,0.1884280890226364
train/loss/object/heatmap/task2,17576,0.12183906137943268
train/loss/object/heatmap/task2,17626,0.13509555160999298
train/loss/object/heatmap/task2,17676,0.1360858827829361
train/loss/object/heatmap/task2,17726,0.161713108420372
train/loss/object/heatmap/task2,17776,0.1669526845216751
train/loss/object/heatmap/task2,17870,0.18178023397922516
train/loss/object/heatmap/task2,17920,0.11826342344284058
train/loss/object/heatmap/task2,17970,0.17054182291030884
train/loss/object/heatmap/task2,18020,0.12932096421718597
train/loss/object/heatmap/task2,18070,0.1862013041973114
train/loss/object/heatmap/task2,18120,0.13701176643371582
train/loss/object/heatmap/task2,18170,0.15458053350448608
train/loss/object/heatmap/task2,18220,0.1419088989496231
train/loss/object/heatmap/task2,18270,0.19734539091587067
train/loss/object/heatmap/task2,18320,0.15912728011608124
train/loss/object/heatmap/task2,18370,0.17331019043922424
train/loss/object/heatmap/task2,18464,0.13307185471057892
train/loss/object/heatmap/task2,18514,0.13184452056884766
train/loss/object/heatmap/task2,18564,0.15831781923770905
train/loss/object/heatmap/task2,18614,0.1919042319059372
train/loss/object/heatmap/task2,18664,0.11031535267829895
train/loss/object/heatmap/task2,18714,0.1947609782218933
train/loss/object/heatmap/task2,18764,0.1463788002729416
train/loss/object/heatmap/task2,18814,0.12894590198993683
train/loss/object/heatmap/task2,18864,0.17543384432792664
train/loss/object/heatmap/task2,18914,0.11753708869218826
train/loss/object/heatmap/task2,18964,0.17343105375766754
train/loss/object/heatmap/task2,19058,0.14076246321201324
train/loss/object/heatmap/task2,19108,0.138923779129982
train/loss/object/heatmap/task2,19158,0.1578853875398636
train/loss/object/heatmap/task2,19208,0.14889171719551086
train/loss/object/heatmap/task2,19258,0.14085040986537933
train/loss/object/heatmap/task2,19308,0.1431640237569809
train/loss/object/heatmap/task2,19358,0.16726642847061157
train/loss/object/heatmap/task2,19408,0.13287228345870972
train/loss/object/heatmap/task2,19458,0.15242014825344086
train/loss/object/heatmap/task2,19508,0.12336970120668411
train/loss/object/heatmap/task2,19558,0.17577730119228363
train/loss/object/heatmap/task2,19652,0.13633041083812714
train/loss/object/heatmap/task2,19702,0.13245423138141632
train/loss/object/heatmap/task2,19752,0.15296250581741333
train/loss/object/heatmap/task2,19802,0.16594131290912628
train/loss/object/heatmap/task2,19852,0.1437254250049591
train/loss/object/heatmap/task2,19902,0.14729252457618713
train/loss/object/heatmap/task2,19952,0.12595775723457336
train/loss/object/heatmap/task2,20002,0.1363816261291504
train/loss/object/heatmap/task2,20052,0.16055868566036224
train/loss/object/heatmap/task2,20102,0.13289296627044678
train/loss/object/heatmap/task2,20152,0.1301698088645935
train/loss/object/heatmap/task2,20246,0.14259544014930725
train/loss/object/heatmap/task2,20296,0.1391303539276123
train/loss/object/heatmap/task2,20346,0.1373581439256668
train/loss/object/heatmap/task2,20396,0.1208394318819046
train/loss/object/heatmap/task2,20446,0.15447533130645752
train/loss/object/heatmap/task2,20496,0.13634319603443146
train/loss/object/heatmap/task2,20546,0.13863299787044525
train/loss/object/heatmap/task2,20596,0.16116811335086823
train/loss/object/heatmap/task2,20646,0.13553903996944427
train/loss/object/heatmap/task2,20696,0.13846881687641144
train/loss/object/heatmap/task2,20746,0.13254483044147491
train/loss/object/heatmap/task2,20840,0.14050577580928802
train/loss/object/heatmap/task2,20890,0.13757982850074768
train/loss/object/heatmap/task2,20940,0.14400933682918549
train/loss/object/heatmap/task2,20990,0.10858657211065292
train/loss/object/heatmap/task2,21040,0.13142268359661102
train/loss/object/heatmap/task2,21090,0.16032585501670837
train/loss/object/heatmap/task2,21140,0.12541580200195312
train/loss/object/heatmap/task2,21190,0.14305250346660614
train/loss/object/heatmap/task2,21240,0.11780087649822235
train/loss/object/heatmap/task2,21290,0.1222289577126503
train/loss/object/heatmap/task2,21340,0.15403354167938232
train/loss/object/heatmap/task2,21434,0.14454646408557892
train/loss/object/heatmap/task2,21484,0.1156347468495369
train/loss/object/heatmap/task2,21534,0.1253325492143631
train/loss/object/heatmap/task2,21584,0.14302562177181244
train/loss/object/heatmap/task2,21634,0.12440836429595947
train/loss/object/heatmap/task2,21684,0.13636818528175354
train/loss/object/heatmap/task2,21734,0.1096113994717598
train/loss/object/heatmap/task2,21784,0.11686158925294876
train/loss/object/heatmap/task2,21834,0.10442344099283218
train/loss/object/heatmap/task2,21884,0.12318935990333557
train/loss/object/heatmap/task2,21934,0.11241063475608826
train/loss/object/heatmap/task2,22028,0.11873450875282288
train/loss/object/heatmap/task2,22078,0.10895131528377533
train/loss/object/heatmap/task2,22128,0.12866657972335815
train/loss/object/heatmap/task2,22178,0.1393817961215973
train/loss/object/heatmap/task2,22228,0.1353420466184616
train/loss/object/heatmap/task2,22278,0.1437455266714096
train/loss/object/heatmap/task2,22328,0.1375623345375061
train/loss/object/heatmap/task2,22378,0.10218089818954468
train/loss/object/heatmap/task2,22428,0.12063593417406082
train/loss/object/heatmap/task2,22478,0.13158822059631348
train/loss/object/heatmap/task2,22528,0.11090592294931412
train/loss/object/heatmap/task2,22622,0.11981206387281418
train/loss/object/heatmap/task2,22672,0.12268919497728348
train/loss/object/heatmap/task2,22722,0.15291528403759003
train/loss/object/heatmap/task2,22772,0.11530960351228714
train/loss/object/heatmap/task2,22822,0.13115468621253967
train/loss/object/heatmap/task2,22872,0.10701366513967514
train/loss/object/heatmap/task2,22922,0.11244070529937744
train/loss/object/heatmap/task2,22972,0.11984137445688248
train/loss/object/heatmap/task2,23022,0.11488310247659683
train/loss/object/heatmap/task2,23072,0.09525766968727112
train/loss/object/heatmap/task2,23122,0.11633823066949844
train/loss/object/heatmap/task2,23216,0.1154441311955452
train/loss/object/heatmap/task2,23266,0.11627274006605148
train/loss/object/heatmap/task2,23316,0.12385263293981552
train/loss/object/heatmap/task2,23366,0.14189457893371582
train/loss/object/heatmap/task2,23416,0.13026028871536255
train/loss/object/heatmap/task2,23466,0.09602487832307816
train/loss/object/heatmap/task2,23516,0.10655190050601959
train/loss/object/heatmap/task2,23566,0.1076553463935852
train/loss/object/heatmap/task2,23616,0.10163447260856628
train/loss/object/heatmap/task2,23666,0.142200767993927
train/loss/object/heatmap/task2,23716,0.14369724690914154
train/loss/object/heatmap/task2,23810,0.12397842109203339
train/loss/object/heatmap/task2,23860,0.12282709032297134
train/loss/object/heatmap/task2,23910,0.12359000742435455
train/loss/object/heatmap/task2,23960,0.116291843354702
train/loss/object/heatmap/task2,24010,0.1051676869392395
train/loss/object/heatmap/task2,24060,0.1306270956993103
train/loss/object/heatmap/task2,24110,0.13647814095020294
train/loss/object/heatmap/task2,24160,0.1391381025314331
train/loss/object/heatmap/task2,24210,0.10860318690538406
train/loss/object/heatmap/task2,24260,0.10792837291955948
train/loss/object/heatmap/task2,24310,0.10580892115831375
train/loss/object/heatmap/task2,24404,0.11018737405538559
train/loss/object/heatmap/task2,24454,0.11685273051261902
train/loss/object/heatmap/task2,24504,0.12248265743255615
train/loss/object/heatmap/task2,24554,0.12227082997560501
train/loss/object/heatmap/task2,24604,0.11078166961669922
train/loss/object/heatmap/task2,24654,0.12493105977773666
train/loss/object/heatmap/task2,24704,0.1279582977294922
train/loss/object/heatmap/task2,24754,0.08529777824878693
train/loss/object/heatmap/task2,24804,0.11565542221069336
train/loss/object/heatmap/task2,24854,0.12957628071308136
train/loss/object/heatmap/task2,24904,0.10003608465194702
train/loss/object/heatmap/task2,24998,0.11964994668960571
train/loss/object/heatmap/task2,25048,0.13219024240970612
train/loss/object/heatmap/task2,25098,0.0975661426782608
train/loss/object/heatmap/task2,25148,0.11542851477861404
train/loss/object/heatmap/task2,25198,0.13885991275310516
train/loss/object/heatmap/task2,25248,0.10268710553646088
train/loss/object/heatmap/task2,25298,0.09953740984201431
train/loss/object/heatmap/task2,25348,0.11269339919090271
train/loss/object/heatmap/task2,25398,0.11443216353654861
train/loss/object/heatmap/task2,25448,0.11866267770528793
train/loss/object/heatmap/task2,25498,0.115107461810112
train/loss/object/heatmap/task2,25592,0.12404703348875046
train/loss/object/heatmap/task2,25642,0.0986480861902237
train/loss/object/heatmap/task2,25692,0.13623973727226257
train/loss/object/heatmap/task2,25742,0.11098634451627731
train/loss/object/heatmap/task2,25792,0.10777546465396881
train/loss/object/heatmap/task2,25842,0.13154684007167816
train/loss/object/heatmap/task2,25892,0.1300012767314911
train/loss/object/heatmap/task2,25942,0.11851882189512253
train/loss/object/heatmap/task2,25992,0.11577551066875458
train/loss/object/heatmap/task2,26042,0.09638711810112
train/loss/object/heatmap/task2,26092,0.09032971411943436
train/loss/object/heatmap/task2,26186,0.11077909916639328
train/loss/object/heatmap/task2,26236,0.13234055042266846
train/loss/object/heatmap/task2,26286,0.12190190702676773
train/loss/object/heatmap/task2,26336,0.10825581848621368
train/loss/object/heatmap/task2,26386,0.12634287774562836
train/loss/object/heatmap/task2,26436,0.11912945657968521
train/loss/object/heatmap/task2,26486,0.11621810495853424
train/loss/object/heatmap/task2,26536,0.13039425015449524
train/loss/object/heatmap/task2,26586,0.10927733033895493
train/loss/object/heatmap/task2,26636,0.1154342070221901
train/loss/object/heatmap/task2,26686,0.10803604871034622
train/loss/object/heatmap/task2,26780,0.11434530466794968
train/loss/object/heatmap/task2,26830,0.11452610045671463
train/loss/object/heatmap/task2,26880,0.14252007007598877
train/loss/object/heatmap/task2,26930,0.09510158747434616
train/loss/object/heatmap/task2,26980,0.116810142993927
train/loss/object/heatmap/task2,27030,0.0881662592291832
train/loss/object/heatmap/task2,27080,0.10798551887273788
train/loss/object/heatmap/task2,27130,0.08720852434635162
train/loss/object/heatmap/task2,27180,0.09885625541210175
train/loss/object/heatmap/task2,27230,0.11920765787363052
train/loss/object/heatmap/task2,27280,0.12962114810943604
train/loss/object/heatmap/task2,27374,0.13446417450904846
train/loss/object/heatmap/task2,27424,0.10325829684734344
train/loss/object/heatmap/task2,27474,0.1544322818517685
train/loss/object/heatmap/task2,27524,0.12650106847286224
train/loss/object/heatmap/task2,27574,0.10494744032621384
train/loss/object/heatmap/task2,27624,0.13719038665294647
train/loss/object/heatmap/task2,27674,0.08809546381235123
train/loss/object/heatmap/task2,27724,0.11447539925575256
train/loss/object/heatmap/task2,27774,0.10875540226697922
train/loss/object/heatmap/task2,27824,0.11253335326910019
train/loss/object/heatmap/task2,27874,0.13510136306285858
train/loss/object/heatmap/task2,27968,0.1064077690243721
train/loss/object/heatmap/task2,28018,0.1376146823167801
train/loss/object/heatmap/task2,28068,0.08951615542173386
train/loss/object/heatmap/task2,28118,0.12327727675437927
train/loss/object/heatmap/task2,28168,0.12806925177574158
train/loss/object/heatmap/task2,28218,0.09146460890769958
train/loss/object/heatmap/task2,28268,0.1298045665025711
train/loss/object/heatmap/task2,28318,0.11671717464923859
train/loss/object/heatmap/task2,28368,0.10225582867860794
train/loss/object/heatmap/task2,28418,0.08955325931310654
train/loss/object/heatmap/task2,28468,0.0929790809750557
train/loss/object/bbox/task2,50,0.5515363216400146
train/loss/object/bbox/task2,100,0.3955683410167694
train/loss/object/bbox/task2,150,0.3416675627231598
train/loss/object/bbox/task2,200,0.2804502844810486
train/loss/object/bbox/task2,250,0.2781197726726532
train/loss/object/bbox/task2,300,0.2604624330997467
train/loss/object/bbox/task2,350,0.22411753237247467
train/loss/object/bbox/task2,400,0.24012267589569092
train/loss/object/bbox/task2,450,0.23267331719398499
train/loss/object/bbox/task2,500,0.21028396487236023
train/loss/object/bbox/task2,550,0.22918801009655
train/loss/object/bbox/task2,644,0.22425207495689392
train/loss/object/bbox/task2,694,0.2094397395849228
train/loss/object/bbox/task2,744,0.2277306318283081
train/loss/object/bbox/task2,794,0.19713194668293
train/loss/object/bbox/task2,844,0.19534146785736084
train/loss/object/bbox/task2,894,0.21633242070674896
train/loss/object/bbox/task2,944,0.18903936445713043
train/loss/object/bbox/task2,994,0.20283249020576477
train/loss/object/bbox/task2,1044,0.19848312437534332
train/loss/object/bbox/task2,1094,0.19260306656360626
train/loss/object/bbox/task2,1144,0.20497775077819824
train/loss/object/bbox/task2,1238,0.21345458924770355
train/loss/object/bbox/task2,1288,0.20852996408939362
train/loss/object/bbox/task2,1338,0.2100384384393692
train/loss/object/bbox/task2,1388,0.19199366867542267
train/loss/object/bbox/task2,1438,0.18209612369537354
train/loss/object/bbox/task2,1488,0.20824003219604492
train/loss/object/bbox/task2,1538,0.17486390471458435
train/loss/object/bbox/task2,1588,0.1900557279586792
train/loss/object/bbox/task2,1638,0.19176015257835388
train/loss/object/bbox/task2,1688,0.1834625005722046
train/loss/object/bbox/task2,1738,0.19373835623264313
train/loss/object/bbox/task2,1832,0.20635226368904114
train/loss/object/bbox/task2,1882,0.19753161072731018
train/loss/object/bbox/task2,1932,0.19399233162403107
train/loss/object/bbox/task2,1982,0.18180735409259796
train/loss/object/bbox/task2,2032,0.17514613270759583
train/loss/object/bbox/task2,2082,0.19711996614933014
train/loss/object/bbox/task2,2132,0.1704135239124298
train/loss/object/bbox/task2,2182,0.18203337490558624
train/loss/object/bbox/task2,2232,0.1801525056362152
train/loss/object/bbox/task2,2282,0.1777212768793106
train/loss/object/bbox/task2,2332,0.1863611340522766
train/loss/object/bbox/task2,2426,0.20170345902442932
train/loss/object/bbox/task2,2476,0.19069936871528625
train/loss/object/bbox/task2,2526,0.19332703948020935
train/loss/object/bbox/task2,2576,0.17940197885036469
train/loss/object/bbox/task2,2626,0.16557763516902924
train/loss/object/bbox/task2,2676,0.1958378106355667
train/loss/object/bbox/task2,2726,0.1656688153743744
train/loss/object/bbox/task2,2776,0.17949816584587097
train/loss/object/bbox/task2,2826,0.1801351010799408
train/loss/object/bbox/task2,2876,0.17977188527584076
train/loss/object/bbox/task2,2926,0.18055102229118347
train/loss/object/bbox/task2,3020,0.1945863664150238
train/loss/object/bbox/task2,3070,0.18997831642627716
train/loss/object/bbox/task2,3120,0.19113688170909882
train/loss/object/bbox/task2,3170,0.17641814053058624
train/loss/object/bbox/task2,3220,0.16506248712539673
train/loss/object/bbox/task2,3270,0.19384565949440002
train/loss/object/bbox/task2,3320,0.16037437319755554
train/loss/object/bbox/task2,3370,0.176369771361351
train/loss/object/bbox/task2,3420,0.1748279631137848
train/loss/object/bbox/task2,3470,0.1749587059020996
train/loss/object/bbox/task2,3520,0.17955470085144043
train/loss/object/bbox/task2,3614,0.19328714907169342
train/loss/object/bbox/task2,3664,0.18324117362499237
train/loss/object/bbox/task2,3714,0.18426041305065155
train/loss/object/bbox/task2,3764,0.17620033025741577
train/loss/object/bbox/task2,3814,0.16329596936702728
train/loss/object/bbox/task2,3864,0.18411147594451904
train/loss/object/bbox/task2,3914,0.15720386803150177
train/loss/object/bbox/task2,3964,0.17121990025043488
train/loss/object/bbox/task2,4014,0.1714542806148529
train/loss/object/bbox/task2,4064,0.16954658925533295
train/loss/object/bbox/task2,4114,0.17650490999221802
train/loss/object/bbox/task2,4208,0.1889023631811142
train/loss/object/bbox/task2,4258,0.17965444922447205
train/loss/object/bbox/task2,4308,0.18514858186244965
train/loss/object/bbox/task2,4358,0.16882339119911194
train/loss/object/bbox/task2,4408,0.15958017110824585
train/loss/object/bbox/task2,4458,0.18249331414699554
train/loss/object/bbox/task2,4508,0.15218037366867065
train/loss/object/bbox/task2,4558,0.16777105629444122
train/loss/object/bbox/task2,4608,0.16657589375972748
train/loss/object/bbox/task2,4658,0.16818006336688995
train/loss/object/bbox/task2,4708,0.17295032739639282
train/loss/object/bbox/task2,4802,0.1864864081144333
train/loss/object/bbox/task2,4852,0.17438799142837524
train/loss/object/bbox/task2,4902,0.1786486804485321
train/loss/object/bbox/task2,4952,0.16973146796226501
train/loss/object/bbox/task2,5002,0.15522372722625732
train/loss/object/bbox/task2,5052,0.1809232085943222
train/loss/object/bbox/task2,5102,0.15101046860218048
train/loss/object/bbox/task2,5152,0.1673760712146759
train/loss/object/bbox/task2,5202,0.16776162385940552
train/loss/object/bbox/task2,5252,0.16529977321624756
train/loss/object/bbox/task2,5302,0.17231716215610504
train/loss/object/bbox/task2,5396,0.1823432296514511
train/loss/object/bbox/task2,5446,0.17583775520324707
train/loss/object/bbox/task2,5496,0.17466618120670319
train/loss/object/bbox/task2,5546,0.1662483811378479
train/loss/object/bbox/task2,5596,0.15772822499275208
train/loss/object/bbox/task2,5646,0.17580488324165344
train/loss/object/bbox/task2,5696,0.15046365559101105
train/loss/object/bbox/task2,5746,0.16798549890518188
train/loss/object/bbox/task2,5796,0.16374471783638
train/loss/object/bbox/task2,5846,0.1669842153787613
train/loss/object/bbox/task2,5896,0.16949060559272766
train/loss/object/bbox/task2,5990,0.17798717319965363
train/loss/object/bbox/task2,6040,0.1733766794204712
train/loss/object/bbox/task2,6090,0.17293155193328857
train/loss/object/bbox/task2,6140,0.16647672653198242
train/loss/object/bbox/task2,6190,0.15109145641326904
train/loss/object/bbox/task2,6240,0.16835083067417145
train/loss/object/bbox/task2,6290,0.15038582682609558
train/loss/object/bbox/task2,6340,0.16595670580863953
train/loss/object/bbox/task2,6390,0.1617002785205841
train/loss/object/bbox/task2,6440,0.15937446057796478
train/loss/object/bbox/task2,6490,0.16677646338939667
train/loss/object/bbox/task2,6584,0.1768750697374344
train/loss/object/bbox/task2,6634,0.17400521039962769
train/loss/object/bbox/task2,6684,0.17236045002937317
train/loss/object/bbox/task2,6734,0.16322536766529083
train/loss/object/bbox/task2,6784,0.15259233117103577
train/loss/object/bbox/task2,6834,0.1674015372991562
train/loss/object/bbox/task2,6884,0.14700214564800262
train/loss/object/bbox/task2,6934,0.16047333180904388
train/loss/object/bbox/task2,6984,0.16338352859020233
train/loss/object/bbox/task2,7034,0.16046370565891266
train/loss/object/bbox/task2,7084,0.16630491614341736
train/loss/object/bbox/task2,7178,0.175705686211586
train/loss/object/bbox/task2,7228,0.17226925492286682
train/loss/object/bbox/task2,7278,0.16777992248535156
train/loss/object/bbox/task2,7328,0.1625678390264511
train/loss/object/bbox/task2,7378,0.15192502737045288
train/loss/object/bbox/task2,7428,0.1668352484703064
train/loss/object/bbox/task2,7478,0.1465943306684494
train/loss/object/bbox/task2,7528,0.15909689664840698
train/loss/object/bbox/task2,7578,0.1576264649629593
train/loss/object/bbox/task2,7628,0.1566886305809021
train/loss/object/bbox/task2,7678,0.16139505803585052
train/loss/object/bbox/task2,7772,0.1692376285791397
train/loss/object/bbox/task2,7822,0.1691189557313919
train/loss/object/bbox/task2,7872,0.1673908680677414
train/loss/object/bbox/task2,7922,0.1569255292415619
train/loss/object/bbox/task2,7972,0.14444389939308167
train/loss/object/bbox/task2,8022,0.16437703371047974
train/loss/object/bbox/task2,8072,0.14207416772842407
train/loss/object/bbox/task2,8122,0.1569606363773346
train/loss/object/bbox/task2,8172,0.15421275794506073
train/loss/object/bbox/task2,8222,0.1568293571472168
train/loss/object/bbox/task2,8272,0.1613713502883911
train/loss/object/bbox/task2,8366,0.17019100487232208
train/loss/object/bbox/task2,8416,0.16843339800834656
train/loss/object/bbox/task2,8466,0.16746608912944794
train/loss/object/bbox/task2,8516,0.15994121134281158
train/loss/object/bbox/task2,8566,0.1480555534362793
train/loss/object/bbox/task2,8616,0.16528262197971344
train/loss/object/bbox/task2,8666,0.14207115769386292
train/loss/object/bbox/task2,8716,0.158368319272995
train/loss/object/bbox/task2,8766,0.1547391563653946
train/loss/object/bbox/task2,8816,0.15481436252593994
train/loss/object/bbox/task2,8866,0.16030634939670563
train/loss/object/bbox/task2,8960,0.16545824706554413
train/loss/object/bbox/task2,9010,0.16323591768741608
train/loss/object/bbox/task2,9060,0.16542743146419525
train/loss/object/bbox/task2,9110,0.15900316834449768
train/loss/object/bbox/task2,9160,0.1436263471841812
train/loss/object/bbox/task2,9210,0.16190989315509796
train/loss/object/bbox/task2,9260,0.14260075986385345
train/loss/object/bbox/task2,9310,0.1540403813123703
train/loss/object/bbox/task2,9360,0.15333761274814606
train/loss/object/bbox/task2,9410,0.15597271919250488
train/loss/object/bbox/task2,9460,0.1592000126838684
train/loss/object/bbox/task2,9554,0.16942138969898224
train/loss/object/bbox/task2,9604,0.1571396291255951
train/loss/object/bbox/task2,9654,0.16585151851177216
train/loss/object/bbox/task2,9704,0.15553374588489532
train/loss/object/bbox/task2,9754,0.14176011085510254
train/loss/object/bbox/task2,9804,0.15828245878219604
train/loss/object/bbox/task2,9854,0.14238296449184418
train/loss/object/bbox/task2,9904,0.1536247730255127
train/loss/object/bbox/task2,9954,0.1520533412694931
train/loss/object/bbox/task2,10004,0.15835389494895935
train/loss/object/bbox/task2,10054,0.1603993922472
train/loss/object/bbox/task2,10148,0.16949385404586792
train/loss/object/bbox/task2,10198,0.15950612723827362
train/loss/object/bbox/task2,10248,0.1620611697435379
train/loss/object/bbox/task2,10298,0.15564197301864624
train/loss/object/bbox/task2,10348,0.14140430092811584
train/loss/object/bbox/task2,10398,0.15467895567417145
train/loss/object/bbox/task2,10448,0.1422603279352188
train/loss/object/bbox/task2,10498,0.15181206166744232
train/loss/object/bbox/task2,10548,0.14985352754592896
train/loss/object/bbox/task2,10598,0.1542239636182785
train/loss/object/bbox/task2,10648,0.15835757553577423
train/loss/object/bbox/task2,10742,0.16236603260040283
train/loss/object/bbox/task2,10792,0.15792958438396454
train/loss/object/bbox/task2,10842,0.1614430993795395
train/loss/object/bbox/task2,10892,0.15044377744197845
train/loss/object/bbox/task2,10942,0.14345237612724304
train/loss/object/bbox/task2,10992,0.1516799032688141
train/loss/object/bbox/task2,11042,0.13999994099140167
train/loss/object/bbox/task2,11092,0.15286827087402344
train/loss/object/bbox/task2,11142,0.15279486775398254
train/loss/object/bbox/task2,11192,0.1509072333574295
train/loss/object/bbox/task2,11242,0.1537257879972458
train/loss/object/bbox/task2,11336,0.16303977370262146
train/loss/object/bbox/task2,11386,0.15730133652687073
train/loss/object/bbox/task2,11436,0.15665146708488464
train/loss/object/bbox/task2,11486,0.1516796499490738
train/loss/object/bbox/task2,11536,0.13710273802280426
train/loss/object/bbox/task2,11586,0.15512268245220184
train/loss/object/bbox/task2,11636,0.1408446729183197
train/loss/object/bbox/task2,11686,0.1509539633989334
train/loss/object/bbox/task2,11736,0.1488022655248642
train/loss/object/bbox/task2,11786,0.15216705203056335
train/loss/object/bbox/task2,11836,0.15395092964172363
train/loss/object/bbox/task2,11930,0.1619495153427124
train/loss/object/bbox/task2,11980,0.15986642241477966
train/loss/object/bbox/task2,12030,0.1568760722875595
train/loss/object/bbox/task2,12080,0.1512354612350464
train/loss/object/bbox/task2,12130,0.13758517801761627
train/loss/object/bbox/task2,12180,0.1514398753643036
train/loss/object/bbox/task2,12230,0.13610441982746124
train/loss/object/bbox/task2,12280,0.1481858193874359
train/loss/object/bbox/task2,12330,0.1496264785528183
train/loss/object/bbox/task2,12380,0.14868105947971344
train/loss/object/bbox/task2,12430,0.15571337938308716
train/loss/object/bbox/task2,12524,0.1603025197982788
train/loss/object/bbox/task2,12574,0.15758328139781952
train/loss/object/bbox/task2,12624,0.15637853741645813
train/loss/object/bbox/task2,12674,0.14845538139343262
train/loss/object/bbox/task2,12724,0.13619133830070496
train/loss/object/bbox/task2,12774,0.1556200236082077
train/loss/object/bbox/task2,12824,0.13240590691566467
train/loss/object/bbox/task2,12874,0.1484719216823578
train/loss/object/bbox/task2,12924,0.1431291252374649
train/loss/object/bbox/task2,12974,0.1512547731399536
train/loss/object/bbox/task2,13024,0.1515946388244629
train/loss/object/bbox/task2,13118,0.16057942807674408
train/loss/object/bbox/task2,13168,0.15781669318675995
train/loss/object/bbox/task2,13218,0.15367373824119568
train/loss/object/bbox/task2,13268,0.14704187214374542
train/loss/object/bbox/task2,13318,0.13265836238861084
train/loss/object/bbox/task2,13368,0.1518273949623108
train/loss/object/bbox/task2,13418,0.13513313233852386
train/loss/object/bbox/task2,13468,0.14924190938472748
train/loss/object/bbox/task2,13518,0.14609649777412415
train/loss/object/bbox/task2,13568,0.1487804651260376
train/loss/object/bbox/task2,13618,0.15082214772701263
train/loss/object/bbox/task2,13712,0.15796059370040894
train/loss/object/bbox/task2,13762,0.15029308199882507
train/loss/object/bbox/task2,13812,0.15302741527557373
train/loss/object/bbox/task2,13862,0.14932234585285187
train/loss/object/bbox/task2,13912,0.13376851379871368
train/loss/object/bbox/task2,13962,0.15120597183704376
train/loss/object/bbox/task2,14012,0.13475345075130463
train/loss/object/bbox/task2,14062,0.14678198099136353
train/loss/object/bbox/task2,14112,0.1436595469713211
train/loss/object/bbox/task2,14162,0.14689859747886658
train/loss/object/bbox/task2,14212,0.15317711234092712
train/loss/object/bbox/task2,14306,0.0924701988697052
train/loss/object/bbox/task2,14356,0.09575308114290237
train/loss/object/bbox/task2,14406,0.09957441687583923
train/loss/object/bbox/task2,14456,0.09468162059783936
train/loss/object/bbox/task2,14506,0.09605833888053894
train/loss/object/bbox/task2,14556,0.0899941548705101
train/loss/object/bbox/task2,14606,0.0954137071967125
train/loss/object/bbox/task2,14656,0.08929494768381119
train/loss/object/bbox/task2,14706,0.08856643736362457
train/loss/object/bbox/task2,14756,0.08837956190109253
train/loss/object/bbox/task2,14806,0.08720484375953674
train/loss/object/bbox/task2,14900,0.09255097806453705
train/loss/object/bbox/task2,14950,0.08704675734043121
train/loss/object/bbox/task2,15000,0.09160585701465607
train/loss/object/bbox/task2,15050,0.0932338535785675
train/loss/object/bbox/task2,15100,0.0865311399102211
train/loss/object/bbox/task2,15150,0.08968379348516464
train/loss/object/bbox/task2,15200,0.08544676005840302
train/loss/object/bbox/task2,15250,0.08933917433023453
train/loss/object/bbox/task2,15300,0.09110195934772491
train/loss/object/bbox/task2,15350,0.08338022977113724
train/loss/object/bbox/task2,15400,0.08930128067731857
train/loss/object/bbox/task2,15494,0.08934814482927322
train/loss/object/bbox/task2,15544,0.08242398500442505
train/loss/object/bbox/task2,15594,0.08388713747262955
train/loss/object/bbox/task2,15644,0.09041575342416763
train/loss/object/bbox/task2,15694,0.08579622209072113
train/loss/object/bbox/task2,15744,0.0804702416062355
train/loss/object/bbox/task2,15794,0.08461170643568039
train/loss/object/bbox/task2,15844,0.08799818158149719
train/loss/object/bbox/task2,15894,0.07891256362199783
train/loss/object/bbox/task2,15944,0.08320170640945435
train/loss/object/bbox/task2,15994,0.0845448449254036
train/loss/object/bbox/task2,16088,0.08801528811454773
train/loss/object/bbox/task2,16138,0.08854874223470688
train/loss/object/bbox/task2,16188,0.08166449517011642
train/loss/object/bbox/task2,16238,0.08146463334560394
train/loss/object/bbox/task2,16288,0.08757373690605164
train/loss/object/bbox/task2,16338,0.08459452539682388
train/loss/object/bbox/task2,16388,0.08487164974212646
train/loss/object/bbox/task2,16438,0.08155806362628937
train/loss/object/bbox/task2,16488,0.08901975303888321
train/loss/object/bbox/task2,16538,0.08300765603780746
train/loss/object/bbox/task2,16588,0.08324551582336426
train/loss/object/bbox/task2,16682,0.08555148541927338
train/loss/object/bbox/task2,16732,0.0842595100402832
train/loss/object/bbox/task2,16782,0.0807739719748497
train/loss/object/bbox/task2,16832,0.08877578377723694
train/loss/object/bbox/task2,16882,0.08043114840984344
train/loss/object/bbox/task2,16932,0.07891052961349487
train/loss/object/bbox/task2,16982,0.08315616846084595
train/loss/object/bbox/task2,17032,0.08436182141304016
train/loss/object/bbox/task2,17082,0.08250261098146439
train/loss/object/bbox/task2,17132,0.08399985730648041
train/loss/object/bbox/task2,17182,0.07953167706727982
train/loss/object/bbox/task2,17276,0.08956793695688248
train/loss/object/bbox/task2,17326,0.07877593487501144
train/loss/object/bbox/task2,17376,0.08080831170082092
train/loss/object/bbox/task2,17426,0.07696528732776642
train/loss/object/bbox/task2,17476,0.07508527487516403
train/loss/object/bbox/task2,17526,0.08050646632909775
train/loss/object/bbox/task2,17576,0.07926827669143677
train/loss/object/bbox/task2,17626,0.07500151544809341
train/loss/object/bbox/task2,17676,0.07335865497589111
train/loss/object/bbox/task2,17726,0.08092952519655228
train/loss/object/bbox/task2,17776,0.08324176073074341
train/loss/object/bbox/task2,17870,0.0823875218629837
train/loss/object/bbox/task2,17920,0.07499001920223236
train/loss/object/bbox/task2,17970,0.07890350371599197
train/loss/object/bbox/task2,18020,0.08046341687440872
train/loss/object/bbox/task2,18070,0.08071819692850113
train/loss/object/bbox/task2,18120,0.0803675428032875
train/loss/object/bbox/task2,18170,0.0817524790763855
train/loss/object/bbox/task2,18220,0.07751578092575073
train/loss/object/bbox/task2,18270,0.07881804555654526
train/loss/object/bbox/task2,18320,0.07885894179344177
train/loss/object/bbox/task2,18370,0.07871448248624802
train/loss/object/bbox/task2,18464,0.07572679221630096
train/loss/object/bbox/task2,18514,0.08118294179439545
train/loss/object/bbox/task2,18564,0.07757939398288727
train/loss/object/bbox/task2,18614,0.08417235314846039
train/loss/object/bbox/task2,18664,0.08030939102172852
train/loss/object/bbox/task2,18714,0.08412646502256393
train/loss/object/bbox/task2,18764,0.07355757802724838
train/loss/object/bbox/task2,18814,0.07462996989488602
train/loss/object/bbox/task2,18864,0.07743600755929947
train/loss/object/bbox/task2,18914,0.06983435899019241
train/loss/object/bbox/task2,18964,0.07290371507406235
train/loss/object/bbox/task2,19058,0.07958929240703583
train/loss/object/bbox/task2,19108,0.07134997099637985
train/loss/object/bbox/task2,19158,0.07842480391263962
train/loss/object/bbox/task2,19208,0.07481195777654648
train/loss/object/bbox/task2,19258,0.0721745640039444
train/loss/object/bbox/task2,19308,0.07369028776884079
train/loss/object/bbox/task2,19358,0.08557271212339401
train/loss/object/bbox/task2,19408,0.07392270117998123
train/loss/object/bbox/task2,19458,0.0775771290063858
train/loss/object/bbox/task2,19508,0.07064404338598251
train/loss/object/bbox/task2,19558,0.07858628034591675
train/loss/object/bbox/task2,19652,0.07051596790552139
train/loss/object/bbox/task2,19702,0.06773371249437332
train/loss/object/bbox/task2,19752,0.0738210454583168
train/loss/object/bbox/task2,19802,0.08030735701322556
train/loss/object/bbox/task2,19852,0.0762019082903862
train/loss/object/bbox/task2,19902,0.07775259017944336
train/loss/object/bbox/task2,19952,0.07367563992738724
train/loss/object/bbox/task2,20002,0.0753478929400444
train/loss/object/bbox/task2,20052,0.08251562714576721
train/loss/object/bbox/task2,20102,0.07525519281625748
train/loss/object/bbox/task2,20152,0.07067528367042542
train/loss/object/bbox/task2,20246,0.07700224220752716
train/loss/object/bbox/task2,20296,0.07478352636098862
train/loss/object/bbox/task2,20346,0.07386855781078339
train/loss/object/bbox/task2,20396,0.07717850804328918
train/loss/object/bbox/task2,20446,0.07453598827123642
train/loss/object/bbox/task2,20496,0.07081660628318787
train/loss/object/bbox/task2,20546,0.075518898665905
train/loss/object/bbox/task2,20596,0.07173625379800797
train/loss/object/bbox/task2,20646,0.07555528730154037
train/loss/object/bbox/task2,20696,0.07416200637817383
train/loss/object/bbox/task2,20746,0.07559458911418915
train/loss/object/bbox/task2,20840,0.07192161679267883
train/loss/object/bbox/task2,20890,0.07361108809709549
train/loss/object/bbox/task2,20940,0.07599256932735443
train/loss/object/bbox/task2,20990,0.0696723610162735
train/loss/object/bbox/task2,21040,0.07468776404857635
train/loss/object/bbox/task2,21090,0.07405218482017517
train/loss/object/bbox/task2,21140,0.07071440666913986
train/loss/object/bbox/task2,21190,0.070041723549366
train/loss/object/bbox/task2,21240,0.06916490942239761
train/loss/object/bbox/task2,21290,0.07481925189495087
train/loss/object/bbox/task2,21340,0.0745830312371254
train/loss/object/bbox/task2,21434,0.07234737277030945
train/loss/object/bbox/task2,21484,0.07218179106712341
train/loss/object/bbox/task2,21534,0.07071992009878159
train/loss/object/bbox/task2,21584,0.06925486028194427
train/loss/object/bbox/task2,21634,0.07141481339931488
train/loss/object/bbox/task2,21684,0.07022619247436523
train/loss/object/bbox/task2,21734,0.06740150600671768
train/loss/object/bbox/task2,21784,0.07166256755590439
train/loss/object/bbox/task2,21834,0.06920196115970612
train/loss/object/bbox/task2,21884,0.07058002054691315
train/loss/object/bbox/task2,21934,0.07099354267120361
train/loss/object/bbox/task2,22028,0.07323798537254333
train/loss/object/bbox/task2,22078,0.07277395576238632
train/loss/object/bbox/task2,22128,0.06967782974243164
train/loss/object/bbox/task2,22178,0.07200248539447784
train/loss/object/bbox/task2,22228,0.07136446237564087
train/loss/object/bbox/task2,22278,0.07169879227876663
train/loss/object/bbox/task2,22328,0.07047461718320847
train/loss/object/bbox/task2,22378,0.06734070181846619
train/loss/object/bbox/task2,22428,0.06997396051883698
train/loss/object/bbox/task2,22478,0.06788633018732071
train/loss/object/bbox/task2,22528,0.06767651438713074
train/loss/object/bbox/task2,22622,0.06791908293962479
train/loss/object/bbox/task2,22672,0.06619875133037567
train/loss/object/bbox/task2,22722,0.07363586872816086
train/loss/object/bbox/task2,22772,0.06722455471754074
train/loss/object/bbox/task2,22822,0.07430415600538254
train/loss/object/bbox/task2,22872,0.06948136538267136
train/loss/object/bbox/task2,22922,0.06985999643802643
train/loss/object/bbox/task2,22972,0.07073966413736343
train/loss/object/bbox/task2,23022,0.06897959858179092
train/loss/object/bbox/task2,23072,0.06990523636341095
train/loss/object/bbox/task2,23122,0.07003206759691238
train/loss/object/bbox/task2,23216,0.06849323958158493
train/loss/object/bbox/task2,23266,0.06961791217327118
train/loss/object/bbox/task2,23316,0.0689585879445076
train/loss/object/bbox/task2,23366,0.06839819252490997
train/loss/object/bbox/task2,23416,0.06977777183055878
train/loss/object/bbox/task2,23466,0.06901544332504272
train/loss/object/bbox/task2,23516,0.06580297648906708
train/loss/object/bbox/task2,23566,0.06793194264173508
train/loss/object/bbox/task2,23616,0.06273239105939865
train/loss/object/bbox/task2,23666,0.0741533488035202
train/loss/object/bbox/task2,23716,0.06512859463691711
train/loss/object/bbox/task2,23810,0.07153592258691788
train/loss/object/bbox/task2,23860,0.06706991791725159
train/loss/object/bbox/task2,23910,0.07005919516086578
train/loss/object/bbox/task2,23960,0.06677369773387909
train/loss/object/bbox/task2,24010,0.06555981934070587
train/loss/object/bbox/task2,24060,0.07475004345178604
train/loss/object/bbox/task2,24110,0.0705786868929863
train/loss/object/bbox/task2,24160,0.06962406635284424
train/loss/object/bbox/task2,24210,0.06835447996854782
train/loss/object/bbox/task2,24260,0.06773556768894196
train/loss/object/bbox/task2,24310,0.06880045682191849
train/loss/object/bbox/task2,24404,0.06656494736671448
train/loss/object/bbox/task2,24454,0.06755602359771729
train/loss/object/bbox/task2,24504,0.06962426751852036
train/loss/object/bbox/task2,24554,0.06777627021074295
train/loss/object/bbox/task2,24604,0.06945841759443283
train/loss/object/bbox/task2,24654,0.0695386454463005
train/loss/object/bbox/task2,24704,0.07005013525485992
train/loss/object/bbox/task2,24754,0.06474855542182922
train/loss/object/bbox/task2,24804,0.0679205134510994
train/loss/object/bbox/task2,24854,0.06925521790981293
train/loss/object/bbox/task2,24904,0.0653211697936058
train/loss/object/bbox/task2,24998,0.07005974650382996
train/loss/object/bbox/task2,25048,0.06955492496490479
train/loss/object/bbox/task2,25098,0.06291009485721588
train/loss/object/bbox/task2,25148,0.06542302668094635
train/loss/object/bbox/task2,25198,0.07283083349466324
train/loss/object/bbox/task2,25248,0.0652206614613533
train/loss/object/bbox/task2,25298,0.06325829774141312
train/loss/object/bbox/task2,25348,0.06518381088972092
train/loss/object/bbox/task2,25398,0.0673632025718689
train/loss/object/bbox/task2,25448,0.06978058069944382
train/loss/object/bbox/task2,25498,0.06846784800291061
train/loss/object/bbox/task2,25592,0.06829257309436798
train/loss/object/bbox/task2,25642,0.06306318193674088
train/loss/object/bbox/task2,25692,0.07015695422887802
train/loss/object/bbox/task2,25742,0.06708438694477081
train/loss/object/bbox/task2,25792,0.06530415266752243
train/loss/object/bbox/task2,25842,0.06956037133932114
train/loss/object/bbox/task2,25892,0.06701623648405075
train/loss/object/bbox/task2,25942,0.06647691130638123
train/loss/object/bbox/task2,25992,0.06704223901033401
train/loss/object/bbox/task2,26042,0.06216636672616005
train/loss/object/bbox/task2,26092,0.0661158412694931
train/loss/object/bbox/task2,26186,0.0667329654097557
train/loss/object/bbox/task2,26236,0.07319967448711395
train/loss/object/bbox/task2,26286,0.06749196350574493
train/loss/object/bbox/task2,26336,0.06723654270172119
train/loss/object/bbox/task2,26386,0.06238246336579323
train/loss/object/bbox/task2,26436,0.06616230309009552
train/loss/object/bbox/task2,26486,0.0645732656121254
train/loss/object/bbox/task2,26536,0.06934233754873276
train/loss/object/bbox/task2,26586,0.06867146492004395
train/loss/object/bbox/task2,26636,0.06716564297676086
train/loss/object/bbox/task2,26686,0.06485315412282944
train/loss/object/bbox/task2,26780,0.07440172135829926
train/loss/object/bbox/task2,26830,0.0651303380727768
train/loss/object/bbox/task2,26880,0.06638974696397781
train/loss/object/bbox/task2,26930,0.06224500387907028
train/loss/object/bbox/task2,26980,0.06830503046512604
train/loss/object/bbox/task2,27030,0.06453350186347961
train/loss/object/bbox/task2,27080,0.0652843564748764
train/loss/object/bbox/task2,27130,0.0648655965924263
train/loss/object/bbox/task2,27180,0.06435537338256836
train/loss/object/bbox/task2,27230,0.06519770622253418
train/loss/object/bbox/task2,27280,0.07123962044715881
train/loss/object/bbox/task2,27374,0.0682365745306015
train/loss/object/bbox/task2,27424,0.06566601246595383
train/loss/object/bbox/task2,27474,0.06567485630512238
train/loss/object/bbox/task2,27524,0.06752770394086838
train/loss/object/bbox/task2,27574,0.06449942290782928
train/loss/object/bbox/task2,27624,0.0677715390920639
train/loss/object/bbox/task2,27674,0.06424842029809952
train/loss/object/bbox/task2,27724,0.06697040051221848
train/loss/object/bbox/task2,27774,0.06424130499362946
train/loss/object/bbox/task2,27824,0.0676797553896904
train/loss/object/bbox/task2,27874,0.06746038794517517
train/loss/object/bbox/task2,27968,0.06571079790592194
train/loss/object/bbox/task2,28018,0.06786392629146576
train/loss/object/bbox/task2,28068,0.06530827283859253
train/loss/object/bbox/task2,28118,0.06643213331699371
train/loss/object/bbox/task2,28168,0.06995334476232529
train/loss/object/bbox/task2,28218,0.06792682409286499
train/loss/object/bbox/task2,28268,0.06691194325685501
train/loss/object/bbox/task2,28318,0.06713662296533585
train/loss/object/bbox/task2,28368,0.06387177109718323
train/loss/object/bbox/task2,28418,0.060937922447919846
train/loss/object/bbox/task2,28468,0.06512168049812317
train/loss/object/heatmap/task3,50,0.022332387045025826
train/loss/object/heatmap/task3,100,0.028107229620218277
train/loss/object/heatmap/task3,150,0.041150305420160294
train/loss/object/heatmap/task3,200,0.04628342390060425
train/loss/object/heatmap/task3,250,0.04009684920310974
train/loss/object/heatmap/task3,300,0.04327625036239624
train/loss/object/heatmap/task3,350,0.06634652614593506
train/loss/object/heatmap/task3,400,0.06379818171262741
train/loss/object/heatmap/task3,450,0.066595658659935
train/loss/object/heatmap/task3,500,0.05551065504550934
train/loss/object/heatmap/task3,550,0.08004452288150787
train/loss/object/heatmap/task3,644,0.0757913887500763
train/loss/object/heatmap/task3,694,0.07790803164243698
train/loss/object/heatmap/task3,744,0.10709897428750992
train/loss/object/heatmap/task3,794,0.10457441955804825
train/loss/object/heatmap/task3,844,0.1054752841591835
train/loss/object/heatmap/task3,894,0.13103510439395905
train/loss/object/heatmap/task3,944,0.13595189154148102
train/loss/object/heatmap/task3,994,0.10197571665048599
train/loss/object/heatmap/task3,1044,0.09802781045436859
train/loss/object/heatmap/task3,1094,0.14448858797550201
train/loss/object/heatmap/task3,1144,0.1281035989522934
train/loss/object/heatmap/task3,1238,0.09897281974554062
train/loss/object/heatmap/task3,1288,0.13628703355789185
train/loss/object/heatmap/task3,1338,0.09463469684123993
train/loss/object/heatmap/task3,1388,0.13254961371421814
train/loss/object/heatmap/task3,1438,0.15185265243053436
train/loss/object/heatmap/task3,1488,0.11212023347616196
train/loss/object/heatmap/task3,1538,0.11103987693786621
train/loss/object/heatmap/task3,1588,0.14246894419193268
train/loss/object/heatmap/task3,1638,0.10846713185310364
train/loss/object/heatmap/task3,1688,0.08816621452569962
train/loss/object/heatmap/task3,1738,0.10073269158601761
train/loss/object/heatmap/task3,1832,0.09738825261592865
train/loss/object/heatmap/task3,1882,0.15549926459789276
train/loss/object/heatmap/task3,1932,0.11026645451784134
train/loss/object/heatmap/task3,1982,0.11820735037326813
train/loss/object/heatmap/task3,2032,0.11273107677698135
train/loss/object/heatmap/task3,2082,0.1001591756939888
train/loss/object/heatmap/task3,2132,0.08599939942359924
train/loss/object/heatmap/task3,2182,0.09486023336648941
train/loss/object/heatmap/task3,2232,0.07487942278385162
train/loss/object/heatmap/task3,2282,0.10472653061151505
train/loss/object/heatmap/task3,2332,0.10626235604286194
train/loss/object/heatmap/task3,2426,0.08591753244400024
train/loss/object/heatmap/task3,2476,0.09226943552494049
train/loss/object/heatmap/task3,2526,0.08921816945075989
train/loss/object/heatmap/task3,2576,0.10217675566673279
train/loss/object/heatmap/task3,2626,0.11461064219474792
train/loss/object/heatmap/task3,2676,0.08162108063697815
train/loss/object/heatmap/task3,2726,0.07647533714771271
train/loss/object/heatmap/task3,2776,0.09609372913837433
train/loss/object/heatmap/task3,2826,0.10123730450868607
train/loss/object/heatmap/task3,2876,0.0661962553858757
train/loss/object/heatmap/task3,2926,0.07314596325159073
train/loss/object/heatmap/task3,3020,0.07890201359987259
train/loss/object/heatmap/task3,3070,0.1136377602815628
train/loss/object/heatmap/task3,3120,0.06913825869560242
train/loss/object/heatmap/task3,3170,0.08073238283395767
train/loss/object/heatmap/task3,3220,0.09043217450380325
train/loss/object/heatmap/task3,3270,0.09702840447425842
train/loss/object/heatmap/task3,3320,0.0656970962882042
train/loss/object/heatmap/task3,3370,0.09986448287963867
train/loss/object/heatmap/task3,3420,0.08068574219942093
train/loss/object/heatmap/task3,3470,0.08062827587127686
train/loss/object/heatmap/task3,3520,0.0710228756070137
train/loss/object/heatmap/task3,3614,0.11254673451185226
train/loss/object/heatmap/task3,3664,0.058368656784296036
train/loss/object/heatmap/task3,3714,0.07139203697443008
train/loss/object/heatmap/task3,3764,0.08188041299581528
train/loss/object/heatmap/task3,3814,0.09682316333055496
train/loss/object/heatmap/task3,3864,0.08301001042127609
train/loss/object/heatmap/task3,3914,0.08769890666007996
train/loss/object/heatmap/task3,3964,0.06882088631391525
train/loss/object/heatmap/task3,4014,0.08206018060445786
train/loss/object/heatmap/task3,4064,0.09339717775583267
train/loss/object/heatmap/task3,4114,0.061618395149707794
train/loss/object/heatmap/task3,4208,0.08210067451000214
train/loss/object/heatmap/task3,4258,0.08357834815979004
train/loss/object/heatmap/task3,4308,0.07566928118467331
train/loss/object/heatmap/task3,4358,0.08997109532356262
train/loss/object/heatmap/task3,4408,0.06171853095293045
train/loss/object/heatmap/task3,4458,0.0664612352848053
train/loss/object/heatmap/task3,4508,0.06221410259604454
train/loss/object/heatmap/task3,4558,0.098302461206913
train/loss/object/heatmap/task3,4608,0.09248605370521545
train/loss/object/heatmap/task3,4658,0.05792554095387459
train/loss/object/heatmap/task3,4708,0.056237079203128815
train/loss/object/heatmap/task3,4802,0.07339656352996826
train/loss/object/heatmap/task3,4852,0.042294323444366455
train/loss/object/heatmap/task3,4902,0.07388000935316086
train/loss/object/heatmap/task3,4952,0.0799640640616417
train/loss/object/heatmap/task3,5002,0.06853176653385162
train/loss/object/heatmap/task3,5052,0.06338270008563995
train/loss/object/heatmap/task3,5102,0.07554270327091217
train/loss/object/heatmap/task3,5152,0.07142145186662674
train/loss/object/heatmap/task3,5202,0.052145954221487045
train/loss/object/heatmap/task3,5252,0.0554075613617897
train/loss/object/heatmap/task3,5302,0.060369763523340225
train/loss/object/heatmap/task3,5396,0.05599972978234291
train/loss/object/heatmap/task3,5446,0.08909086883068085
train/loss/object/heatmap/task3,5496,0.08597606420516968
train/loss/object/heatmap/task3,5546,0.08404197543859482
train/loss/object/heatmap/task3,5596,0.07010885328054428
train/loss/object/heatmap/task3,5646,0.056773580610752106
train/loss/object/heatmap/task3,5696,0.05579746887087822
train/loss/object/heatmap/task3,5746,0.08315112441778183
train/loss/object/heatmap/task3,5796,0.043215397745370865
train/loss/object/heatmap/task3,5846,0.06959521770477295
train/loss/object/heatmap/task3,5896,0.06243046373128891
train/loss/object/heatmap/task3,5990,0.08403344452381134
train/loss/object/heatmap/task3,6040,0.05903076380491257
train/loss/object/heatmap/task3,6090,0.08422822505235672
train/loss/object/heatmap/task3,6140,0.06559926271438599
train/loss/object/heatmap/task3,6190,0.06695319712162018
train/loss/object/heatmap/task3,6240,0.05228447914123535
train/loss/object/heatmap/task3,6290,0.05890101566910744
train/loss/object/heatmap/task3,6340,0.07256905734539032
train/loss/object/heatmap/task3,6390,0.06884981691837311
train/loss/object/heatmap/task3,6440,0.04842677339911461
train/loss/object/heatmap/task3,6490,0.07239134609699249
train/loss/object/heatmap/task3,6584,0.04690559580922127
train/loss/object/heatmap/task3,6634,0.07202919572591782
train/loss/object/heatmap/task3,6684,0.05200500413775444
train/loss/object/heatmap/task3,6734,0.07456881552934647
train/loss/object/heatmap/task3,6784,0.06808634102344513
train/loss/object/heatmap/task3,6834,0.08052222430706024
train/loss/object/heatmap/task3,6884,0.05727163329720497
train/loss/object/heatmap/task3,6934,0.05958709493279457
train/loss/object/heatmap/task3,6984,0.06400910764932632
train/loss/object/heatmap/task3,7034,0.0646309107542038
train/loss/object/heatmap/task3,7084,0.05517984926700592
train/loss/object/heatmap/task3,7178,0.050498876720666885
train/loss/object/heatmap/task3,7228,0.055670805275440216
train/loss/object/heatmap/task3,7278,0.07431305199861526
train/loss/object/heatmap/task3,7328,0.06930529326200485
train/loss/object/heatmap/task3,7378,0.07005784660577774
train/loss/object/heatmap/task3,7428,0.058946412056684494
train/loss/object/heatmap/task3,7478,0.04614204913377762
train/loss/object/heatmap/task3,7528,0.03987044841051102
train/loss/object/heatmap/task3,7578,0.04021034762263298
train/loss/object/heatmap/task3,7628,0.04497677832841873
train/loss/object/heatmap/task3,7678,0.07682045549154282
train/loss/object/heatmap/task3,7772,0.061081018298864365
train/loss/object/heatmap/task3,7822,0.04903161898255348
train/loss/object/heatmap/task3,7872,0.03385232388973236
train/loss/object/heatmap/task3,7922,0.049026381224393845
train/loss/object/heatmap/task3,7972,0.050132352858781815
train/loss/object/heatmap/task3,8022,0.044492561370134354
train/loss/object/heatmap/task3,8072,0.05695550888776779
train/loss/object/heatmap/task3,8122,0.061427388340234756
train/loss/object/heatmap/task3,8172,0.06153303012251854
train/loss/object/heatmap/task3,8222,0.04942494258284569
train/loss/object/heatmap/task3,8272,0.07364603132009506
train/loss/object/heatmap/task3,8366,0.05859142169356346
train/loss/object/heatmap/task3,8416,0.05505436658859253
train/loss/object/heatmap/task3,8466,0.043056849390268326
train/loss/object/heatmap/task3,8516,0.05621887743473053
train/loss/object/heatmap/task3,8566,0.07373341917991638
train/loss/object/heatmap/task3,8616,0.05879081413149834
train/loss/object/heatmap/task3,8666,0.06894690543413162
train/loss/object/heatmap/task3,8716,0.06551110744476318
train/loss/object/heatmap/task3,8766,0.04479864984750748
train/loss/object/heatmap/task3,8816,0.06446623802185059
train/loss/object/heatmap/task3,8866,0.043761610984802246
train/loss/object/heatmap/task3,8960,0.05120164901018143
train/loss/object/heatmap/task3,9010,0.0523265041410923
train/loss/object/heatmap/task3,9060,0.048505716025829315
train/loss/object/heatmap/task3,9110,0.03969806432723999
train/loss/object/heatmap/task3,9160,0.05814525857567787
train/loss/object/heatmap/task3,9210,0.058015696704387665
train/loss/object/heatmap/task3,9260,0.06214067339897156
train/loss/object/heatmap/task3,9310,0.05537853017449379
train/loss/object/heatmap/task3,9360,0.04936975613236427
train/loss/object/heatmap/task3,9410,0.05258679389953613
train/loss/object/heatmap/task3,9460,0.06036219000816345
train/loss/object/heatmap/task3,9554,0.05532081797719002
train/loss/object/heatmap/task3,9604,0.051919274032115936
train/loss/object/heatmap/task3,9654,0.052912499755620956
train/loss/object/heatmap/task3,9704,0.04677969217300415
train/loss/object/heatmap/task3,9754,0.041546277701854706
train/loss/object/heatmap/task3,9804,0.04366279020905495
train/loss/object/heatmap/task3,9854,0.035200294107198715
train/loss/object/heatmap/task3,9904,0.06720816344022751
train/loss/object/heatmap/task3,9954,0.035834118723869324
train/loss/object/heatmap/task3,10004,0.04648715257644653
train/loss/object/heatmap/task3,10054,0.04191240295767784
train/loss/object/heatmap/task3,10148,0.04347197711467743
train/loss/object/heatmap/task3,10198,0.05809891223907471
train/loss/object/heatmap/task3,10248,0.05377763882279396
train/loss/object/heatmap/task3,10298,0.05225497856736183
train/loss/object/heatmap/task3,10348,0.043941859155893326
train/loss/object/heatmap/task3,10398,0.04957796260714531
train/loss/object/heatmap/task3,10448,0.04007168114185333
train/loss/object/heatmap/task3,10498,0.05819736793637276
train/loss/object/heatmap/task3,10548,0.030841760337352753
train/loss/object/heatmap/task3,10598,0.03921857848763466
train/loss/object/heatmap/task3,10648,0.07200777530670166
train/loss/object/heatmap/task3,10742,0.040759190917015076
train/loss/object/heatmap/task3,10792,0.04089828208088875
train/loss/object/heatmap/task3,10842,0.035153474658727646
train/loss/object/heatmap/task3,10892,0.036533284932374954
train/loss/object/heatmap/task3,10942,0.040857721120119095
train/loss/object/heatmap/task3,10992,0.05305641144514084
train/loss/object/heatmap/task3,11042,0.07150264084339142
train/loss/object/heatmap/task3,11092,0.05482691898941994
train/loss/object/heatmap/task3,11142,0.048409897834062576
train/loss/object/heatmap/task3,11192,0.045064009726047516
train/loss/object/heatmap/task3,11242,0.04919086769223213
train/loss/object/heatmap/task3,11336,0.03769787400960922
train/loss/object/heatmap/task3,11386,0.03323838859796524
train/loss/object/heatmap/task3,11436,0.05379214882850647
train/loss/object/heatmap/task3,11486,0.03577899560332298
train/loss/object/heatmap/task3,11536,0.04578429087996483
train/loss/object/heatmap/task3,11586,0.0518183708190918
train/loss/object/heatmap/task3,11636,0.04536206275224686
train/loss/object/heatmap/task3,11686,0.04329458251595497
train/loss/object/heatmap/task3,11736,0.03805813193321228
train/loss/object/heatmap/task3,11786,0.03892543539404869
train/loss/object/heatmap/task3,11836,0.05850446969270706
train/loss/object/heatmap/task3,11930,0.04085775837302208
train/loss/object/heatmap/task3,11980,0.049941252917051315
train/loss/object/heatmap/task3,12030,0.055777039378881454
train/loss/object/heatmap/task3,12080,0.03695712611079216
train/loss/object/heatmap/task3,12130,0.04010441526770592
train/loss/object/heatmap/task3,12180,0.042269762605428696
train/loss/object/heatmap/task3,12230,0.0351034440100193
train/loss/object/heatmap/task3,12280,0.05559706315398216
train/loss/object/heatmap/task3,12330,0.036888446658849716
train/loss/object/heatmap/task3,12380,0.05005105584859848
train/loss/object/heatmap/task3,12430,0.04893516004085541
train/loss/object/heatmap/task3,12524,0.03386605903506279
train/loss/object/heatmap/task3,12574,0.0318681038916111
train/loss/object/heatmap/task3,12624,0.03488985076546669
train/loss/object/heatmap/task3,12674,0.0445900596678257
train/loss/object/heatmap/task3,12724,0.05419464409351349
train/loss/object/heatmap/task3,12774,0.03453334793448448
train/loss/object/heatmap/task3,12824,0.029965447261929512
train/loss/object/heatmap/task3,12874,0.03121449239552021
train/loss/object/heatmap/task3,12924,0.027768906205892563
train/loss/object/heatmap/task3,12974,0.04122091457247734
train/loss/object/heatmap/task3,13024,0.03298172727227211
train/loss/object/heatmap/task3,13118,0.035745006054639816
train/loss/object/heatmap/task3,13168,0.03911298140883446
train/loss/object/heatmap/task3,13218,0.0334274023771286
train/loss/object/heatmap/task3,13268,0.03982839360833168
train/loss/object/heatmap/task3,13318,0.038013212382793427
train/loss/object/heatmap/task3,13368,0.04417914152145386
train/loss/object/heatmap/task3,13418,0.03694023936986923
train/loss/object/heatmap/task3,13468,0.034599099308252335
train/loss/object/heatmap/task3,13518,0.041876595467329025
train/loss/object/heatmap/task3,13568,0.029453258961439133
train/loss/object/heatmap/task3,13618,0.035598024725914
train/loss/object/heatmap/task3,13712,0.04605499282479286
train/loss/object/heatmap/task3,13762,0.03780439868569374
train/loss/object/heatmap/task3,13812,0.05505989119410515
train/loss/object/heatmap/task3,13862,0.04469875991344452
train/loss/object/heatmap/task3,13912,0.03910844027996063
train/loss/object/heatmap/task3,13962,0.027319157496094704
train/loss/object/heatmap/task3,14012,0.02876749262213707
train/loss/object/heatmap/task3,14062,0.029289158061146736
train/loss/object/heatmap/task3,14112,0.03193550556898117
train/loss/object/heatmap/task3,14162,0.041776467114686966
train/loss/object/heatmap/task3,14212,0.032478902488946915
train/loss/object/heatmap/task3,14306,0.024725476279854774
train/loss/object/heatmap/task3,14356,0.03240062668919563
train/loss/object/heatmap/task3,14406,0.03067864663898945
train/loss/object/heatmap/task3,14456,0.034872353076934814
train/loss/object/heatmap/task3,14506,0.029442541301250458
train/loss/object/heatmap/task3,14556,0.02823617495596409
train/loss/object/heatmap/task3,14606,0.0234261192381382
train/loss/object/heatmap/task3,14656,0.03932648524641991
train/loss/object/heatmap/task3,14706,0.040495533496141434
train/loss/object/heatmap/task3,14756,0.025629261508584023
train/loss/object/heatmap/task3,14806,0.027013564482331276
train/loss/object/heatmap/task3,14900,0.02415165863931179
train/loss/object/heatmap/task3,14950,0.028814392164349556
train/loss/object/heatmap/task3,15000,0.03315722942352295
train/loss/object/heatmap/task3,15050,0.03338444605469704
train/loss/object/heatmap/task3,15100,0.029001405462622643
train/loss/object/heatmap/task3,15150,0.017219774425029755
train/loss/object/heatmap/task3,15200,0.02941761165857315
train/loss/object/heatmap/task3,15250,0.031050479039549828
train/loss/object/heatmap/task3,15300,0.03167702257633209
train/loss/object/heatmap/task3,15350,0.020423196256160736
train/loss/object/heatmap/task3,15400,0.03242584317922592
train/loss/object/heatmap/task3,15494,0.034615252166986465
train/loss/object/heatmap/task3,15544,0.03390175849199295
train/loss/object/heatmap/task3,15594,0.02690446563065052
train/loss/object/heatmap/task3,15644,0.030011450871825218
train/loss/object/heatmap/task3,15694,0.02093898504972458
train/loss/object/heatmap/task3,15744,0.02590937539935112
train/loss/object/heatmap/task3,15794,0.023002659901976585
train/loss/object/heatmap/task3,15844,0.023150790482759476
train/loss/object/heatmap/task3,15894,0.030965540558099747
train/loss/object/heatmap/task3,15944,0.02497919090092182
train/loss/object/heatmap/task3,15994,0.02919681742787361
train/loss/object/heatmap/task3,16088,0.027459220960736275
train/loss/object/heatmap/task3,16138,0.03284147381782532
train/loss/object/heatmap/task3,16188,0.019903462380170822
train/loss/object/heatmap/task3,16238,0.019302010536193848
train/loss/object/heatmap/task3,16288,0.02287914603948593
train/loss/object/heatmap/task3,16338,0.024470604956150055
train/loss/object/heatmap/task3,16388,0.021417012438178062
train/loss/object/heatmap/task3,16438,0.025555530562996864
train/loss/object/heatmap/task3,16488,0.042878419160842896
train/loss/object/heatmap/task3,16538,0.03618112951517105
train/loss/object/heatmap/task3,16588,0.025722503662109375
train/loss/object/heatmap/task3,16682,0.022958820685744286
train/loss/object/heatmap/task3,16732,0.017684228718280792
train/loss/object/heatmap/task3,16782,0.018489936366677284
train/loss/object/heatmap/task3,16832,0.029801644384860992
train/loss/object/heatmap/task3,16882,0.017407134175300598
train/loss/object/heatmap/task3,16932,0.024345681071281433
train/loss/object/heatmap/task3,16982,0.017213981598615646
train/loss/object/heatmap/task3,17032,0.019842427223920822
train/loss/object/heatmap/task3,17082,0.02595415711402893
train/loss/object/heatmap/task3,17132,0.02178991585969925
train/loss/object/heatmap/task3,17182,0.03517604246735573
train/loss/object/heatmap/task3,17276,0.02388814277946949
train/loss/object/heatmap/task3,17326,0.020418357104063034
train/loss/object/heatmap/task3,17376,0.020557064563035965
train/loss/object/heatmap/task3,17426,0.028672048822045326
train/loss/object/heatmap/task3,17476,0.026411449536681175
train/loss/object/heatmap/task3,17526,0.023495236411690712
train/loss/object/heatmap/task3,17576,0.02098625898361206
train/loss/object/heatmap/task3,17626,0.0208903681486845
train/loss/object/heatmap/task3,17676,0.028816722333431244
train/loss/object/heatmap/task3,17726,0.028928665444254875
train/loss/object/heatmap/task3,17776,0.01885264739394188
train/loss/object/heatmap/task3,17870,0.015262282453477383
train/loss/object/heatmap/task3,17920,0.02094581164419651
train/loss/object/heatmap/task3,17970,0.028358828276395798
train/loss/object/heatmap/task3,18020,0.02847849763929844
train/loss/object/heatmap/task3,18070,0.023813458159565926
train/loss/object/heatmap/task3,18120,0.022792257368564606
train/loss/object/heatmap/task3,18170,0.017964066937565804
train/loss/object/heatmap/task3,18220,0.020510230213403702
train/loss/object/heatmap/task3,18270,0.02048710733652115
train/loss/object/heatmap/task3,18320,0.022258102893829346
train/loss/object/heatmap/task3,18370,0.018606575205922127
train/loss/object/heatmap/task3,18464,0.026039645075798035
train/loss/object/heatmap/task3,18514,0.017220530658960342
train/loss/object/heatmap/task3,18564,0.024733956903219223
train/loss/object/heatmap/task3,18614,0.025080161169171333
train/loss/object/heatmap/task3,18664,0.02390822395682335
train/loss/object/heatmap/task3,18714,0.025296399369835854
train/loss/object/heatmap/task3,18764,0.02262381836771965
train/loss/object/heatmap/task3,18814,0.020967965945601463
train/loss/object/heatmap/task3,18864,0.024921894073486328
train/loss/object/heatmap/task3,18914,0.01883065328001976
train/loss/object/heatmap/task3,18964,0.024924585595726967
train/loss/object/heatmap/task3,19058,0.01855488121509552
train/loss/object/heatmap/task3,19108,0.03152192756533623
train/loss/object/heatmap/task3,19158,0.022051217034459114
train/loss/object/heatmap/task3,19208,0.028218161314725876
train/loss/object/heatmap/task3,19258,0.01640697382390499
train/loss/object/heatmap/task3,19308,0.02671969309449196
train/loss/object/heatmap/task3,19358,0.02544642798602581
train/loss/object/heatmap/task3,19408,0.027984874323010445
train/loss/object/heatmap/task3,19458,0.01851368509232998
train/loss/object/heatmap/task3,19508,0.02387196011841297
train/loss/object/heatmap/task3,19558,0.01914004236459732
train/loss/object/heatmap/task3,19652,0.02285732515156269
train/loss/object/heatmap/task3,19702,0.019712040200829506
train/loss/object/heatmap/task3,19752,0.019254401326179504
train/loss/object/heatmap/task3,19802,0.018746349960565567
train/loss/object/heatmap/task3,19852,0.023196781054139137
train/loss/object/heatmap/task3,19902,0.015403135679662228
train/loss/object/heatmap/task3,19952,0.01957528479397297
train/loss/object/heatmap/task3,20002,0.03595208749175072
train/loss/object/heatmap/task3,20052,0.019545260816812515
train/loss/object/heatmap/task3,20102,0.025414030998945236
train/loss/object/heatmap/task3,20152,0.021008459851145744
train/loss/object/heatmap/task3,20246,0.021639112383127213
train/loss/object/heatmap/task3,20296,0.01845199055969715
train/loss/object/heatmap/task3,20346,0.017272843047976494
train/loss/object/heatmap/task3,20396,0.01674014888703823
train/loss/object/heatmap/task3,20446,0.012177987955510616
train/loss/object/heatmap/task3,20496,0.01614687778055668
train/loss/object/heatmap/task3,20546,0.02721361257135868
train/loss/object/heatmap/task3,20596,0.018960081040859222
train/loss/object/heatmap/task3,20646,0.021465608850121498
train/loss/object/heatmap/task3,20696,0.023191895335912704
train/loss/object/heatmap/task3,20746,0.02032374031841755
train/loss/object/heatmap/task3,20840,0.015389859676361084
train/loss/object/heatmap/task3,20890,0.014692822471261024
train/loss/object/heatmap/task3,20940,0.0209245253354311
train/loss/object/heatmap/task3,20990,0.018181640654802322
train/loss/object/heatmap/task3,21040,0.021795334294438362
train/loss/object/heatmap/task3,21090,0.020096909254789352
train/loss/object/heatmap/task3,21140,0.015185948461294174
train/loss/object/heatmap/task3,21190,0.0232530664652586
train/loss/object/heatmap/task3,21240,0.014929595403373241
train/loss/object/heatmap/task3,21290,0.017816901206970215
train/loss/object/heatmap/task3,21340,0.02254621498286724
train/loss/object/heatmap/task3,21434,0.021641431376338005
train/loss/object/heatmap/task3,21484,0.01638697274029255
train/loss/object/heatmap/task3,21534,0.014009141363203526
train/loss/object/heatmap/task3,21584,0.022344546392560005
train/loss/object/heatmap/task3,21634,0.017870597541332245
train/loss/object/heatmap/task3,21684,0.018050599843263626
train/loss/object/heatmap/task3,21734,0.015742037445306778
train/loss/object/heatmap/task3,21784,0.017133429646492004
train/loss/object/heatmap/task3,21834,0.01693205162882805
train/loss/object/heatmap/task3,21884,0.017280973494052887
train/loss/object/heatmap/task3,21934,0.01519441045820713
train/loss/object/heatmap/task3,22028,0.016536911949515343
train/loss/object/heatmap/task3,22078,0.014457663521170616
train/loss/object/heatmap/task3,22128,0.015337747521698475
train/loss/object/heatmap/task3,22178,0.012400059029459953
train/loss/object/heatmap/task3,22228,0.02754773013293743
train/loss/object/heatmap/task3,22278,0.01709354668855667
train/loss/object/heatmap/task3,22328,0.02269589714705944
train/loss/object/heatmap/task3,22378,0.017847081646323204
train/loss/object/heatmap/task3,22428,0.02129681035876274
train/loss/object/heatmap/task3,22478,0.021238019689917564
train/loss/object/heatmap/task3,22528,0.017705446109175682
train/loss/object/heatmap/task3,22622,0.015447301790118217
train/loss/object/heatmap/task3,22672,0.011003393679857254
train/loss/object/heatmap/task3,22722,0.012471129186451435
train/loss/object/heatmap/task3,22772,0.021304858848452568
train/loss/object/heatmap/task3,22822,0.020594481378793716
train/loss/object/heatmap/task3,22872,0.01359191257506609
train/loss/object/heatmap/task3,22922,0.013778534717857838
train/loss/object/heatmap/task3,22972,0.019509654492139816
train/loss/object/heatmap/task3,23022,0.018248282372951508
train/loss/object/heatmap/task3,23072,0.014400714077055454
train/loss/object/heatmap/task3,23122,0.01497102715075016
train/loss/object/heatmap/task3,23216,0.013252584263682365
train/loss/object/heatmap/task3,23266,0.017953773960471153
train/loss/object/heatmap/task3,23316,0.014919336885213852
train/loss/object/heatmap/task3,23366,0.018398789688944817
train/loss/object/heatmap/task3,23416,0.019035348668694496
train/loss/object/heatmap/task3,23466,0.014779369346797466
train/loss/object/heatmap/task3,23516,0.01905045285820961
train/loss/object/heatmap/task3,23566,0.01426388043910265
train/loss/object/heatmap/task3,23616,0.019128993153572083
train/loss/object/heatmap/task3,23666,0.016551213338971138
train/loss/object/heatmap/task3,23716,0.01974184811115265
train/loss/object/heatmap/task3,23810,0.01844470575451851
train/loss/object/heatmap/task3,23860,0.013507760129868984
train/loss/object/heatmap/task3,23910,0.013538192957639694
train/loss/object/heatmap/task3,23960,0.018971744924783707
train/loss/object/heatmap/task3,24010,0.011064308695495129
train/loss/object/heatmap/task3,24060,0.016749035567045212
train/loss/object/heatmap/task3,24110,0.01516793668270111
train/loss/object/heatmap/task3,24160,0.012499249540269375
train/loss/object/heatmap/task3,24210,0.02336432971060276
train/loss/object/heatmap/task3,24260,0.01837954670190811
train/loss/object/heatmap/task3,24310,0.01626797579228878
train/loss/object/heatmap/task3,24404,0.01245206594467163
train/loss/object/heatmap/task3,24454,0.013990405946969986
train/loss/object/heatmap/task3,24504,0.0159456729888916
train/loss/object/heatmap/task3,24554,0.011311967857182026
train/loss/object/heatmap/task3,24604,0.018186645582318306
train/loss/object/heatmap/task3,24654,0.013404938392341137
train/loss/object/heatmap/task3,24704,0.012576630339026451
train/loss/object/heatmap/task3,24754,0.012571516446769238
train/loss/object/heatmap/task3,24804,0.016978168860077858
train/loss/object/heatmap/task3,24854,0.018042689189314842
train/loss/object/heatmap/task3,24904,0.01658938266336918
train/loss/object/heatmap/task3,24998,0.010816263034939766
train/loss/object/heatmap/task3,25048,0.017301980406045914
train/loss/object/heatmap/task3,25098,0.016716059297323227
train/loss/object/heatmap/task3,25148,0.017156779766082764
train/loss/object/heatmap/task3,25198,0.011321560479700565
train/loss/object/heatmap/task3,25248,0.016086449846625328
train/loss/object/heatmap/task3,25298,0.018432309851050377
train/loss/object/heatmap/task3,25348,0.01589950919151306
train/loss/object/heatmap/task3,25398,0.012053977698087692
train/loss/object/heatmap/task3,25448,0.014329634606838226
train/loss/object/heatmap/task3,25498,0.0137154720723629
train/loss/object/heatmap/task3,25592,0.017670944333076477
train/loss/object/heatmap/task3,25642,0.018635326996445656
train/loss/object/heatmap/task3,25692,0.015789153054356575
train/loss/object/heatmap/task3,25742,0.028082001954317093
train/loss/object/heatmap/task3,25792,0.014392143115401268
train/loss/object/heatmap/task3,25842,0.011615540832281113
train/loss/object/heatmap/task3,25892,0.012320158071815968
train/loss/object/heatmap/task3,25942,0.018588930368423462
train/loss/object/heatmap/task3,25992,0.012030279263854027
train/loss/object/heatmap/task3,26042,0.013787839561700821
train/loss/object/heatmap/task3,26092,0.014847410842776299
train/loss/object/heatmap/task3,26186,0.014287028461694717
train/loss/object/heatmap/task3,26236,0.01672166772186756
train/loss/object/heatmap/task3,26286,0.022582102566957474
train/loss/object/heatmap/task3,26336,0.012607310898602009
train/loss/object/heatmap/task3,26386,0.011357839219272137
train/loss/object/heatmap/task3,26436,0.010407444089651108
train/loss/object/heatmap/task3,26486,0.0214502215385437
train/loss/object/heatmap/task3,26536,0.013935363851487637
train/loss/object/heatmap/task3,26586,0.020587462931871414
train/loss/object/heatmap/task3,26636,0.017727356404066086
train/loss/object/heatmap/task3,26686,0.011492690071463585
train/loss/object/heatmap/task3,26780,0.015023313462734222
train/loss/object/heatmap/task3,26830,0.012271109037101269
train/loss/object/heatmap/task3,26880,0.012274136766791344
train/loss/object/heatmap/task3,26930,0.012809432111680508
train/loss/object/heatmap/task3,26980,0.01608152687549591
train/loss/object/heatmap/task3,27030,0.01410507969558239
train/loss/object/heatmap/task3,27080,0.018092673271894455
train/loss/object/heatmap/task3,27130,0.012331103906035423
train/loss/object/heatmap/task3,27180,0.011146407574415207
train/loss/object/heatmap/task3,27230,0.023036034777760506
train/loss/object/heatmap/task3,27280,0.0127696692943573
train/loss/object/heatmap/task3,27374,0.013570543378591537
train/loss/object/heatmap/task3,27424,0.0123226847499609
train/loss/object/heatmap/task3,27474,0.01794479601085186
train/loss/object/heatmap/task3,27524,0.017872704192996025
train/loss/object/heatmap/task3,27574,0.020418470725417137
train/loss/object/heatmap/task3,27624,0.011714907363057137
train/loss/object/heatmap/task3,27674,0.013493695296347141
train/loss/object/heatmap/task3,27724,0.009624582715332508
train/loss/object/heatmap/task3,27774,0.016574708744883537
train/loss/object/heatmap/task3,27824,0.014054304920136929
train/loss/object/heatmap/task3,27874,0.013312190771102905
train/loss/object/heatmap/task3,27968,0.01714068092405796
train/loss/object/heatmap/task3,28018,0.00949956476688385
train/loss/object/heatmap/task3,28068,0.014662455767393112
train/loss/object/heatmap/task3,28118,0.017530646175146103
train/loss/object/heatmap/task3,28168,0.0195937380194664
train/loss/object/heatmap/task3,28218,0.015249869786202908
train/loss/object/heatmap/task3,28268,0.012241092510521412
train/loss/object/heatmap/task3,28318,0.013927401043474674
train/loss/object/heatmap/task3,28368,0.013500197790563107
train/loss/object/heatmap/task3,28418,0.01317229401320219
train/loss/object/heatmap/task3,28468,0.014321388676762581
train/loss/object/bbox/task3,50,0.031107652932405472
train/loss/object/bbox/task3,100,0.03298388421535492
train/loss/object/bbox/task3,150,0.03990137204527855
train/loss/object/bbox/task3,200,0.037260934710502625
train/loss/object/bbox/task3,250,0.03763503208756447
train/loss/object/bbox/task3,300,0.03329276666045189
train/loss/object/bbox/task3,350,0.04398535564541817
train/loss/object/bbox/task3,400,0.04504401609301567
train/loss/object/bbox/task3,450,0.04460436850786209
train/loss/object/bbox/task3,500,0.04535609856247902
train/loss/object/bbox/task3,550,0.05293966829776764
train/loss/object/bbox/task3,644,0.04825339838862419
train/loss/object/bbox/task3,694,0.03851699456572533
train/loss/object/bbox/task3,744,0.055381275713443756
train/loss/object/bbox/task3,794,0.057244595140218735
train/loss/object/bbox/task3,844,0.05803994461894035
train/loss/object/bbox/task3,894,0.05339619144797325
train/loss/object/bbox/task3,944,0.058810070157051086
train/loss/object/bbox/task3,994,0.051374465227127075
train/loss/object/bbox/task3,1044,0.05934746190905571
train/loss/object/bbox/task3,1094,0.05623821169137955
train/loss/object/bbox/task3,1144,0.05948561802506447
train/loss/object/bbox/task3,1238,0.05975816026329994
train/loss/object/bbox/task3,1288,0.06449922174215317
train/loss/object/bbox/task3,1338,0.05391091853380203
train/loss/object/bbox/task3,1388,0.05081425607204437
train/loss/object/bbox/task3,1438,0.05756930634379387
train/loss/object/bbox/task3,1488,0.052761711180210114
train/loss/object/bbox/task3,1538,0.05125956982374191
train/loss/object/bbox/task3,1588,0.05582774803042412
train/loss/object/bbox/task3,1638,0.05950402840971947
train/loss/object/bbox/task3,1688,0.053740210831165314
train/loss/object/bbox/task3,1738,0.055657632648944855
train/loss/object/bbox/task3,1832,0.053701210767030716
train/loss/object/bbox/task3,1882,0.06287571042776108
train/loss/object/bbox/task3,1932,0.052629854530096054
train/loss/object/bbox/task3,1982,0.057606883347034454
train/loss/object/bbox/task3,2032,0.05537838861346245
train/loss/object/bbox/task3,2082,0.05166201293468475
train/loss/object/bbox/task3,2132,0.05632047355175018
train/loss/object/bbox/task3,2182,0.049020420759916306
train/loss/object/bbox/task3,2232,0.04688220098614693
train/loss/object/bbox/task3,2282,0.05485081672668457
train/loss/object/bbox/task3,2332,0.05353754386305809
train/loss/object/bbox/task3,2426,0.05711578577756882
train/loss/object/bbox/task3,2476,0.055067278444767
train/loss/object/bbox/task3,2526,0.05227377265691757
train/loss/object/bbox/task3,2576,0.05263457074761391
train/loss/object/bbox/task3,2626,0.05683693662285805
train/loss/object/bbox/task3,2676,0.05852959305047989
train/loss/object/bbox/task3,2726,0.04558826982975006
train/loss/object/bbox/task3,2776,0.06009959429502487
train/loss/object/bbox/task3,2826,0.04951241984963417
train/loss/object/bbox/task3,2876,0.041993819177150726
train/loss/object/bbox/task3,2926,0.045499399304389954
train/loss/object/bbox/task3,3020,0.053538594394922256
train/loss/object/bbox/task3,3070,0.053291115909814835
train/loss/object/bbox/task3,3120,0.05384225770831108
train/loss/object/bbox/task3,3170,0.044632527977228165
train/loss/object/bbox/task3,3220,0.0465269610285759
train/loss/object/bbox/task3,3270,0.04873096942901611
train/loss/object/bbox/task3,3320,0.046070028096437454
train/loss/object/bbox/task3,3370,0.04830789193511009
train/loss/object/bbox/task3,3420,0.04822859913110733
train/loss/object/bbox/task3,3470,0.04720161482691765
train/loss/object/bbox/task3,3520,0.04898625984787941
train/loss/object/bbox/task3,3614,0.052646052092313766
train/loss/object/bbox/task3,3664,0.04269658774137497
train/loss/object/bbox/task3,3714,0.0546531155705452
train/loss/object/bbox/task3,3764,0.05442119389772415
train/loss/object/bbox/task3,3814,0.04681384190917015
train/loss/object/bbox/task3,3864,0.04622681066393852
train/loss/object/bbox/task3,3914,0.04767346754670143
train/loss/object/bbox/task3,3964,0.046370841562747955
train/loss/object/bbox/task3,4014,0.04093583673238754
train/loss/object/bbox/task3,4064,0.052908193320035934
train/loss/object/bbox/task3,4114,0.04339677095413208
train/loss/object/bbox/task3,4208,0.04555460065603256
train/loss/object/bbox/task3,4258,0.04655833542346954
train/loss/object/bbox/task3,4308,0.049746058881282806
train/loss/object/bbox/task3,4358,0.05018781125545502
train/loss/object/bbox/task3,4408,0.046497147530317307
train/loss/object/bbox/task3,4458,0.047742392867803574
train/loss/object/bbox/task3,4508,0.04405489191412926
train/loss/object/bbox/task3,4558,0.053038179874420166
train/loss/object/bbox/task3,4608,0.04986599087715149
train/loss/object/bbox/task3,4658,0.050372619181871414
train/loss/object/bbox/task3,4708,0.043541714549064636
train/loss/object/bbox/task3,4802,0.0489921048283577
train/loss/object/bbox/task3,4852,0.04051201418042183
train/loss/object/bbox/task3,4902,0.049259111285209656
train/loss/object/bbox/task3,4952,0.05060074105858803
train/loss/object/bbox/task3,5002,0.049454886466264725
train/loss/object/bbox/task3,5052,0.04930803179740906
train/loss/object/bbox/task3,5102,0.04831719771027565
train/loss/object/bbox/task3,5152,0.04906496778130531
train/loss/object/bbox/task3,5202,0.045137740671634674
train/loss/object/bbox/task3,5252,0.04279075190424919
train/loss/object/bbox/task3,5302,0.048753753304481506
train/loss/object/bbox/task3,5396,0.04305620118975639
train/loss/object/bbox/task3,5446,0.04941327124834061
train/loss/object/bbox/task3,5496,0.04551523178815842
train/loss/object/bbox/task3,5546,0.04864375665783882
train/loss/object/bbox/task3,5596,0.04395800828933716
train/loss/object/bbox/task3,5646,0.04443749040365219
train/loss/object/bbox/task3,5696,0.04070306196808815
train/loss/object/bbox/task3,5746,0.05571163073182106
train/loss/object/bbox/task3,5796,0.042855169624090195
train/loss/object/bbox/task3,5846,0.04690674692392349
train/loss/object/bbox/task3,5896,0.04004266858100891
train/loss/object/bbox/task3,5990,0.0543103963136673
train/loss/object/bbox/task3,6040,0.0419866219162941
train/loss/object/bbox/task3,6090,0.042995303869247437
train/loss/object/bbox/task3,6140,0.043081555515527725
train/loss/object/bbox/task3,6190,0.04845907539129257
train/loss/object/bbox/task3,6240,0.04435386881232262
train/loss/object/bbox/task3,6290,0.04321800172328949
train/loss/object/bbox/task3,6340,0.04509339854121208
train/loss/object/bbox/task3,6390,0.0478554330766201
train/loss/object/bbox/task3,6440,0.04098860174417496
train/loss/object/bbox/task3,6490,0.04934709891676903
train/loss/object/bbox/task3,6584,0.043864667415618896
train/loss/object/bbox/task3,6634,0.04716605320572853
train/loss/object/bbox/task3,6684,0.04098810628056526
train/loss/object/bbox/task3,6734,0.04608862102031708
train/loss/object/bbox/task3,6784,0.04631863906979561
train/loss/object/bbox/task3,6834,0.04552580416202545
train/loss/object/bbox/task3,6884,0.0478653609752655
train/loss/object/bbox/task3,6934,0.04655715078115463
train/loss/object/bbox/task3,6984,0.04327094554901123
train/loss/object/bbox/task3,7034,0.040274135768413544
train/loss/object/bbox/task3,7084,0.03981086611747742
train/loss/object/bbox/task3,7178,0.04060759395360947
train/loss/object/bbox/task3,7228,0.04297560080885887
train/loss/object/bbox/task3,7278,0.047782085835933685
train/loss/object/bbox/task3,7328,0.04557899758219719
train/loss/object/bbox/task3,7378,0.042738862335681915
train/loss/object/bbox/task3,7428,0.04609927907586098
train/loss/object/bbox/task3,7478,0.037941742688417435
train/loss/object/bbox/task3,7528,0.036753080785274506
train/loss/object/bbox/task3,7578,0.04221884533762932
train/loss/object/bbox/task3,7628,0.04097552224993706
train/loss/object/bbox/task3,7678,0.04625479504466057
train/loss/object/bbox/task3,7772,0.04342310130596161
train/loss/object/bbox/task3,7822,0.04307180643081665
train/loss/object/bbox/task3,7872,0.04210080951452255
train/loss/object/bbox/task3,7922,0.0379183292388916
train/loss/object/bbox/task3,7972,0.040911369025707245
train/loss/object/bbox/task3,8022,0.041289083659648895
train/loss/object/bbox/task3,8072,0.04331677779555321
train/loss/object/bbox/task3,8122,0.03760027140378952
train/loss/object/bbox/task3,8172,0.0452197901904583
train/loss/object/bbox/task3,8222,0.046075932681560516
train/loss/object/bbox/task3,8272,0.03979272395372391
train/loss/object/bbox/task3,8366,0.03825567290186882
train/loss/object/bbox/task3,8416,0.03959823399782181
train/loss/object/bbox/task3,8466,0.04154025390744209
train/loss/object/bbox/task3,8516,0.040267881006002426
train/loss/object/bbox/task3,8566,0.039445482194423676
train/loss/object/bbox/task3,8616,0.04131663963198662
train/loss/object/bbox/task3,8666,0.043506819754838943
train/loss/object/bbox/task3,8716,0.04408368095755577
train/loss/object/bbox/task3,8766,0.03881406411528587
train/loss/object/bbox/task3,8816,0.044506508857011795
train/loss/object/bbox/task3,8866,0.03344590589404106
train/loss/object/bbox/task3,8960,0.039895106106996536
train/loss/object/bbox/task3,9010,0.03976352512836456
train/loss/object/bbox/task3,9060,0.03945186734199524
train/loss/object/bbox/task3,9110,0.03718917444348335
train/loss/object/bbox/task3,9160,0.039399828761816025
train/loss/object/bbox/task3,9210,0.04269600287079811
train/loss/object/bbox/task3,9260,0.04106975346803665
train/loss/object/bbox/task3,9310,0.04020927846431732
train/loss/object/bbox/task3,9360,0.03813637048006058
train/loss/object/bbox/task3,9410,0.03624836355447769
train/loss/object/bbox/task3,9460,0.04148979112505913
train/loss/object/bbox/task3,9554,0.04643865302205086
train/loss/object/bbox/task3,9604,0.03531534597277641
train/loss/object/bbox/task3,9654,0.03849608078598976
train/loss/object/bbox/task3,9704,0.041395675390958786
train/loss/object/bbox/task3,9754,0.040462836623191833
train/loss/object/bbox/task3,9804,0.04062335938215256
train/loss/object/bbox/task3,9854,0.04337366670370102
train/loss/object/bbox/task3,9904,0.03678974509239197
train/loss/object/bbox/task3,9954,0.03846399858593941
train/loss/object/bbox/task3,10004,0.03595743700861931
train/loss/object/bbox/task3,10054,0.04000316560268402
train/loss/object/bbox/task3,10148,0.03662235662341118
train/loss/object/bbox/task3,10198,0.04067061096429825
train/loss/object/bbox/task3,10248,0.04073083773255348
train/loss/object/bbox/task3,10298,0.041395142674446106
train/loss/object/bbox/task3,10348,0.03679857775568962
train/loss/object/bbox/task3,10398,0.03421664610505104
train/loss/object/bbox/task3,10448,0.03601643070578575
train/loss/object/bbox/task3,10498,0.03875286132097244
train/loss/object/bbox/task3,10548,0.03660792112350464
train/loss/object/bbox/task3,10598,0.03672347962856293
train/loss/object/bbox/task3,10648,0.04068928211927414
train/loss/object/bbox/task3,10742,0.03984512388706207
train/loss/object/bbox/task3,10792,0.03132057562470436
train/loss/object/bbox/task3,10842,0.03785742074251175
train/loss/object/bbox/task3,10892,0.037275515496730804
train/loss/object/bbox/task3,10942,0.035627707839012146
train/loss/object/bbox/task3,10992,0.0373450368642807
train/loss/object/bbox/task3,11042,0.046681661158800125
train/loss/object/bbox/task3,11092,0.037353817373514175
train/loss/object/bbox/task3,11142,0.03333016112446785
train/loss/object/bbox/task3,11192,0.031879834830760956
train/loss/object/bbox/task3,11242,0.03558012470602989
train/loss/object/bbox/task3,11336,0.040382299572229385
train/loss/object/bbox/task3,11386,0.036513082683086395
train/loss/object/bbox/task3,11436,0.03614398092031479
train/loss/object/bbox/task3,11486,0.033362481743097305
train/loss/object/bbox/task3,11536,0.0345783531665802
train/loss/object/bbox/task3,11586,0.037961531430482864
train/loss/object/bbox/task3,11636,0.039480093866586685
train/loss/object/bbox/task3,11686,0.040147919207811356
train/loss/object/bbox/task3,11736,0.03380579873919487
train/loss/object/bbox/task3,11786,0.036143966019153595
train/loss/object/bbox/task3,11836,0.03676557168364525
train/loss/object/bbox/task3,11930,0.03635401651263237
train/loss/object/bbox/task3,11980,0.03705909475684166
train/loss/object/bbox/task3,12030,0.037264127284288406
train/loss/object/bbox/task3,12080,0.03546858951449394
train/loss/object/bbox/task3,12130,0.0382823571562767
train/loss/object/bbox/task3,12180,0.03353000432252884
train/loss/object/bbox/task3,12230,0.03276548162102699
train/loss/object/bbox/task3,12280,0.03915951028466225
train/loss/object/bbox/task3,12330,0.03486758843064308
train/loss/object/bbox/task3,12380,0.03166341781616211
train/loss/object/bbox/task3,12430,0.035817235708236694
train/loss/object/bbox/task3,12524,0.03729249909520149
train/loss/object/bbox/task3,12574,0.03304049372673035
train/loss/object/bbox/task3,12624,0.03300774097442627
train/loss/object/bbox/task3,12674,0.03602005913853645
train/loss/object/bbox/task3,12724,0.041681453585624695
train/loss/object/bbox/task3,12774,0.037257902324199677
train/loss/object/bbox/task3,12824,0.02978573739528656
train/loss/object/bbox/task3,12874,0.03587549552321434
train/loss/object/bbox/task3,12924,0.03018352761864662
train/loss/object/bbox/task3,12974,0.03915587440133095
train/loss/object/bbox/task3,13024,0.03108585625886917
train/loss/object/bbox/task3,13118,0.03211534395813942
train/loss/object/bbox/task3,13168,0.03469310700893402
train/loss/object/bbox/task3,13218,0.033590178936719894
train/loss/object/bbox/task3,13268,0.030451985076069832
train/loss/object/bbox/task3,13318,0.034673161804676056
train/loss/object/bbox/task3,13368,0.03883036971092224
train/loss/object/bbox/task3,13418,0.03618086129426956
train/loss/object/bbox/task3,13468,0.030007697641849518
train/loss/object/bbox/task3,13518,0.034057389944791794
train/loss/object/bbox/task3,13568,0.03027796745300293
train/loss/object/bbox/task3,13618,0.03290664032101631
train/loss/object/bbox/task3,13712,0.035069067031145096
train/loss/object/bbox/task3,13762,0.03248867020010948
train/loss/object/bbox/task3,13812,0.039279475808143616
train/loss/object/bbox/task3,13862,0.03594331443309784
train/loss/object/bbox/task3,13912,0.03474833816289902
train/loss/object/bbox/task3,13962,0.03131987154483795
train/loss/object/bbox/task3,14012,0.03237786889076233
train/loss/object/bbox/task3,14062,0.03307965025305748
train/loss/object/bbox/task3,14112,0.03172558918595314
train/loss/object/bbox/task3,14162,0.03473109379410744
train/loss/object/bbox/task3,14212,0.030333517119288445
train/loss/object/bbox/task3,14306,0.0324941985309124
train/loss/object/bbox/task3,14356,0.02868790179491043
train/loss/object/bbox/task3,14406,0.033004049211740494
train/loss/object/bbox/task3,14456,0.031647805124521255
train/loss/object/bbox/task3,14506,0.030777281150221825
train/loss/object/bbox/task3,14556,0.0260910764336586
train/loss/object/bbox/task3,14606,0.02493232674896717
train/loss/object/bbox/task3,14656,0.029197148978710175
train/loss/object/bbox/task3,14706,0.03154737129807472
train/loss/object/bbox/task3,14756,0.025748400017619133
train/loss/object/bbox/task3,14806,0.027151020243763924
train/loss/object/bbox/task3,14900,0.024991322308778763
train/loss/object/bbox/task3,14950,0.02998494543135166
train/loss/object/bbox/task3,15000,0.023743221536278725
train/loss/object/bbox/task3,15050,0.030312618240714073
train/loss/object/bbox/task3,15100,0.028389498591423035
train/loss/object/bbox/task3,15150,0.025766706094145775
train/loss/object/bbox/task3,15200,0.027119595557451248
train/loss/object/bbox/task3,15250,0.027084778994321823
train/loss/object/bbox/task3,15300,0.026696132495999336
train/loss/object/bbox/task3,15350,0.030963266268372536
train/loss/object/bbox/task3,15400,0.02799270860850811
train/loss/object/bbox/task3,15494,0.02788124792277813
train/loss/object/bbox/task3,15544,0.03163279592990875
train/loss/object/bbox/task3,15594,0.027249004691839218
train/loss/object/bbox/task3,15644,0.024304039776325226
train/loss/object/bbox/task3,15694,0.02655663713812828
train/loss/object/bbox/task3,15744,0.029160669073462486
train/loss/object/bbox/task3,15794,0.02618478238582611
train/loss/object/bbox/task3,15844,0.02579513005912304
train/loss/object/bbox/task3,15894,0.030028879642486572
train/loss/object/bbox/task3,15944,0.02650342509150505
train/loss/object/bbox/task3,15994,0.02992084063589573
train/loss/object/bbox/task3,16088,0.02668273262679577
train/loss/object/bbox/task3,16138,0.028955502435564995
train/loss/object/bbox/task3,16188,0.023920439183712006
train/loss/object/bbox/task3,16238,0.025428133085370064
train/loss/object/bbox/task3,16288,0.02806900441646576
train/loss/object/bbox/task3,16338,0.030857615172863007
train/loss/object/bbox/task3,16388,0.025172576308250427
train/loss/object/bbox/task3,16438,0.028562037274241447
train/loss/object/bbox/task3,16488,0.024975400418043137
train/loss/object/bbox/task3,16538,0.03300256282091141
train/loss/object/bbox/task3,16588,0.023650282993912697
train/loss/object/bbox/task3,16682,0.024067632853984833
train/loss/object/bbox/task3,16732,0.02612920105457306
train/loss/object/bbox/task3,16782,0.02611348405480385
train/loss/object/bbox/task3,16832,0.026193246245384216
train/loss/object/bbox/task3,16882,0.025945454835891724
train/loss/object/bbox/task3,16932,0.028684914112091064
train/loss/object/bbox/task3,16982,0.026390329003334045
train/loss/object/bbox/task3,17032,0.02427675761282444
train/loss/object/bbox/task3,17082,0.0279926136136055
train/loss/object/bbox/task3,17132,0.028560787439346313
train/loss/object/bbox/task3,17182,0.027751551941037178
train/loss/object/bbox/task3,17276,0.025017758831381798
train/loss/object/bbox/task3,17326,0.025445718318223953
train/loss/object/bbox/task3,17376,0.026057159528136253
train/loss/object/bbox/task3,17426,0.026790447533130646
train/loss/object/bbox/task3,17476,0.02799461968243122
train/loss/object/bbox/task3,17526,0.023293500766158104
train/loss/object/bbox/task3,17576,0.023159200325608253
train/loss/object/bbox/task3,17626,0.02359805442392826
train/loss/object/bbox/task3,17676,0.026677072048187256
train/loss/object/bbox/task3,17726,0.025307495146989822
train/loss/object/bbox/task3,17776,0.02377930097281933
train/loss/object/bbox/task3,17870,0.025985876098275185
train/loss/object/bbox/task3,17920,0.02578788623213768
train/loss/object/bbox/task3,17970,0.02762237936258316
train/loss/object/bbox/task3,18020,0.02605903521180153
train/loss/object/bbox/task3,18070,0.02752857282757759
train/loss/object/bbox/task3,18120,0.022309783846139908
train/loss/object/bbox/task3,18170,0.02316289395093918
train/loss/object/bbox/task3,18220,0.02408553846180439
train/loss/object/bbox/task3,18270,0.024047043174505234
train/loss/object/bbox/task3,18320,0.02710065245628357
train/loss/object/bbox/task3,18370,0.022311057895421982
train/loss/object/bbox/task3,18464,0.028712935745716095
train/loss/object/bbox/task3,18514,0.023986786603927612
train/loss/object/bbox/task3,18564,0.025939812883734703
train/loss/object/bbox/task3,18614,0.025973552837967873
train/loss/object/bbox/task3,18664,0.022367985919117928
train/loss/object/bbox/task3,18714,0.024687189608812332
train/loss/object/bbox/task3,18764,0.021678481251001358
train/loss/object/bbox/task3,18814,0.02513069473206997
train/loss/object/bbox/task3,18864,0.02417541667819023
train/loss/object/bbox/task3,18914,0.024540750309824944
train/loss/object/bbox/task3,18964,0.023327350616455078
train/loss/object/bbox/task3,19058,0.021835366263985634
train/loss/object/bbox/task3,19108,0.024497324600815773
train/loss/object/bbox/task3,19158,0.023490721359848976
train/loss/object/bbox/task3,19208,0.022482477128505707
train/loss/object/bbox/task3,19258,0.02341722697019577
train/loss/object/bbox/task3,19308,0.024535294622182846
train/loss/object/bbox/task3,19358,0.025791160762310028
train/loss/object/bbox/task3,19408,0.025232376530766487
train/loss/object/bbox/task3,19458,0.02305726706981659
train/loss/object/bbox/task3,19508,0.025533683598041534
train/loss/object/bbox/task3,19558,0.024933110922574997
train/loss/object/bbox/task3,19652,0.025293542072176933
train/loss/object/bbox/task3,19702,0.021638302132487297
train/loss/object/bbox/task3,19752,0.023226412013173103
train/loss/object/bbox/task3,19802,0.024240395054221153
train/loss/object/bbox/task3,19852,0.024674715474247932
train/loss/object/bbox/task3,19902,0.0217432901263237
train/loss/object/bbox/task3,19952,0.024743307381868362
train/loss/object/bbox/task3,20002,0.02326652966439724
train/loss/object/bbox/task3,20052,0.020622970536351204
train/loss/object/bbox/task3,20102,0.021916966885328293
train/loss/object/bbox/task3,20152,0.023109233006834984
train/loss/object/bbox/task3,20246,0.021945040673017502
train/loss/object/bbox/task3,20296,0.022197775542736053
train/loss/object/bbox/task3,20346,0.019819999113678932
train/loss/object/bbox/task3,20396,0.021680762991309166
train/loss/object/bbox/task3,20446,0.020817087963223457
train/loss/object/bbox/task3,20496,0.020702915266156197
train/loss/object/bbox/task3,20546,0.022190673276782036
train/loss/object/bbox/task3,20596,0.022187761962413788
train/loss/object/bbox/task3,20646,0.02523735910654068
train/loss/object/bbox/task3,20696,0.020648162811994553
train/loss/object/bbox/task3,20746,0.02432428114116192
train/loss/object/bbox/task3,20840,0.022518740966916084
train/loss/object/bbox/task3,20890,0.022540153935551643
train/loss/object/bbox/task3,20940,0.021714411675930023
train/loss/object/bbox/task3,20990,0.01907605305314064
train/loss/object/bbox/task3,21040,0.022031335160136223
train/loss/object/bbox/task3,21090,0.022032396867871284
train/loss/object/bbox/task3,21140,0.021835986524820328
train/loss/object/bbox/task3,21190,0.023277634754776955
train/loss/object/bbox/task3,21240,0.021007580682635307
train/loss/object/bbox/task3,21290,0.021622875705361366
train/loss/object/bbox/task3,21340,0.021060755476355553
train/loss/object/bbox/task3,21434,0.023473897948861122
train/loss/object/bbox/task3,21484,0.022728001698851585
train/loss/object/bbox/task3,21534,0.018748581409454346
train/loss/object/bbox/task3,21584,0.020294271409511566
train/loss/object/bbox/task3,21634,0.022628355771303177
train/loss/object/bbox/task3,21684,0.02120286226272583
train/loss/object/bbox/task3,21734,0.022695031017065048
train/loss/object/bbox/task3,21784,0.019749639555811882
train/loss/object/bbox/task3,21834,0.020899426192045212
train/loss/object/bbox/task3,21884,0.021379748359322548
train/loss/object/bbox/task3,21934,0.022463252767920494
train/loss/object/bbox/task3,22028,0.019977621734142303
train/loss/object/bbox/task3,22078,0.01829543150961399
train/loss/object/bbox/task3,22128,0.020915936678647995
train/loss/object/bbox/task3,22178,0.01964779570698738
train/loss/object/bbox/task3,22228,0.02227647975087166
train/loss/object/bbox/task3,22278,0.02015886828303337
train/loss/object/bbox/task3,22328,0.02066619321703911
train/loss/object/bbox/task3,22378,0.023159122094511986
train/loss/object/bbox/task3,22428,0.02074076049029827
train/loss/object/bbox/task3,22478,0.022798845544457436
train/loss/object/bbox/task3,22528,0.02250145934522152
train/loss/object/bbox/task3,22622,0.01942938193678856
train/loss/object/bbox/task3,22672,0.019789744168519974
train/loss/object/bbox/task3,22722,0.020150940865278244
train/loss/object/bbox/task3,22772,0.021035829558968544
train/loss/object/bbox/task3,22822,0.02230130508542061
train/loss/object/bbox/task3,22872,0.020551960915327072
train/loss/object/bbox/task3,22922,0.02229112945497036
train/loss/object/bbox/task3,22972,0.02016574703156948
train/loss/object/bbox/task3,23022,0.02072945237159729
train/loss/object/bbox/task3,23072,0.01987694948911667
train/loss/object/bbox/task3,23122,0.01952264830470085
train/loss/object/bbox/task3,23216,0.018587851896882057
train/loss/object/bbox/task3,23266,0.021106822416186333
train/loss/object/bbox/task3,23316,0.02032403089106083
train/loss/object/bbox/task3,23366,0.021151356399059296
train/loss/object/bbox/task3,23416,0.019951406866312027
train/loss/object/bbox/task3,23466,0.020780744031071663
train/loss/object/bbox/task3,23516,0.0218333899974823
train/loss/object/bbox/task3,23566,0.02197951078414917
train/loss/object/bbox/task3,23616,0.020552486181259155
train/loss/object/bbox/task3,23666,0.018477940931916237
train/loss/object/bbox/task3,23716,0.02216513454914093
train/loss/object/bbox/task3,23810,0.02195124141871929
train/loss/object/bbox/task3,23860,0.018822165206074715
train/loss/object/bbox/task3,23910,0.018030572682619095
train/loss/object/bbox/task3,23960,0.020092464983463287
train/loss/object/bbox/task3,24010,0.020775048062205315
train/loss/object/bbox/task3,24060,0.018244393169879913
train/loss/object/bbox/task3,24110,0.019034119322896004
train/loss/object/bbox/task3,24160,0.019239220768213272
train/loss/object/bbox/task3,24210,0.01953556202352047
train/loss/object/bbox/task3,24260,0.019880222156643867
train/loss/object/bbox/task3,24310,0.020233863964676857
train/loss/object/bbox/task3,24404,0.02004851959645748
train/loss/object/bbox/task3,24454,0.01840030774474144
train/loss/object/bbox/task3,24504,0.01775541715323925
train/loss/object/bbox/task3,24554,0.018502159044146538
train/loss/object/bbox/task3,24604,0.02010165899991989
train/loss/object/bbox/task3,24654,0.021385209634900093
train/loss/object/bbox/task3,24704,0.018719198182225227
train/loss/object/bbox/task3,24754,0.01766948401927948
train/loss/object/bbox/task3,24804,0.02037317305803299
train/loss/object/bbox/task3,24854,0.017255732789635658
train/loss/object/bbox/task3,24904,0.02181445062160492
train/loss/object/bbox/task3,24998,0.016874393448233604
train/loss/object/bbox/task3,25048,0.018832042813301086
train/loss/object/bbox/task3,25098,0.018602954223752022
train/loss/object/bbox/task3,25148,0.016574321314692497
train/loss/object/bbox/task3,25198,0.020577460527420044
train/loss/object/bbox/task3,25248,0.019940953701734543
train/loss/object/bbox/task3,25298,0.02109472267329693
train/loss/object/bbox/task3,25348,0.01718956232070923
train/loss/object/bbox/task3,25398,0.020366966724395752
train/loss/object/bbox/task3,25448,0.017639286816120148
train/loss/object/bbox/task3,25498,0.017897499725222588
train/loss/object/bbox/task3,25592,0.018009057268500328
train/loss/object/bbox/task3,25642,0.018940353766083717
train/loss/object/bbox/task3,25692,0.017423367127776146
train/loss/object/bbox/task3,25742,0.017944175750017166
train/loss/object/bbox/task3,25792,0.020208342000842094
train/loss/object/bbox/task3,25842,0.018171826377511024
train/loss/object/bbox/task3,25892,0.0178802739828825
train/loss/object/bbox/task3,25942,0.01858407072722912
train/loss/object/bbox/task3,25992,0.01860559917986393
train/loss/object/bbox/task3,26042,0.017772657796740532
train/loss/object/bbox/task3,26092,0.018771756440401077
train/loss/object/bbox/task3,26186,0.019433973357081413
train/loss/object/bbox/task3,26236,0.020275903865695
train/loss/object/bbox/task3,26286,0.019203824922442436
train/loss/object/bbox/task3,26336,0.01722646690905094
train/loss/object/bbox/task3,26386,0.019757166504859924
train/loss/object/bbox/task3,26436,0.019106894731521606
train/loss/object/bbox/task3,26486,0.017976636067032814
train/loss/object/bbox/task3,26536,0.016758622601628304
train/loss/object/bbox/task3,26586,0.020068736746907234
train/loss/object/bbox/task3,26636,0.018998829647898674
train/loss/object/bbox/task3,26686,0.020024098455905914
train/loss/object/bbox/task3,26780,0.018039140850305557
train/loss/object/bbox/task3,26830,0.019415251910686493
train/loss/object/bbox/task3,26880,0.019085507839918137
train/loss/object/bbox/task3,26930,0.015259020030498505
train/loss/object/bbox/task3,26980,0.019875992089509964
train/loss/object/bbox/task3,27030,0.01915856823325157
train/loss/object/bbox/task3,27080,0.01934846118092537
train/loss/object/bbox/task3,27130,0.018603967502713203
train/loss/object/bbox/task3,27180,0.01814417354762554
train/loss/object/bbox/task3,27230,0.018627949059009552
train/loss/object/bbox/task3,27280,0.018415164202451706
train/loss/object/bbox/task3,27374,0.02000998519361019
train/loss/object/bbox/task3,27424,0.01886957325041294
train/loss/object/bbox/task3,27474,0.01926247589290142
train/loss/object/bbox/task3,27524,0.01825791224837303
train/loss/object/bbox/task3,27574,0.018642880022525787
train/loss/object/bbox/task3,27624,0.018918108195066452
train/loss/object/bbox/task3,27674,0.016467824578285217
train/loss/object/bbox/task3,27724,0.01803094707429409
train/loss/object/bbox/task3,27774,0.016723792999982834
train/loss/object/bbox/task3,27824,0.021195000037550926
train/loss/object/bbox/task3,27874,0.016399655491113663
train/loss/object/bbox/task3,27968,0.018174370750784874
train/loss/object/bbox/task3,28018,0.016467027366161346
train/loss/object/bbox/task3,28068,0.017165224999189377
train/loss/object/bbox/task3,28118,0.019928695634007454
train/loss/object/bbox/task3,28168,0.018419982865452766
train/loss/object/bbox/task3,28218,0.018658732995390892
train/loss/object/bbox/task3,28268,0.0170843917876482
train/loss/object/bbox/task3,28318,0.018617592751979828
train/loss/object/bbox/task3,28368,0.019600355997681618
train/loss/object/bbox/task3,28418,0.019117731600999832
train/loss/object/bbox/task3,28468,0.01841859519481659
train/loss/object/heatmap/task4,50,4.1540727615356445
train/loss/object/heatmap/task4,100,1.480747103691101
train/loss/object/heatmap/task4,150,0.9130637049674988
train/loss/object/heatmap/task4,200,0.8034681677818298
train/loss/object/heatmap/task4,250,0.7592856287956238
train/loss/object/heatmap/task4,300,0.7239261269569397
train/loss/object/heatmap/task4,350,0.6934590339660645
train/loss/object/heatmap/task4,400,0.6909342408180237
train/loss/object/heatmap/task4,450,0.6574836373329163
train/loss/object/heatmap/task4,500,0.6864736080169678
train/loss/object/heatmap/task4,550,0.6500265002250671
train/loss/object/heatmap/task4,644,0.6328099370002747
train/loss/object/heatmap/task4,694,0.6580770015716553
train/loss/object/heatmap/task4,744,0.6257423162460327
train/loss/object/heatmap/task4,794,0.6377312541007996
train/loss/object/heatmap/task4,844,0.6184149384498596
train/loss/object/heatmap/task4,894,0.6356154084205627
train/loss/object/heatmap/task4,944,0.6188532710075378
train/loss/object/heatmap/task4,994,0.6354168057441711
train/loss/object/heatmap/task4,1044,0.595989465713501
train/loss/object/heatmap/task4,1094,0.6233540773391724
train/loss/object/heatmap/task4,1144,0.5934401154518127
train/loss/object/heatmap/task4,1238,0.597170889377594
train/loss/object/heatmap/task4,1288,0.6262611150741577
train/loss/object/heatmap/task4,1338,0.5998793840408325
train/loss/object/heatmap/task4,1388,0.596671462059021
train/loss/object/heatmap/task4,1438,0.5741419792175293
train/loss/object/heatmap/task4,1488,0.594603955745697
train/loss/object/heatmap/task4,1538,0.5695704817771912
train/loss/object/heatmap/task4,1588,0.6049453020095825
train/loss/object/heatmap/task4,1638,0.5679569244384766
train/loss/object/heatmap/task4,1688,0.6010340452194214
train/loss/object/heatmap/task4,1738,0.573037326335907
train/loss/object/heatmap/task4,1832,0.5713245868682861
train/loss/object/heatmap/task4,1882,0.6061149835586548
train/loss/object/heatmap/task4,1932,0.5634608268737793
train/loss/object/heatmap/task4,1982,0.58477783203125
train/loss/object/heatmap/task4,2032,0.5594028234481812
train/loss/object/heatmap/task4,2082,0.5831672549247742
train/loss/object/heatmap/task4,2132,0.5732278227806091
train/loss/object/heatmap/task4,2182,0.5906487703323364
train/loss/object/heatmap/task4,2232,0.5576039552688599
train/loss/object/heatmap/task4,2282,0.5809266567230225
train/loss/object/heatmap/task4,2332,0.5662493109703064
train/loss/object/heatmap/task4,2426,0.5426416397094727
train/loss/object/heatmap/task4,2476,0.5886093378067017
train/loss/object/heatmap/task4,2526,0.5587077140808105
train/loss/object/heatmap/task4,2576,0.5700193643569946
train/loss/object/heatmap/task4,2626,0.5511263608932495
train/loss/object/heatmap/task4,2676,0.570875346660614
train/loss/object/heatmap/task4,2726,0.5579807758331299
train/loss/object/heatmap/task4,2776,0.585189938545227
train/loss/object/heatmap/task4,2826,0.5482399463653564
train/loss/object/heatmap/task4,2876,0.5757089853286743
train/loss/object/heatmap/task4,2926,0.5391499996185303
train/loss/object/heatmap/task4,3020,0.5328629612922668
train/loss/object/heatmap/task4,3070,0.5826469659805298
train/loss/object/heatmap/task4,3120,0.5493573546409607
train/loss/object/heatmap/task4,3170,0.552257239818573
train/loss/object/heatmap/task4,3220,0.531412661075592
train/loss/object/heatmap/task4,3270,0.5640515685081482
train/loss/object/heatmap/task4,3320,0.5429714918136597
train/loss/object/heatmap/task4,3370,0.5709215998649597
train/loss/object/heatmap/task4,3420,0.5366215109825134
train/loss/object/heatmap/task4,3470,0.5614421367645264
train/loss/object/heatmap/task4,3520,0.5312121510505676
train/loss/object/heatmap/task4,3614,0.5298978090286255
train/loss/object/heatmap/task4,3664,0.565975546836853
train/loss/object/heatmap/task4,3714,0.537763237953186
train/loss/object/heatmap/task4,3764,0.5459222197532654
train/loss/object/heatmap/task4,3814,0.5215989351272583
train/loss/object/heatmap/task4,3864,0.5514605641365051
train/loss/object/heatmap/task4,3914,0.5350841879844666
train/loss/object/heatmap/task4,3964,0.5578345060348511
train/loss/object/heatmap/task4,4014,0.5214616060256958
train/loss/object/heatmap/task4,4064,0.5532726049423218
train/loss/object/heatmap/task4,4114,0.5206205248832703
train/loss/object/heatmap/task4,4208,0.5192763805389404
train/loss/object/heatmap/task4,4258,0.5619944334030151
train/loss/object/heatmap/task4,4308,0.5297499895095825
train/loss/object/heatmap/task4,4358,0.5475819706916809
train/loss/object/heatmap/task4,4408,0.5181908011436462
train/loss/object/heatmap/task4,4458,0.5495924353599548
train/loss/object/heatmap/task4,4508,0.5256439447402954
train/loss/object/heatmap/task4,4558,0.5570655465126038
train/loss/object/heatmap/task4,4608,0.5238592028617859
train/loss/object/heatmap/task4,4658,0.5515241622924805
train/loss/object/heatmap/task4,4708,0.5261079668998718
train/loss/object/heatmap/task4,4802,0.5141041874885559
train/loss/object/heatmap/task4,4852,0.5544195175170898
train/loss/object/heatmap/task4,4902,0.5221541523933411
train/loss/object/heatmap/task4,4952,0.5400900840759277
train/loss/object/heatmap/task4,5002,0.515748918056488
train/loss/object/heatmap/task4,5052,0.5382142663002014
train/loss/object/heatmap/task4,5102,0.5245624780654907
train/loss/object/heatmap/task4,5152,0.5540227890014648
train/loss/object/heatmap/task4,5202,0.5242701768875122
train/loss/object/heatmap/task4,5252,0.5399048924446106
train/loss/object/heatmap/task4,5302,0.5134663581848145
train/loss/object/heatmap/task4,5396,0.5102177262306213
train/loss/object/heatmap/task4,5446,0.5468910932540894
train/loss/object/heatmap/task4,5496,0.521200954914093
train/loss/object/heatmap/task4,5546,0.5361356139183044
train/loss/object/heatmap/task4,5596,0.5095273852348328
train/loss/object/heatmap/task4,5646,0.5346394181251526
train/loss/object/heatmap/task4,5696,0.5213377475738525
train/loss/object/heatmap/task4,5746,0.5483832359313965
train/loss/object/heatmap/task4,5796,0.5183170437812805
train/loss/object/heatmap/task4,5846,0.5457372665405273
train/loss/object/heatmap/task4,5896,0.517025887966156
train/loss/object/heatmap/task4,5990,0.5099523663520813
train/loss/object/heatmap/task4,6040,0.5457924008369446
train/loss/object/heatmap/task4,6090,0.5121504068374634
train/loss/object/heatmap/task4,6140,0.5384346842765808
train/loss/object/heatmap/task4,6190,0.5042180418968201
train/loss/object/heatmap/task4,6240,0.5266686081886292
train/loss/object/heatmap/task4,6290,0.5115214586257935
train/loss/object/heatmap/task4,6340,0.5410661697387695
train/loss/object/heatmap/task4,6390,0.5122196674346924
train/loss/object/heatmap/task4,6440,0.5368129014968872
train/loss/object/heatmap/task4,6490,0.5145583152770996
train/loss/object/heatmap/task4,6584,0.5008258819580078
train/loss/object/heatmap/task4,6634,0.5401017665863037
train/loss/object/heatmap/task4,6684,0.5144017934799194
train/loss/object/heatmap/task4,6734,0.5291949510574341
train/loss/object/heatmap/task4,6784,0.5003219246864319
train/loss/object/heatmap/task4,6834,0.5235905647277832
train/loss/object/heatmap/task4,6884,0.5121546387672424
train/loss/object/heatmap/task4,6934,0.5406976342201233
train/loss/object/heatmap/task4,6984,0.5091238617897034
train/loss/object/heatmap/task4,7034,0.5332610607147217
train/loss/object/heatmap/task4,7084,0.5094841718673706
train/loss/object/heatmap/task4,7178,0.49115726351737976
train/loss/object/heatmap/task4,7228,0.5359634757041931
train/loss/object/heatmap/task4,7278,0.5031973123550415
train/loss/object/heatmap/task4,7328,0.5271342396736145
train/loss/object/heatmap/task4,7378,0.4998757243156433
train/loss/object/heatmap/task4,7428,0.5209331512451172
train/loss/object/heatmap/task4,7478,0.5089806318283081
train/loss/object/heatmap/task4,7528,0.5319060683250427
train/loss/object/heatmap/task4,7578,0.5019286870956421
train/loss/object/heatmap/task4,7628,0.5300270318984985
train/loss/object/heatmap/task4,7678,0.5064218640327454
train/loss/object/heatmap/task4,7772,0.4879295527935028
train/loss/object/heatmap/task4,7822,0.528209388256073
train/loss/object/heatmap/task4,7872,0.4995327889919281
train/loss/object/heatmap/task4,7922,0.5246997475624084
train/loss/object/heatmap/task4,7972,0.49237531423568726
train/loss/object/heatmap/task4,8022,0.5137597322463989
train/loss/object/heatmap/task4,8072,0.502578854560852
train/loss/object/heatmap/task4,8122,0.5280552506446838
train/loss/object/heatmap/task4,8172,0.5008228421211243
train/loss/object/heatmap/task4,8222,0.531814694404602
train/loss/object/heatmap/task4,8272,0.49723580479621887
train/loss/object/heatmap/task4,8366,0.4826183617115021
train/loss/object/heatmap/task4,8416,0.5234789252281189
train/loss/object/heatmap/task4,8466,0.493303120136261
train/loss/object/heatmap/task4,8516,0.5173911452293396
train/loss/object/heatmap/task4,8566,0.4963645339012146
train/loss/object/heatmap/task4,8616,0.5159056782722473
train/loss/object/heatmap/task4,8666,0.49523261189460754
train/loss/object/heatmap/task4,8716,0.5279008746147156
train/loss/object/heatmap/task4,8766,0.4969927966594696
train/loss/object/heatmap/task4,8816,0.5222030282020569
train/loss/object/heatmap/task4,8866,0.49909910559654236
train/loss/object/heatmap/task4,8960,0.47763922810554504
train/loss/object/heatmap/task4,9010,0.5202491879463196
train/loss/object/heatmap/task4,9060,0.4897112250328064
train/loss/object/heatmap/task4,9110,0.5156465172767639
train/loss/object/heatmap/task4,9160,0.48736250400543213
train/loss/object/heatmap/task4,9210,0.5054445862770081
train/loss/object/heatmap/task4,9260,0.4965638518333435
train/loss/object/heatmap/task4,9310,0.5280834436416626
train/loss/object/heatmap/task4,9360,0.49512815475463867
train/loss/object/heatmap/task4,9410,0.5105447769165039
train/loss/object/heatmap/task4,9460,0.4858531057834625
train/loss/object/heatmap/task4,9554,0.48135530948638916
train/loss/object/heatmap/task4,9604,0.5215122699737549
train/loss/object/heatmap/task4,9654,0.48119422793388367
train/loss/object/heatmap/task4,9704,0.5153865218162537
train/loss/object/heatmap/task4,9754,0.4804742634296417
train/loss/object/heatmap/task4,9804,0.5135738253593445
train/loss/object/heatmap/task4,9854,0.49679678678512573
train/loss/object/heatmap/task4,9904,0.5173495411872864
train/loss/object/heatmap/task4,9954,0.4957684278488159
train/loss/object/heatmap/task4,10004,0.5123229622840881
train/loss/object/heatmap/task4,10054,0.49207350611686707
train/loss/object/heatmap/task4,10148,0.46944481134414673
train/loss/object/heatmap/task4,10198,0.5200143456459045
train/loss/object/heatmap/task4,10248,0.4863756000995636
train/loss/object/heatmap/task4,10298,0.507741391658783
train/loss/object/heatmap/task4,10348,0.4811770021915436
train/loss/object/heatmap/task4,10398,0.5135031342506409
train/loss/object/heatmap/task4,10448,0.48613443970680237
train/loss/object/heatmap/task4,10498,0.523003876209259
train/loss/object/heatmap/task4,10548,0.48718827962875366
train/loss/object/heatmap/task4,10598,0.5154171586036682
train/loss/object/heatmap/task4,10648,0.4902372658252716
train/loss/object/heatmap/task4,10742,0.4704998731613159
train/loss/object/heatmap/task4,10792,0.5152574777603149
train/loss/object/heatmap/task4,10842,0.48548558354377747
train/loss/object/heatmap/task4,10892,0.5015780925750732
train/loss/object/heatmap/task4,10942,0.4832085371017456
train/loss/object/heatmap/task4,10992,0.5023258328437805
train/loss/object/heatmap/task4,11042,0.49297088384628296
train/loss/object/heatmap/task4,11092,0.515798032283783
train/loss/object/heatmap/task4,11142,0.49239763617515564
train/loss/object/heatmap/task4,11192,0.5060805082321167
train/loss/object/heatmap/task4,11242,0.4852159917354584
train/loss/object/heatmap/task4,11336,0.467570036649704
train/loss/object/heatmap/task4,11386,0.5089430809020996
train/loss/object/heatmap/task4,11436,0.48532822728157043
train/loss/object/heatmap/task4,11486,0.5033039450645447
train/loss/object/heatmap/task4,11536,0.4807516634464264
train/loss/object/heatmap/task4,11586,0.5043533444404602
train/loss/object/heatmap/task4,11636,0.4874105155467987
train/loss/object/heatmap/task4,11686,0.522636353969574
train/loss/object/heatmap/task4,11736,0.48213163018226624
train/loss/object/heatmap/task4,11786,0.5141436457633972
train/loss/object/heatmap/task4,11836,0.4852127134799957
train/loss/object/heatmap/task4,11930,0.46363869309425354
train/loss/object/heatmap/task4,11980,0.5083094835281372
train/loss/object/heatmap/task4,12030,0.4820500612258911
train/loss/object/heatmap/task4,12080,0.5026993751525879
train/loss/object/heatmap/task4,12130,0.475328266620636
train/loss/object/heatmap/task4,12180,0.5015794038772583
train/loss/object/heatmap/task4,12230,0.4837336540222168
train/loss/object/heatmap/task4,12280,0.5080921053886414
train/loss/object/heatmap/task4,12330,0.4855595529079437
train/loss/object/heatmap/task4,12380,0.5049597024917603
train/loss/object/heatmap/task4,12430,0.48016294836997986
train/loss/object/heatmap/task4,12524,0.4645238518714905
train/loss/object/heatmap/task4,12574,0.5067809820175171
train/loss/object/heatmap/task4,12624,0.4814886748790741
train/loss/object/heatmap/task4,12674,0.49644893407821655
train/loss/object/heatmap/task4,12724,0.475688099861145
train/loss/object/heatmap/task4,12774,0.49953144788742065
train/loss/object/heatmap/task4,12824,0.4789818227291107
train/loss/object/heatmap/task4,12874,0.5107964277267456
train/loss/object/heatmap/task4,12924,0.48468300700187683
train/loss/object/heatmap/task4,12974,0.5060438513755798
train/loss/object/heatmap/task4,13024,0.4829876720905304
train/loss/object/heatmap/task4,13118,0.46191346645355225
train/loss/object/heatmap/task4,13168,0.5063382387161255
train/loss/object/heatmap/task4,13218,0.48262086510658264
train/loss/object/heatmap/task4,13268,0.49861273169517517
train/loss/object/heatmap/task4,13318,0.46878179907798767
train/loss/object/heatmap/task4,13368,0.4990144371986389
train/loss/object/heatmap/task4,13418,0.481026828289032
train/loss/object/heatmap/task4,13468,0.5076177716255188
train/loss/object/heatmap/task4,13518,0.4802500009536743
train/loss/object/heatmap/task4,13568,0.5048173666000366
train/loss/object/heatmap/task4,13618,0.4813495874404907
train/loss/object/heatmap/task4,13712,0.45775243639945984
train/loss/object/heatmap/task4,13762,0.5018250942230225
train/loss/object/heatmap/task4,13812,0.47878727316856384
train/loss/object/heatmap/task4,13862,0.4969848394393921
train/loss/object/heatmap/task4,13912,0.4682956635951996
train/loss/object/heatmap/task4,13962,0.4935550391674042
train/loss/object/heatmap/task4,14012,0.4855210483074188
train/loss/object/heatmap/task4,14062,0.5089107155799866
train/loss/object/heatmap/task4,14112,0.47923609614372253
train/loss/object/heatmap/task4,14162,0.5045350193977356
train/loss/object/heatmap/task4,14212,0.4775017499923706
train/loss/object/heatmap/task4,14306,3.2506279945373535
train/loss/object/heatmap/task4,14356,1.3686187267303467
train/loss/object/heatmap/task4,14406,1.3022087812423706
train/loss/object/heatmap/task4,14456,1.2595250606536865
train/loss/object/heatmap/task4,14506,1.2147694826126099
train/loss/object/heatmap/task4,14556,1.2171061038970947
train/loss/object/heatmap/task4,14606,1.2252089977264404
train/loss/object/heatmap/task4,14656,1.1845617294311523
train/loss/object/heatmap/task4,14706,1.1528570652008057
train/loss/object/heatmap/task4,14756,1.2540113925933838
train/loss/object/heatmap/task4,14806,1.1520798206329346
train/loss/object/heatmap/task4,14900,1.0940439701080322
train/loss/object/heatmap/task4,14950,1.1281763315200806
train/loss/object/heatmap/task4,15000,1.1374069452285767
train/loss/object/heatmap/task4,15050,1.1424394845962524
train/loss/object/heatmap/task4,15100,1.0879157781600952
train/loss/object/heatmap/task4,15150,1.1042643785476685
train/loss/object/heatmap/task4,15200,1.0390313863754272
train/loss/object/heatmap/task4,15250,1.0493347644805908
train/loss/object/heatmap/task4,15300,1.060547113418579
train/loss/object/heatmap/task4,15350,1.0966506004333496
train/loss/object/heatmap/task4,15400,1.078736424446106
train/loss/object/heatmap/task4,15494,0.9794434309005737
train/loss/object/heatmap/task4,15544,1.0247859954833984
train/loss/object/heatmap/task4,15594,1.0270882844924927
train/loss/object/heatmap/task4,15644,0.9864864945411682
train/loss/object/heatmap/task4,15694,0.9818176031112671
train/loss/object/heatmap/task4,15744,1.0607926845550537
train/loss/object/heatmap/task4,15794,0.9840527176856995
train/loss/object/heatmap/task4,15844,0.9345429539680481
train/loss/object/heatmap/task4,15894,0.9120709896087646
train/loss/object/heatmap/task4,15944,0.9824207425117493
train/loss/object/heatmap/task4,15994,1.0122056007385254
train/loss/object/heatmap/task4,16088,0.9098577499389648
train/loss/object/heatmap/task4,16138,0.9698210954666138
train/loss/object/heatmap/task4,16188,0.9470494985580444
train/loss/object/heatmap/task4,16238,1.0224939584732056
train/loss/object/heatmap/task4,16288,0.9852133989334106
train/loss/object/heatmap/task4,16338,0.8645825386047363
train/loss/object/heatmap/task4,16388,0.9395031929016113
train/loss/object/heatmap/task4,16438,0.90108722448349
train/loss/object/heatmap/task4,16488,0.881379246711731
train/loss/object/heatmap/task4,16538,0.867280125617981
train/loss/object/heatmap/task4,16588,0.9394013285636902
train/loss/object/heatmap/task4,16682,0.8511967658996582
train/loss/object/heatmap/task4,16732,0.9065014719963074
train/loss/object/heatmap/task4,16782,0.8720762133598328
train/loss/object/heatmap/task4,16832,0.7967999577522278
train/loss/object/heatmap/task4,16882,0.8666834831237793
train/loss/object/heatmap/task4,16932,0.8767672181129456
train/loss/object/heatmap/task4,16982,0.8777989149093628
train/loss/object/heatmap/task4,17032,0.8606927990913391
train/loss/object/heatmap/task4,17082,0.8207032680511475
train/loss/object/heatmap/task4,17132,0.8669660091400146
train/loss/object/heatmap/task4,17182,0.8092947006225586
train/loss/object/heatmap/task4,17276,0.793608546257019
train/loss/object/heatmap/task4,17326,0.8897778987884521
train/loss/object/heatmap/task4,17376,0.7985507845878601
train/loss/object/heatmap/task4,17426,0.8977850079536438
train/loss/object/heatmap/task4,17476,0.8403214812278748
train/loss/object/heatmap/task4,17526,0.8396826982498169
train/loss/object/heatmap/task4,17576,0.8293524980545044
train/loss/object/heatmap/task4,17626,0.8649945855140686
train/loss/object/heatmap/task4,17676,0.8359871506690979
train/loss/object/heatmap/task4,17726,0.7509778141975403
train/loss/object/heatmap/task4,17776,0.8042205572128296
train/loss/object/heatmap/task4,17870,0.7489327192306519
train/loss/object/heatmap/task4,17920,0.7734707593917847
train/loss/object/heatmap/task4,17970,0.7611249089241028
train/loss/object/heatmap/task4,18020,0.7549779415130615
train/loss/object/heatmap/task4,18070,0.7618923783302307
train/loss/object/heatmap/task4,18120,0.7387952208518982
train/loss/object/heatmap/task4,18170,0.8638541102409363
train/loss/object/heatmap/task4,18220,0.7166810035705566
train/loss/object/heatmap/task4,18270,0.817604660987854
train/loss/object/heatmap/task4,18320,0.8034430146217346
train/loss/object/heatmap/task4,18370,0.6843223571777344
train/loss/object/heatmap/task4,18464,0.7524943947792053
train/loss/object/heatmap/task4,18514,0.7279710173606873
train/loss/object/heatmap/task4,18564,0.6717185974121094
train/loss/object/heatmap/task4,18614,0.7381747961044312
train/loss/object/heatmap/task4,18664,0.7650838494300842
train/loss/object/heatmap/task4,18714,0.7471457719802856
train/loss/object/heatmap/task4,18764,0.7445927262306213
train/loss/object/heatmap/task4,18814,0.6844867467880249
train/loss/object/heatmap/task4,18864,0.7315987944602966
train/loss/object/heatmap/task4,18914,0.7295425534248352
train/loss/object/heatmap/task4,18964,0.769080400466919
train/loss/object/heatmap/task4,19058,0.6617066264152527
train/loss/object/heatmap/task4,19108,0.7094786167144775
train/loss/object/heatmap/task4,19158,0.6410752534866333
train/loss/object/heatmap/task4,19208,0.6958320736885071
train/loss/object/heatmap/task4,19258,0.6696084141731262
train/loss/object/heatmap/task4,19308,0.7565009593963623
train/loss/object/heatmap/task4,19358,0.7146947979927063
train/loss/object/heatmap/task4,19408,0.6946364641189575
train/loss/object/heatmap/task4,19458,0.6929186582565308
train/loss/object/heatmap/task4,19508,0.6604640483856201
train/loss/object/heatmap/task4,19558,0.7090303301811218
train/loss/object/heatmap/task4,19652,0.6841199398040771
train/loss/object/heatmap/task4,19702,0.6262030601501465
train/loss/object/heatmap/task4,19752,0.6274285912513733
train/loss/object/heatmap/task4,19802,0.6948935985565186
train/loss/object/heatmap/task4,19852,0.6982066631317139
train/loss/object/heatmap/task4,19902,0.6578785181045532
train/loss/object/heatmap/task4,19952,0.6364699006080627
train/loss/object/heatmap/task4,20002,0.6776774525642395
train/loss/object/heatmap/task4,20052,0.6715664267539978
train/loss/object/heatmap/task4,20102,0.6393362879753113
train/loss/object/heatmap/task4,20152,0.6801333427429199
train/loss/object/heatmap/task4,20246,0.6789337396621704
train/loss/object/heatmap/task4,20296,0.6041771173477173
train/loss/object/heatmap/task4,20346,0.6110368967056274
train/loss/object/heatmap/task4,20396,0.6429640650749207
train/loss/object/heatmap/task4,20446,0.663195013999939
train/loss/object/heatmap/task4,20496,0.5983952283859253
train/loss/object/heatmap/task4,20546,0.6199193596839905
train/loss/object/heatmap/task4,20596,0.6275365352630615
train/loss/object/heatmap/task4,20646,0.5770976543426514
train/loss/object/heatmap/task4,20696,0.627610981464386
train/loss/object/heatmap/task4,20746,0.5858683586120605
train/loss/object/heatmap/task4,20840,0.6448867917060852
train/loss/object/heatmap/task4,20890,0.5754188895225525
train/loss/object/heatmap/task4,20940,0.6482186913490295
train/loss/object/heatmap/task4,20990,0.5826898813247681
train/loss/object/heatmap/task4,21040,0.5682709217071533
train/loss/object/heatmap/task4,21090,0.5655719041824341
train/loss/object/heatmap/task4,21140,0.6102848052978516
train/loss/object/heatmap/task4,21190,0.587980329990387
train/loss/object/heatmap/task4,21240,0.581497848033905
train/loss/object/heatmap/task4,21290,0.5808402299880981
train/loss/object/heatmap/task4,21340,0.5294064283370972
train/loss/object/heatmap/task4,21434,0.5627391934394836
train/loss/object/heatmap/task4,21484,0.5811451077461243
train/loss/object/heatmap/task4,21534,0.5337446928024292
train/loss/object/heatmap/task4,21584,0.5597721934318542
train/loss/object/heatmap/task4,21634,0.5174673795700073
train/loss/object/heatmap/task4,21684,0.5464767813682556
train/loss/object/heatmap/task4,21734,0.534828782081604
train/loss/object/heatmap/task4,21784,0.5252782106399536
train/loss/object/heatmap/task4,21834,0.5427523255348206
train/loss/object/heatmap/task4,21884,0.5849694013595581
train/loss/object/heatmap/task4,21934,0.5722844004631042
train/loss/object/heatmap/task4,22028,0.5100767612457275
train/loss/object/heatmap/task4,22078,0.5499569177627563
train/loss/object/heatmap/task4,22128,0.5207259654998779
train/loss/object/heatmap/task4,22178,0.5693098306655884
train/loss/object/heatmap/task4,22228,0.5049291253089905
train/loss/object/heatmap/task4,22278,0.5302448868751526
train/loss/object/heatmap/task4,22328,0.5543997287750244
train/loss/object/heatmap/task4,22378,0.49288612604141235
train/loss/object/heatmap/task4,22428,0.4992142617702484
train/loss/object/heatmap/task4,22478,0.5199195146560669
train/loss/object/heatmap/task4,22528,0.5240162014961243
train/loss/object/heatmap/task4,22622,0.5101677775382996
train/loss/object/heatmap/task4,22672,0.5260083675384521
train/loss/object/heatmap/task4,22722,0.5184581279754639
train/loss/object/heatmap/task4,22772,0.5048208236694336
train/loss/object/heatmap/task4,22822,0.5193588733673096
train/loss/object/heatmap/task4,22872,0.5573075413703918
train/loss/object/heatmap/task4,22922,0.48277199268341064
train/loss/object/heatmap/task4,22972,0.5004147887229919
train/loss/object/heatmap/task4,23022,0.49039319157600403
train/loss/object/heatmap/task4,23072,0.5019779801368713
train/loss/object/heatmap/task4,23122,0.5376141667366028
train/loss/object/heatmap/task4,23216,0.45385506749153137
train/loss/object/heatmap/task4,23266,0.4636014997959137
train/loss/object/heatmap/task4,23316,0.4906937777996063
train/loss/object/heatmap/task4,23366,0.48227107524871826
train/loss/object/heatmap/task4,23416,0.47456422448158264
train/loss/object/heatmap/task4,23466,0.46245449781417847
train/loss/object/heatmap/task4,23516,0.4577656388282776
train/loss/object/heatmap/task4,23566,0.5270902514457703
train/loss/object/heatmap/task4,23616,0.4483761191368103
train/loss/object/heatmap/task4,23666,0.5179387927055359
train/loss/object/heatmap/task4,23716,0.4249676465988159
train/loss/object/heatmap/task4,23810,0.4479302167892456
train/loss/object/heatmap/task4,23860,0.4613193869590759
train/loss/object/heatmap/task4,23910,0.47043731808662415
train/loss/object/heatmap/task4,23960,0.49881207942962646
train/loss/object/heatmap/task4,24010,0.4709187150001526
train/loss/object/heatmap/task4,24060,0.48185011744499207
train/loss/object/heatmap/task4,24110,0.49551358819007874
train/loss/object/heatmap/task4,24160,0.48839080333709717
train/loss/object/heatmap/task4,24210,0.4559152126312256
train/loss/object/heatmap/task4,24260,0.4961092174053192
train/loss/object/heatmap/task4,24310,0.4510740637779236
train/loss/object/heatmap/task4,24404,0.4909914433956146
train/loss/object/heatmap/task4,24454,0.45276302099227905
train/loss/object/heatmap/task4,24504,0.49410849809646606
train/loss/object/heatmap/task4,24554,0.4259431064128876
train/loss/object/heatmap/task4,24604,0.4157916307449341
train/loss/object/heatmap/task4,24654,0.4406924545764923
train/loss/object/heatmap/task4,24704,0.44204574823379517
train/loss/object/heatmap/task4,24754,0.48303088545799255
train/loss/object/heatmap/task4,24804,0.47729015350341797
train/loss/object/heatmap/task4,24854,0.44403353333473206
train/loss/object/heatmap/task4,24904,0.4780350625514984
train/loss/object/heatmap/task4,24998,0.44714465737342834
train/loss/object/heatmap/task4,25048,0.46688586473464966
train/loss/object/heatmap/task4,25098,0.4915199875831604
train/loss/object/heatmap/task4,25148,0.4272208511829376
train/loss/object/heatmap/task4,25198,0.43381986021995544
train/loss/object/heatmap/task4,25248,0.49269554018974304
train/loss/object/heatmap/task4,25298,0.4700476825237274
train/loss/object/heatmap/task4,25348,0.4286441504955292
train/loss/object/heatmap/task4,25398,0.4150110185146332
train/loss/object/heatmap/task4,25448,0.4520755112171173
train/loss/object/heatmap/task4,25498,0.44480985403060913
train/loss/object/heatmap/task4,25592,0.4216313660144806
train/loss/object/heatmap/task4,25642,0.42710521817207336
train/loss/object/heatmap/task4,25692,0.39098185300827026
train/loss/object/heatmap/task4,25742,0.47877904772758484
train/loss/object/heatmap/task4,25792,0.4152058959007263
train/loss/object/heatmap/task4,25842,0.4228820502758026
train/loss/object/heatmap/task4,25892,0.4505003094673157
train/loss/object/heatmap/task4,25942,0.45020434260368347
train/loss/object/heatmap/task4,25992,0.46613043546676636
train/loss/object/heatmap/task4,26042,0.47439709305763245
train/loss/object/heatmap/task4,26092,0.47561192512512207
train/loss/object/heatmap/task4,26186,0.4103960394859314
train/loss/object/heatmap/task4,26236,0.4858153760433197
train/loss/object/heatmap/task4,26286,0.44774097204208374
train/loss/object/heatmap/task4,26336,0.3736630082130432
train/loss/object/heatmap/task4,26386,0.47979602217674255
train/loss/object/heatmap/task4,26436,0.38601770997047424
train/loss/object/heatmap/task4,26486,0.4186554551124573
train/loss/object/heatmap/task4,26536,0.4476574659347534
train/loss/object/heatmap/task4,26586,0.3923846185207367
train/loss/object/heatmap/task4,26636,0.4512995183467865
train/loss/object/heatmap/task4,26686,0.3742348253726959
train/loss/object/heatmap/task4,26780,0.39135560393333435
train/loss/object/heatmap/task4,26830,0.429453581571579
train/loss/object/heatmap/task4,26880,0.3862549066543579
train/loss/object/heatmap/task4,26930,0.42288652062416077
train/loss/object/heatmap/task4,26980,0.39455360174179077
train/loss/object/heatmap/task4,27030,0.4136239290237427
train/loss/object/heatmap/task4,27080,0.3951454162597656
train/loss/object/heatmap/task4,27130,0.4750664532184601
train/loss/object/heatmap/task4,27180,0.39059585332870483
train/loss/object/heatmap/task4,27230,0.4590241611003876
train/loss/object/heatmap/task4,27280,0.4335020184516907
train/loss/object/heatmap/task4,27374,0.4467349648475647
train/loss/object/heatmap/task4,27424,0.4240274131298065
train/loss/object/heatmap/task4,27474,0.3986561894416809
train/loss/object/heatmap/task4,27524,0.3850150406360626
train/loss/object/heatmap/task4,27574,0.4433242976665497
train/loss/object/heatmap/task4,27624,0.41583871841430664
train/loss/object/heatmap/task4,27674,0.48410168290138245
train/loss/object/heatmap/task4,27724,0.39903900027275085
train/loss/object/heatmap/task4,27774,0.43353214859962463
train/loss/object/heatmap/task4,27824,0.38289982080459595
train/loss/object/heatmap/task4,27874,0.37884676456451416
train/loss/object/heatmap/task4,27968,0.41515153646469116
train/loss/object/heatmap/task4,28018,0.38827604055404663
train/loss/object/heatmap/task4,28068,0.40038052201271057
train/loss/object/heatmap/task4,28118,0.4079475998878479
train/loss/object/heatmap/task4,28168,0.42886480689048767
train/loss/object/heatmap/task4,28218,0.4293525815010071
train/loss/object/heatmap/task4,28268,0.43879401683807373
train/loss/object/heatmap/task4,28318,0.4409528374671936
train/loss/object/heatmap/task4,28368,0.4787532091140747
train/loss/object/heatmap/task4,28418,0.39984413981437683
train/loss/object/heatmap/task4,28468,0.38683202862739563
train/loss/object/bbox/task4,50,0.4704338312149048
train/loss/object/bbox/task4,100,0.2996479570865631
train/loss/object/bbox/task4,150,0.2837356925010681
train/loss/object/bbox/task4,200,0.2726665437221527
train/loss/object/bbox/task4,250,0.2624233365058899
train/loss/object/bbox/task4,300,0.25978386402130127
train/loss/object/bbox/task4,350,0.24979136884212494
train/loss/object/bbox/task4,400,0.24581651389598846
train/loss/object/bbox/task4,450,0.24380075931549072
train/loss/object/bbox/task4,500,0.24283543229103088
train/loss/object/bbox/task4,550,0.2384185492992401
train/loss/object/bbox/task4,644,0.23235750198364258
train/loss/object/bbox/task4,694,0.23473143577575684
train/loss/object/bbox/task4,744,0.2313733845949173
train/loss/object/bbox/task4,794,0.23288166522979736
train/loss/object/bbox/task4,844,0.2303708791732788
train/loss/object/bbox/task4,894,0.23545296490192413
train/loss/object/bbox/task4,944,0.23041978478431702
train/loss/object/bbox/task4,994,0.23104773461818695
train/loss/object/bbox/task4,1044,0.22802206873893738
train/loss/object/bbox/task4,1094,0.2285560965538025
train/loss/object/bbox/task4,1144,0.2256782203912735
train/loss/object/bbox/task4,1238,0.22633270919322968
train/loss/object/bbox/task4,1288,0.22733360528945923
train/loss/object/bbox/task4,1338,0.22415639460086823
train/loss/object/bbox/task4,1388,0.22547659277915955
train/loss/object/bbox/task4,1438,0.22171834111213684
train/loss/object/bbox/task4,1488,0.22794806957244873
train/loss/object/bbox/task4,1538,0.22187285125255585
train/loss/object/bbox/task4,1588,0.2214956134557724
train/loss/object/bbox/task4,1638,0.2225329428911209
train/loss/object/bbox/task4,1688,0.22302095592021942
train/loss/object/bbox/task4,1738,0.2210540622472763
train/loss/object/bbox/task4,1832,0.21900290250778198
train/loss/object/bbox/task4,1882,0.22173447906970978
train/loss/object/bbox/task4,1932,0.21656252443790436
train/loss/object/bbox/task4,1982,0.2204897403717041
train/loss/object/bbox/task4,2032,0.21721602976322174
train/loss/object/bbox/task4,2082,0.22187529504299164
train/loss/object/bbox/task4,2132,0.21941842138767242
train/loss/object/bbox/task4,2182,0.2186773121356964
train/loss/object/bbox/task4,2232,0.21846747398376465
train/loss/object/bbox/task4,2282,0.21820946037769318
train/loss/object/bbox/task4,2332,0.2170027643442154
train/loss/object/bbox/task4,2426,0.21409624814987183
train/loss/object/bbox/task4,2476,0.21880342066287994
train/loss/object/bbox/task4,2526,0.2143835574388504
train/loss/object/bbox/task4,2576,0.21822474896907806
train/loss/object/bbox/task4,2626,0.21470260620117188
train/loss/object/bbox/task4,2676,0.21972592175006866
train/loss/object/bbox/task4,2726,0.21696887910366058
train/loss/object/bbox/task4,2776,0.21591994166374207
train/loss/object/bbox/task4,2826,0.21515177190303802
train/loss/object/bbox/task4,2876,0.21769869327545166
train/loss/object/bbox/task4,2926,0.21190094947814941
train/loss/object/bbox/task4,3020,0.2120620608329773
train/loss/object/bbox/task4,3070,0.21630054712295532
train/loss/object/bbox/task4,3120,0.21155710518360138
train/loss/object/bbox/task4,3170,0.2147783786058426
train/loss/object/bbox/task4,3220,0.21066683530807495
train/loss/object/bbox/task4,3270,0.2173650860786438
train/loss/object/bbox/task4,3320,0.21379563212394714
train/loss/object/bbox/task4,3370,0.21338710188865662
train/loss/object/bbox/task4,3420,0.21248818933963776
train/loss/object/bbox/task4,3470,0.21516713500022888
train/loss/object/bbox/task4,3520,0.21157300472259521
train/loss/object/bbox/task4,3614,0.21032673120498657
train/loss/object/bbox/task4,3664,0.21479099988937378
train/loss/object/bbox/task4,3714,0.20946365594863892
train/loss/object/bbox/task4,3764,0.21348991990089417
train/loss/object/bbox/task4,3814,0.2095557004213333
train/loss/object/bbox/task4,3864,0.21429722011089325
train/loss/object/bbox/task4,3914,0.2087658941745758
train/loss/object/bbox/task4,3964,0.21105605363845825
train/loss/object/bbox/task4,4014,0.21094220876693726
train/loss/object/bbox/task4,4064,0.21198654174804688
train/loss/object/bbox/task4,4114,0.20890599489212036
train/loss/object/bbox/task4,4208,0.20795251429080963
train/loss/object/bbox/task4,4258,0.2126183956861496
train/loss/object/bbox/task4,4308,0.2079918086528778
train/loss/object/bbox/task4,4358,0.21081118285655975
train/loss/object/bbox/task4,4408,0.20847328007221222
train/loss/object/bbox/task4,4458,0.21235588192939758
train/loss/object/bbox/task4,4508,0.20861823856830597
train/loss/object/bbox/task4,4558,0.20885013043880463
train/loss/object/bbox/task4,4608,0.21024757623672485
train/loss/object/bbox/task4,4658,0.21125835180282593
train/loss/object/bbox/task4,4708,0.20800793170928955
train/loss/object/bbox/task4,4802,0.2058682143688202
train/loss/object/bbox/task4,4852,0.210978165268898
train/loss/object/bbox/task4,4902,0.20639023184776306
train/loss/object/bbox/task4,4952,0.2091328352689743
train/loss/object/bbox/task4,5002,0.20694416761398315
train/loss/object/bbox/task4,5052,0.21151168644428253
train/loss/object/bbox/task4,5102,0.20755991339683533
train/loss/object/bbox/task4,5152,0.20682936906814575
train/loss/object/bbox/task4,5202,0.20880451798439026
train/loss/object/bbox/task4,5252,0.20987467467784882
train/loss/object/bbox/task4,5302,0.20642545819282532
train/loss/object/bbox/task4,5396,0.20564180612564087
train/loss/object/bbox/task4,5446,0.20967696607112885
train/loss/object/bbox/task4,5496,0.20446456968784332
train/loss/object/bbox/task4,5546,0.20930521190166473
train/loss/object/bbox/task4,5596,0.20392465591430664
train/loss/object/bbox/task4,5646,0.20949645340442657
train/loss/object/bbox/task4,5696,0.20631641149520874
train/loss/object/bbox/task4,5746,0.20427241921424866
train/loss/object/bbox/task4,5796,0.20710720121860504
train/loss/object/bbox/task4,5846,0.20922379195690155
train/loss/object/bbox/task4,5896,0.206365704536438
train/loss/object/bbox/task4,5990,0.20496885478496552
train/loss/object/bbox/task4,6040,0.20822960138320923
train/loss/object/bbox/task4,6090,0.20307448506355286
train/loss/object/bbox/task4,6140,0.20608918368816376
train/loss/object/bbox/task4,6190,0.20296615362167358
train/loss/object/bbox/task4,6240,0.20757783949375153
train/loss/object/bbox/task4,6290,0.20356422662734985
train/loss/object/bbox/task4,6340,0.2045382708311081
train/loss/object/bbox/task4,6390,0.20543396472930908
train/loss/object/bbox/task4,6440,0.206574946641922
train/loss/object/bbox/task4,6490,0.2045173943042755
train/loss/object/bbox/task4,6584,0.20362496376037598
train/loss/object/bbox/task4,6634,0.2070748656988144
train/loss/object/bbox/task4,6684,0.20179256796836853
train/loss/object/bbox/task4,6734,0.20534160733222961
train/loss/object/bbox/task4,6784,0.20199231803417206
train/loss/object/bbox/task4,6834,0.20698828995227814
train/loss/object/bbox/task4,6884,0.20335042476654053
train/loss/object/bbox/task4,6934,0.20313003659248352
train/loss/object/bbox/task4,6984,0.20501580834388733
train/loss/object/bbox/task4,7034,0.20647069811820984
train/loss/object/bbox/task4,7084,0.20281311869621277
train/loss/object/bbox/task4,7178,0.199721097946167
train/loss/object/bbox/task4,7228,0.20540525019168854
train/loss/object/bbox/task4,7278,0.19925417006015778
train/loss/object/bbox/task4,7328,0.20415490865707397
train/loss/object/bbox/task4,7378,0.2007453441619873
train/loss/object/bbox/task4,7428,0.20556871592998505
train/loss/object/bbox/task4,7478,0.2022739201784134
train/loss/object/bbox/task4,7528,0.202175110578537
train/loss/object/bbox/task4,7578,0.20292489230632782
train/loss/object/bbox/task4,7628,0.20490886270999908
train/loss/object/bbox/task4,7678,0.20120109617710114
train/loss/object/bbox/task4,7772,0.20043499767780304
train/loss/object/bbox/task4,7822,0.20549404621124268
train/loss/object/bbox/task4,7872,0.19981563091278076
train/loss/object/bbox/task4,7922,0.20233751833438873
train/loss/object/bbox/task4,7972,0.19933167099952698
train/loss/object/bbox/task4,8022,0.2043161541223526
train/loss/object/bbox/task4,8072,0.2002345621585846
train/loss/object/bbox/task4,8122,0.20026347041130066
train/loss/object/bbox/task4,8172,0.2022903710603714
train/loss/object/bbox/task4,8222,0.2038894146680832
train/loss/object/bbox/task4,8272,0.2008267492055893
train/loss/object/bbox/task4,8366,0.19922113418579102
train/loss/object/bbox/task4,8416,0.20285186171531677
train/loss/object/bbox/task4,8466,0.19599638879299164
train/loss/object/bbox/task4,8516,0.20215699076652527
train/loss/object/bbox/task4,8566,0.19949306547641754
train/loss/object/bbox/task4,8616,0.20271500945091248
train/loss/object/bbox/task4,8666,0.1996888667345047
train/loss/object/bbox/task4,8716,0.2004610300064087
train/loss/object/bbox/task4,8766,0.20087958872318268
train/loss/object/bbox/task4,8816,0.20271122455596924
train/loss/object/bbox/task4,8866,0.19913478195667267
train/loss/object/bbox/task4,8960,0.19731405377388
train/loss/object/bbox/task4,9010,0.20200708508491516
train/loss/object/bbox/task4,9060,0.1969991773366928
train/loss/object/bbox/task4,9110,0.20073778927326202
train/loss/object/bbox/task4,9160,0.19880495965480804
train/loss/object/bbox/task4,9210,0.20125114917755127
train/loss/object/bbox/task4,9260,0.19828712940216064
train/loss/object/bbox/task4,9310,0.19913581013679504
train/loss/object/bbox/task4,9360,0.1988186538219452
train/loss/object/bbox/task4,9410,0.20172779262065887
train/loss/object/bbox/task4,9460,0.19853194057941437
train/loss/object/bbox/task4,9554,0.19649818539619446
train/loss/object/bbox/task4,9604,0.20073525607585907
train/loss/object/bbox/task4,9654,0.19453483819961548
train/loss/object/bbox/task4,9704,0.1995169222354889
train/loss/object/bbox/task4,9754,0.19605350494384766
train/loss/object/bbox/task4,9804,0.201112762093544
train/loss/object/bbox/task4,9854,0.19629469513893127
train/loss/object/bbox/task4,9904,0.19780264794826508
train/loss/object/bbox/task4,9954,0.19879145920276642
train/loss/object/bbox/task4,10004,0.2004408836364746
train/loss/object/bbox/task4,10054,0.19766360521316528
train/loss/object/bbox/task4,10148,0.19472602009773254
train/loss/object/bbox/task4,10198,0.2002069503068924
train/loss/object/bbox/task4,10248,0.19470097124576569
train/loss/object/bbox/task4,10298,0.19831809401512146
train/loss/object/bbox/task4,10348,0.1958848536014557
train/loss/object/bbox/task4,10398,0.20079097151756287
train/loss/object/bbox/task4,10448,0.1959192007780075
train/loss/object/bbox/task4,10498,0.19652090966701508
train/loss/object/bbox/task4,10548,0.19690759479999542
train/loss/object/bbox/task4,10598,0.19826164841651917
train/loss/object/bbox/task4,10648,0.1960180103778839
train/loss/object/bbox/task4,10742,0.1937149167060852
train/loss/object/bbox/task4,10792,0.19967825710773468
train/loss/object/bbox/task4,10842,0.19414347410202026
train/loss/object/bbox/task4,10892,0.19683921337127686
train/loss/object/bbox/task4,10942,0.1951771080493927
train/loss/object/bbox/task4,10992,0.19820770621299744
train/loss/object/bbox/task4,11042,0.19626165926456451
train/loss/object/bbox/task4,11092,0.19463340938091278
train/loss/object/bbox/task4,11142,0.19743290543556213
train/loss/object/bbox/task4,11192,0.19731895625591278
train/loss/object/bbox/task4,11242,0.1954277902841568
train/loss/object/bbox/task4,11336,0.19373804330825806
train/loss/object/bbox/task4,11386,0.19823868572711945
train/loss/object/bbox/task4,11436,0.19353321194648743
train/loss/object/bbox/task4,11486,0.19536995887756348
train/loss/object/bbox/task4,11536,0.19375312328338623
train/loss/object/bbox/task4,11586,0.19678249955177307
train/loss/object/bbox/task4,11636,0.19390654563903809
train/loss/object/bbox/task4,11686,0.19460736215114594
train/loss/object/bbox/task4,11736,0.19590233266353607
train/loss/object/bbox/task4,11786,0.19858644902706146
train/loss/object/bbox/task4,11836,0.19524620473384857
train/loss/object/bbox/task4,11930,0.19188949465751648
train/loss/object/bbox/task4,11980,0.1969786286354065
train/loss/object/bbox/task4,12030,0.19225892424583435
train/loss/object/bbox/task4,12080,0.19529296457767487
train/loss/object/bbox/task4,12130,0.19219504296779633
train/loss/object/bbox/task4,12180,0.19616970419883728
train/loss/object/bbox/task4,12230,0.1931678205728531
train/loss/object/bbox/task4,12280,0.19378851354122162
train/loss/object/bbox/task4,12330,0.19483616948127747
train/loss/object/bbox/task4,12380,0.19655345380306244
train/loss/object/bbox/task4,12430,0.19339412450790405
train/loss/object/bbox/task4,12524,0.19149406254291534
train/loss/object/bbox/task4,12574,0.1967841237783432
train/loss/object/bbox/task4,12624,0.1915455311536789
train/loss/object/bbox/task4,12674,0.193973109126091
train/loss/object/bbox/task4,12724,0.1914706528186798
train/loss/object/bbox/task4,12774,0.19592031836509705
train/loss/object/bbox/task4,12824,0.1918695718050003
train/loss/object/bbox/task4,12874,0.19235962629318237
train/loss/object/bbox/task4,12924,0.19515615701675415
train/loss/object/bbox/task4,12974,0.19482311606407166
train/loss/object/bbox/task4,13024,0.19227004051208496
train/loss/object/bbox/task4,13118,0.19028787314891815
train/loss/object/bbox/task4,13168,0.1955508291721344
train/loss/object/bbox/task4,13218,0.1902368664741516
train/loss/object/bbox/task4,13268,0.19303984940052032
train/loss/object/bbox/task4,13318,0.1897667795419693
train/loss/object/bbox/task4,13368,0.19492977857589722
train/loss/object/bbox/task4,13418,0.1919340342283249
train/loss/object/bbox/task4,13468,0.19139310717582703
train/loss/object/bbox/task4,13518,0.19234800338745117
train/loss/object/bbox/task4,13568,0.19524511694908142
train/loss/object/bbox/task4,13618,0.19210682809352875
train/loss/object/bbox/task4,13712,0.18938885629177094
train/loss/object/bbox/task4,13762,0.19406048953533173
train/loss/object/bbox/task4,13812,0.18865162134170532
train/loss/object/bbox/task4,13862,0.19303950667381287
train/loss/object/bbox/task4,13912,0.18808633089065552
train/loss/object/bbox/task4,13962,0.19285133481025696
train/loss/object/bbox/task4,14012,0.19101062417030334
train/loss/object/bbox/task4,14062,0.19167770445346832
train/loss/object/bbox/task4,14112,0.1930651217699051
train/loss/object/bbox/task4,14162,0.1939532309770584
train/loss/object/bbox/task4,14212,0.1908515989780426
train/loss/object/bbox/task4,14306,0.17044241726398468
train/loss/object/bbox/task4,14356,0.17511869966983795
train/loss/object/bbox/task4,14406,0.16532322764396667
train/loss/object/bbox/task4,14456,0.1660248190164566
train/loss/object/bbox/task4,14506,0.1654348522424698
train/loss/object/bbox/task4,14556,0.17564161121845245
train/loss/object/bbox/task4,14606,0.16373901069164276
train/loss/object/bbox/task4,14656,0.15796801447868347
train/loss/object/bbox/task4,14706,0.16227476298809052
train/loss/object/bbox/task4,14756,0.17650479078292847
train/loss/object/bbox/task4,14806,0.15888819098472595
train/loss/object/bbox/task4,14900,0.1587100625038147
train/loss/object/bbox/task4,14950,0.16266338527202606
train/loss/object/bbox/task4,15000,0.15485695004463196
train/loss/object/bbox/task4,15050,0.1590818166732788
train/loss/object/bbox/task4,15100,0.15681524574756622
train/loss/object/bbox/task4,15150,0.1570081263780594
train/loss/object/bbox/task4,15200,0.15042680501937866
train/loss/object/bbox/task4,15250,0.15662580728530884
train/loss/object/bbox/task4,15300,0.15522968769073486
train/loss/object/bbox/task4,15350,0.15597566962242126
train/loss/object/bbox/task4,15400,0.15908904373645782
train/loss/object/bbox/task4,15494,0.15047883987426758
train/loss/object/bbox/task4,15544,0.15381179749965668
train/loss/object/bbox/task4,15594,0.14779958128929138
train/loss/object/bbox/task4,15644,0.1523628979921341
train/loss/object/bbox/task4,15694,0.15422609448432922
train/loss/object/bbox/task4,15744,0.15507128834724426
train/loss/object/bbox/task4,15794,0.14762282371520996
train/loss/object/bbox/task4,15844,0.1443762332201004
train/loss/object/bbox/task4,15894,0.14270755648612976
train/loss/object/bbox/task4,15944,0.15464162826538086
train/loss/object/bbox/task4,15994,0.15825247764587402
train/loss/object/bbox/task4,16088,0.13883168995380402
train/loss/object/bbox/task4,16138,0.14564131200313568
train/loss/object/bbox/task4,16188,0.1496967226266861
train/loss/object/bbox/task4,16238,0.15731015801429749
train/loss/object/bbox/task4,16288,0.1470593810081482
train/loss/object/bbox/task4,16338,0.14121176302433014
train/loss/object/bbox/task4,16388,0.15198327600955963
train/loss/object/bbox/task4,16438,0.14976684749126434
train/loss/object/bbox/task4,16488,0.15067735314369202
train/loss/object/bbox/task4,16538,0.13293305039405823
train/loss/object/bbox/task4,16588,0.1533813327550888
train/loss/object/bbox/task4,16682,0.14709864556789398
train/loss/object/bbox/task4,16732,0.15346187353134155
train/loss/object/bbox/task4,16782,0.14597514271736145
train/loss/object/bbox/task4,16832,0.13478544354438782
train/loss/object/bbox/task4,16882,0.14203940331935883
train/loss/object/bbox/task4,16932,0.1474544107913971
train/loss/object/bbox/task4,16982,0.14456115663051605
train/loss/object/bbox/task4,17032,0.1431504487991333
train/loss/object/bbox/task4,17082,0.13396377861499786
train/loss/object/bbox/task4,17132,0.1545828878879547
train/loss/object/bbox/task4,17182,0.14023379981517792
train/loss/object/bbox/task4,17276,0.13783828914165497
train/loss/object/bbox/task4,17326,0.1501510590314865
train/loss/object/bbox/task4,17376,0.1362283080816269
train/loss/object/bbox/task4,17426,0.1434117555618286
train/loss/object/bbox/task4,17476,0.14760522544384003
train/loss/object/bbox/task4,17526,0.13928699493408203
train/loss/object/bbox/task4,17576,0.14381487667560577
train/loss/object/bbox/task4,17626,0.1430814266204834
train/loss/object/bbox/task4,17676,0.14608441293239594
train/loss/object/bbox/task4,17726,0.14133884012699127
train/loss/object/bbox/task4,17776,0.13834118843078613
train/loss/object/bbox/task4,17870,0.1334902048110962
train/loss/object/bbox/task4,17920,0.1378711313009262
train/loss/object/bbox/task4,17970,0.13755322992801666
train/loss/object/bbox/task4,18020,0.14142826199531555
train/loss/object/bbox/task4,18070,0.151452898979187
train/loss/object/bbox/task4,18120,0.13451430201530457
train/loss/object/bbox/task4,18170,0.14306886494159698
train/loss/object/bbox/task4,18220,0.14170671999454498
train/loss/object/bbox/task4,18270,0.15185068547725677
train/loss/object/bbox/task4,18320,0.14710241556167603
train/loss/object/bbox/task4,18370,0.1336827576160431
train/loss/object/bbox/task4,18464,0.14675547182559967
train/loss/object/bbox/task4,18514,0.13284210860729218
train/loss/object/bbox/task4,18564,0.12556092441082
train/loss/object/bbox/task4,18614,0.1345176100730896
train/loss/object/bbox/task4,18664,0.14229577779769897
train/loss/object/bbox/task4,18714,0.13612115383148193
train/loss/object/bbox/task4,18764,0.13224291801452637
train/loss/object/bbox/task4,18814,0.13127999007701874
train/loss/object/bbox/task4,18864,0.13519065082073212
train/loss/object/bbox/task4,18914,0.13286210596561432
train/loss/object/bbox/task4,18964,0.1485544592142105
train/loss/object/bbox/task4,19058,0.1350068598985672
train/loss/object/bbox/task4,19108,0.13336068391799927
train/loss/object/bbox/task4,19158,0.12481249868869781
train/loss/object/bbox/task4,19208,0.12981759011745453
train/loss/object/bbox/task4,19258,0.13906680047512054
train/loss/object/bbox/task4,19308,0.14909818768501282
train/loss/object/bbox/task4,19358,0.13440895080566406
train/loss/object/bbox/task4,19408,0.13643446564674377
train/loss/object/bbox/task4,19458,0.13741369545459747
train/loss/object/bbox/task4,19508,0.12766405940055847
train/loss/object/bbox/task4,19558,0.14200961589813232
train/loss/object/bbox/task4,19652,0.13950404524803162
train/loss/object/bbox/task4,19702,0.1327626258134842
train/loss/object/bbox/task4,19752,0.13372182846069336
train/loss/object/bbox/task4,19802,0.13506710529327393
train/loss/object/bbox/task4,19852,0.13890905678272247
train/loss/object/bbox/task4,19902,0.13213813304901123
train/loss/object/bbox/task4,19952,0.1335955262184143
train/loss/object/bbox/task4,20002,0.13352371752262115
train/loss/object/bbox/task4,20052,0.1308266669511795
train/loss/object/bbox/task4,20102,0.1356332153081894
train/loss/object/bbox/task4,20152,0.13389399647712708
train/loss/object/bbox/task4,20246,0.14048531651496887
train/loss/object/bbox/task4,20296,0.13174177706241608
train/loss/object/bbox/task4,20346,0.12776318192481995
train/loss/object/bbox/task4,20396,0.13885900378227234
train/loss/object/bbox/task4,20446,0.12863561511039734
train/loss/object/bbox/task4,20496,0.13419902324676514
train/loss/object/bbox/task4,20546,0.1399303674697876
train/loss/object/bbox/task4,20596,0.12930752336978912
train/loss/object/bbox/task4,20646,0.12904402613639832
train/loss/object/bbox/task4,20696,0.1343923956155777
train/loss/object/bbox/task4,20746,0.12240521609783173
train/loss/object/bbox/task4,20840,0.13981467485427856
train/loss/object/bbox/task4,20890,0.13100509345531464
train/loss/object/bbox/task4,20940,0.13952146470546722
train/loss/object/bbox/task4,20990,0.1361195594072342
train/loss/object/bbox/task4,21040,0.12536388635635376
train/loss/object/bbox/task4,21090,0.1343812644481659
train/loss/object/bbox/task4,21140,0.12705010175704956
train/loss/object/bbox/task4,21190,0.12735411524772644
train/loss/object/bbox/task4,21240,0.1340709924697876
train/loss/object/bbox/task4,21290,0.12398688495159149
train/loss/object/bbox/task4,21340,0.12319155782461166
train/loss/object/bbox/task4,21434,0.1306273341178894
train/loss/object/bbox/task4,21484,0.12769818305969238
train/loss/object/bbox/task4,21534,0.12725089490413666
train/loss/object/bbox/task4,21584,0.12303353101015091
train/loss/object/bbox/task4,21634,0.12401081621646881
train/loss/object/bbox/task4,21684,0.12251348793506622
train/loss/object/bbox/task4,21734,0.11726465076208115
train/loss/object/bbox/task4,21784,0.12495501339435577
train/loss/object/bbox/task4,21834,0.11922498047351837
train/loss/object/bbox/task4,21884,0.13472846150398254
train/loss/object/bbox/task4,21934,0.1319943070411682
train/loss/object/bbox/task4,22028,0.12908095121383667
train/loss/object/bbox/task4,22078,0.1300211101770401
train/loss/object/bbox/task4,22128,0.13010062277317047
train/loss/object/bbox/task4,22178,0.13097229599952698
train/loss/object/bbox/task4,22228,0.12852737307548523
train/loss/object/bbox/task4,22278,0.12258599698543549
train/loss/object/bbox/task4,22328,0.1337854564189911
train/loss/object/bbox/task4,22378,0.12063558399677277
train/loss/object/bbox/task4,22428,0.11776460707187653
train/loss/object/bbox/task4,22478,0.12053847312927246
train/loss/object/bbox/task4,22528,0.13030050694942474
train/loss/object/bbox/task4,22622,0.12106864899396896
train/loss/object/bbox/task4,22672,0.1272067129611969
train/loss/object/bbox/task4,22722,0.12500634789466858
train/loss/object/bbox/task4,22772,0.1254989057779312
train/loss/object/bbox/task4,22822,0.12805581092834473
train/loss/object/bbox/task4,22872,0.13446427881717682
train/loss/object/bbox/task4,22922,0.1310441642999649
train/loss/object/bbox/task4,22972,0.12060926109552383
train/loss/object/bbox/task4,23022,0.1272447407245636
train/loss/object/bbox/task4,23072,0.12321260571479797
train/loss/object/bbox/task4,23122,0.12814027070999146
train/loss/object/bbox/task4,23216,0.1187530905008316
train/loss/object/bbox/task4,23266,0.12360052764415741
train/loss/object/bbox/task4,23316,0.12794986367225647
train/loss/object/bbox/task4,23366,0.12848840653896332
train/loss/object/bbox/task4,23416,0.12362060695886612
train/loss/object/bbox/task4,23466,0.1255168318748474
train/loss/object/bbox/task4,23516,0.1288502812385559
train/loss/object/bbox/task4,23566,0.13377225399017334
train/loss/object/bbox/task4,23616,0.11785941570997238
train/loss/object/bbox/task4,23666,0.13065458834171295
train/loss/object/bbox/task4,23716,0.12128108739852905
train/loss/object/bbox/task4,23810,0.1191413626074791
train/loss/object/bbox/task4,23860,0.11877680569887161
train/loss/object/bbox/task4,23910,0.12531083822250366
train/loss/object/bbox/task4,23960,0.12864899635314941
train/loss/object/bbox/task4,24010,0.12402272969484329
train/loss/object/bbox/task4,24060,0.11457253992557526
train/loss/object/bbox/task4,24110,0.1282595992088318
train/loss/object/bbox/task4,24160,0.12740817666053772
train/loss/object/bbox/task4,24210,0.12061774730682373
train/loss/object/bbox/task4,24260,0.1318821907043457
train/loss/object/bbox/task4,24310,0.12152323871850967
train/loss/object/bbox/task4,24404,0.13196797668933868
train/loss/object/bbox/task4,24454,0.12066268920898438
train/loss/object/bbox/task4,24504,0.12376625835895538
train/loss/object/bbox/task4,24554,0.11501529067754745
train/loss/object/bbox/task4,24604,0.12455073744058609
train/loss/object/bbox/task4,24654,0.12089548259973526
train/loss/object/bbox/task4,24704,0.11901462078094482
train/loss/object/bbox/task4,24754,0.12539014220237732
train/loss/object/bbox/task4,24804,0.12817560136318207
train/loss/object/bbox/task4,24854,0.12459760904312134
train/loss/object/bbox/task4,24904,0.12364594638347626
train/loss/object/bbox/task4,24998,0.11879017949104309
train/loss/object/bbox/task4,25048,0.12620209157466888
train/loss/object/bbox/task4,25098,0.13006462156772614
train/loss/object/bbox/task4,25148,0.12597006559371948
train/loss/object/bbox/task4,25198,0.12120489776134491
train/loss/object/bbox/task4,25248,0.1222124695777893
train/loss/object/bbox/task4,25298,0.12422849982976913
train/loss/object/bbox/task4,25348,0.1288340538740158
train/loss/object/bbox/task4,25398,0.11391798406839371
train/loss/object/bbox/task4,25448,0.12503525614738464
train/loss/object/bbox/task4,25498,0.1257147341966629
train/loss/object/bbox/task4,25592,0.12376067787408829
train/loss/object/bbox/task4,25642,0.12127485126256943
train/loss/object/bbox/task4,25692,0.12087702006101608
train/loss/object/bbox/task4,25742,0.12382448464632034
train/loss/object/bbox/task4,25792,0.12259373813867569
train/loss/object/bbox/task4,25842,0.11342250555753708
train/loss/object/bbox/task4,25892,0.12222489714622498
train/loss/object/bbox/task4,25942,0.11617971211671829
train/loss/object/bbox/task4,25992,0.13105574250221252
train/loss/object/bbox/task4,26042,0.12116461247205734
train/loss/object/bbox/task4,26092,0.12544631958007812
train/loss/object/bbox/task4,26186,0.12066829204559326
train/loss/object/bbox/task4,26236,0.1310732662677765
train/loss/object/bbox/task4,26286,0.11897952854633331
train/loss/object/bbox/task4,26336,0.1163676455616951
train/loss/object/bbox/task4,26386,0.11576752364635468
train/loss/object/bbox/task4,26436,0.12206122279167175
train/loss/object/bbox/task4,26486,0.12409946322441101
train/loss/object/bbox/task4,26536,0.11863277107477188
train/loss/object/bbox/task4,26586,0.12273561209440231
train/loss/object/bbox/task4,26636,0.11949821561574936
train/loss/object/bbox/task4,26686,0.11811208724975586
train/loss/object/bbox/task4,26780,0.11915559321641922
train/loss/object/bbox/task4,26830,0.12238157540559769
train/loss/object/bbox/task4,26880,0.11864353716373444
train/loss/object/bbox/task4,26930,0.1291118711233139
train/loss/object/bbox/task4,26980,0.1208406612277031
train/loss/object/bbox/task4,27030,0.11656095087528229
train/loss/object/bbox/task4,27080,0.1303059160709381
train/loss/object/bbox/task4,27130,0.12011602520942688
train/loss/object/bbox/task4,27180,0.1260892152786255
train/loss/object/bbox/task4,27230,0.12387850135564804
train/loss/object/bbox/task4,27280,0.1277776062488556
train/loss/object/bbox/task4,27374,0.12267771363258362
train/loss/object/bbox/task4,27424,0.11743348091840744
train/loss/object/bbox/task4,27474,0.12002337723970413
train/loss/object/bbox/task4,27524,0.11577343940734863
train/loss/object/bbox/task4,27574,0.12625423073768616
train/loss/object/bbox/task4,27624,0.12172436714172363
train/loss/object/bbox/task4,27674,0.1335248500108719
train/loss/object/bbox/task4,27724,0.118082694709301
train/loss/object/bbox/task4,27774,0.12606589496135712
train/loss/object/bbox/task4,27824,0.1197805181145668
train/loss/object/bbox/task4,27874,0.11457879841327667
train/loss/object/bbox/task4,27968,0.12095294147729874
train/loss/object/bbox/task4,28018,0.12138137221336365
train/loss/object/bbox/task4,28068,0.12361741811037064
train/loss/object/bbox/task4,28118,0.1292744278907776
train/loss/object/bbox/task4,28168,0.11929763108491898
train/loss/object/bbox/task4,28218,0.1176472082734108
train/loss/object/bbox/task4,28268,0.1269061416387558
train/loss/object/bbox/task4,28318,0.1306496262550354
train/loss/object/bbox/task4,28368,0.12585105001926422
train/loss/object/bbox/task4,28418,0.11262549459934235
train/loss/object/bbox/task4,28468,0.12049126625061035
train/loss/object/heatmap/task5,50,1.6606099605560303
train/loss/object/heatmap/task5,100,1.7342939376831055
train/loss/object/heatmap/task5,150,1.7424705028533936
train/loss/object/heatmap/task5,200,1.7115496397018433
train/loss/object/heatmap/task5,250,1.6813231706619263
train/loss/object/heatmap/task5,300,1.6998547315597534
train/loss/object/heatmap/task5,350,1.6630491018295288
train/loss/object/heatmap/task5,400,1.699407935142517
train/loss/object/heatmap/task5,450,1.6791234016418457
train/loss/object/heatmap/task5,500,1.6578450202941895
train/loss/object/heatmap/task5,550,1.5708889961242676
train/loss/object/heatmap/task5,644,1.6461197137832642
train/loss/object/heatmap/task5,694,1.6581453084945679
train/loss/object/heatmap/task5,744,1.6160823106765747
train/loss/object/heatmap/task5,794,1.5913256406784058
train/loss/object/heatmap/task5,844,1.6167584657669067
train/loss/object/heatmap/task5,894,1.5991910696029663
train/loss/object/heatmap/task5,944,1.5987645387649536
train/loss/object/heatmap/task5,994,1.5975373983383179
train/loss/object/heatmap/task5,1044,1.5787112712860107
train/loss/object/heatmap/task5,1094,1.6331559419631958
train/loss/object/heatmap/task5,1144,1.5918362140655518
train/loss/object/heatmap/task5,1238,1.5967168807983398
train/loss/object/heatmap/task5,1288,1.561684012413025
train/loss/object/heatmap/task5,1338,1.58451247215271
train/loss/object/heatmap/task5,1388,1.5634400844573975
train/loss/object/heatmap/task5,1438,1.555778980255127
train/loss/object/heatmap/task5,1488,1.5033061504364014
train/loss/object/heatmap/task5,1538,1.5735077857971191
train/loss/object/heatmap/task5,1588,1.559944987297058
train/loss/object/heatmap/task5,1638,1.517109751701355
train/loss/object/heatmap/task5,1688,1.546220064163208
train/loss/object/heatmap/task5,1738,1.514665961265564
train/loss/object/heatmap/task5,1832,1.5206499099731445
train/loss/object/heatmap/task5,1882,1.4838277101516724
train/loss/object/heatmap/task5,1932,1.4822866916656494
train/loss/object/heatmap/task5,1982,1.4891135692596436
train/loss/object/heatmap/task5,2032,1.4594742059707642
train/loss/object/heatmap/task5,2082,1.4659966230392456
train/loss/object/heatmap/task5,2132,1.4357582330703735
train/loss/object/heatmap/task5,2182,1.472557544708252
train/loss/object/heatmap/task5,2232,1.4999572038650513
train/loss/object/heatmap/task5,2282,1.4449615478515625
train/loss/object/heatmap/task5,2332,1.4405274391174316
train/loss/object/heatmap/task5,2426,1.3997530937194824
train/loss/object/heatmap/task5,2476,1.4284687042236328
train/loss/object/heatmap/task5,2526,1.4428977966308594
train/loss/object/heatmap/task5,2576,1.4486210346221924
train/loss/object/heatmap/task5,2626,1.4051882028579712
train/loss/object/heatmap/task5,2676,1.3944437503814697
train/loss/object/heatmap/task5,2726,1.4419020414352417
train/loss/object/heatmap/task5,2776,1.3730297088623047
train/loss/object/heatmap/task5,2826,1.3792048692703247
train/loss/object/heatmap/task5,2876,1.4279338121414185
train/loss/object/heatmap/task5,2926,1.3953423500061035
train/loss/object/heatmap/task5,3020,1.3372840881347656
train/loss/object/heatmap/task5,3070,1.3831002712249756
train/loss/object/heatmap/task5,3120,1.3895769119262695
train/loss/object/heatmap/task5,3170,1.3830950260162354
train/loss/object/heatmap/task5,3220,1.3854308128356934
train/loss/object/heatmap/task5,3270,1.3774224519729614
train/loss/object/heatmap/task5,3320,1.380850076675415
train/loss/object/heatmap/task5,3370,1.3868964910507202
train/loss/object/heatmap/task5,3420,1.3610137701034546
train/loss/object/heatmap/task5,3470,1.3339335918426514
train/loss/object/heatmap/task5,3520,1.3827247619628906
train/loss/object/heatmap/task5,3614,1.309020757675171
train/loss/object/heatmap/task5,3664,1.3490411043167114
train/loss/object/heatmap/task5,3714,1.3208686113357544
train/loss/object/heatmap/task5,3764,1.3219860792160034
train/loss/object/heatmap/task5,3814,1.3463784456253052
train/loss/object/heatmap/task5,3864,1.3060678243637085
train/loss/object/heatmap/task5,3914,1.3150053024291992
train/loss/object/heatmap/task5,3964,1.3289135694503784
train/loss/object/heatmap/task5,4014,1.3387856483459473
train/loss/object/heatmap/task5,4064,1.3262747526168823
train/loss/object/heatmap/task5,4114,1.3065450191497803
train/loss/object/heatmap/task5,4208,1.282253384590149
train/loss/object/heatmap/task5,4258,1.3016512393951416
train/loss/object/heatmap/task5,4308,1.2943307161331177
train/loss/object/heatmap/task5,4358,1.287246823310852
train/loss/object/heatmap/task5,4408,1.3184456825256348
train/loss/object/heatmap/task5,4458,1.3029773235321045
train/loss/object/heatmap/task5,4508,1.2907829284667969
train/loss/object/heatmap/task5,4558,1.2642844915390015
train/loss/object/heatmap/task5,4608,1.2812490463256836
train/loss/object/heatmap/task5,4658,1.2660088539123535
train/loss/object/heatmap/task5,4708,1.3068602085113525
train/loss/object/heatmap/task5,4802,1.2694803476333618
train/loss/object/heatmap/task5,4852,1.2810242176055908
train/loss/object/heatmap/task5,4902,1.2763032913208008
train/loss/object/heatmap/task5,4952,1.2512056827545166
train/loss/object/heatmap/task5,5002,1.2859909534454346
train/loss/object/heatmap/task5,5052,1.2785063982009888
train/loss/object/heatmap/task5,5102,1.2716912031173706
train/loss/object/heatmap/task5,5152,1.2509151697158813
train/loss/object/heatmap/task5,5202,1.2509161233901978
train/loss/object/heatmap/task5,5252,1.2620819807052612
train/loss/object/heatmap/task5,5302,1.21828031539917
train/loss/object/heatmap/task5,5396,1.249452829360962
train/loss/object/heatmap/task5,5446,1.2471266984939575
train/loss/object/heatmap/task5,5496,1.2566807270050049
train/loss/object/heatmap/task5,5546,1.2312079668045044
train/loss/object/heatmap/task5,5596,1.2666361331939697
train/loss/object/heatmap/task5,5646,1.2291887998580933
train/loss/object/heatmap/task5,5696,1.2273552417755127
train/loss/object/heatmap/task5,5746,1.1992592811584473
train/loss/object/heatmap/task5,5796,1.231086254119873
train/loss/object/heatmap/task5,5846,1.2168904542922974
train/loss/object/heatmap/task5,5896,1.2256968021392822
train/loss/object/heatmap/task5,5990,1.1970114707946777
train/loss/object/heatmap/task5,6040,1.197271466255188
train/loss/object/heatmap/task5,6090,1.2205405235290527
train/loss/object/heatmap/task5,6140,1.1942559480667114
train/loss/object/heatmap/task5,6190,1.1958824396133423
train/loss/object/heatmap/task5,6240,1.1988346576690674
train/loss/object/heatmap/task5,6290,1.229048728942871
train/loss/object/heatmap/task5,6340,1.1965594291687012
train/loss/object/heatmap/task5,6390,1.201833724975586
train/loss/object/heatmap/task5,6440,1.2133904695510864
train/loss/object/heatmap/task5,6490,1.1765415668487549
train/loss/object/heatmap/task5,6584,1.1792209148406982
train/loss/object/heatmap/task5,6634,1.1815423965454102
train/loss/object/heatmap/task5,6684,1.2126989364624023
train/loss/object/heatmap/task5,6734,1.2043198347091675
train/loss/object/heatmap/task5,6784,1.1939849853515625
train/loss/object/heatmap/task5,6834,1.1792290210723877
train/loss/object/heatmap/task5,6884,1.1743042469024658
train/loss/object/heatmap/task5,6934,1.1873971223831177
train/loss/object/heatmap/task5,6984,1.184998631477356
train/loss/object/heatmap/task5,7034,1.1606576442718506
train/loss/object/heatmap/task5,7084,1.1965436935424805
train/loss/object/heatmap/task5,7178,1.1637418270111084
train/loss/object/heatmap/task5,7228,1.1853697299957275
train/loss/object/heatmap/task5,7278,1.1468220949172974
train/loss/object/heatmap/task5,7328,1.1520311832427979
train/loss/object/heatmap/task5,7378,1.1577980518341064
train/loss/object/heatmap/task5,7428,1.1597299575805664
train/loss/object/heatmap/task5,7478,1.164124846458435
train/loss/object/heatmap/task5,7528,1.1644376516342163
train/loss/object/heatmap/task5,7578,1.1711318492889404
train/loss/object/heatmap/task5,7628,1.1300028562545776
train/loss/object/heatmap/task5,7678,1.1193692684173584
train/loss/object/heatmap/task5,7772,1.1307940483093262
train/loss/object/heatmap/task5,7822,1.126267671585083
train/loss/object/heatmap/task5,7872,1.1256998777389526
train/loss/object/heatmap/task5,7922,1.19719398021698
train/loss/object/heatmap/task5,7972,1.1200882196426392
train/loss/object/heatmap/task5,8022,1.132244348526001
train/loss/object/heatmap/task5,8072,1.108285665512085
train/loss/object/heatmap/task5,8122,1.1554487943649292
train/loss/object/heatmap/task5,8172,1.1249223947525024
train/loss/object/heatmap/task5,8222,1.0881885290145874
train/loss/object/heatmap/task5,8272,1.1279608011245728
train/loss/object/heatmap/task5,8366,1.1127547025680542
train/loss/object/heatmap/task5,8416,1.0858116149902344
train/loss/object/heatmap/task5,8466,1.115208625793457
train/loss/object/heatmap/task5,8516,1.0947067737579346
train/loss/object/heatmap/task5,8566,1.1378175020217896
train/loss/object/heatmap/task5,8616,1.1121710538864136
train/loss/object/heatmap/task5,8666,1.141597032546997
train/loss/object/heatmap/task5,8716,1.124614953994751
train/loss/object/heatmap/task5,8766,1.0975804328918457
train/loss/object/heatmap/task5,8816,1.0918796062469482
train/loss/object/heatmap/task5,8866,1.1102378368377686
train/loss/object/heatmap/task5,8960,1.096736192703247
train/loss/object/heatmap/task5,9010,1.1073250770568848
train/loss/object/heatmap/task5,9060,1.122615933418274
train/loss/object/heatmap/task5,9110,1.1006040573120117
train/loss/object/heatmap/task5,9160,1.0718215703964233
train/loss/object/heatmap/task5,9210,1.0671478509902954
train/loss/object/heatmap/task5,9260,1.0614877939224243
train/loss/object/heatmap/task5,9310,1.1037695407867432
train/loss/object/heatmap/task5,9360,1.0771453380584717
train/loss/object/heatmap/task5,9410,1.090971827507019
train/loss/object/heatmap/task5,9460,1.0676015615463257
train/loss/object/heatmap/task5,9554,1.0435823202133179
train/loss/object/heatmap/task5,9604,1.099295973777771
train/loss/object/heatmap/task5,9654,1.0654596090316772
train/loss/object/heatmap/task5,9704,1.0676026344299316
train/loss/object/heatmap/task5,9754,1.053769826889038
train/loss/object/heatmap/task5,9804,1.0711013078689575
train/loss/object/heatmap/task5,9854,1.0723021030426025
train/loss/object/heatmap/task5,9904,1.0635303258895874
train/loss/object/heatmap/task5,9954,1.0676473379135132
train/loss/object/heatmap/task5,10004,1.0417990684509277
train/loss/object/heatmap/task5,10054,1.0802814960479736
train/loss/object/heatmap/task5,10148,1.0534762144088745
train/loss/object/heatmap/task5,10198,1.060610294342041
train/loss/object/heatmap/task5,10248,1.065279245376587
train/loss/object/heatmap/task5,10298,1.0520319938659668
train/loss/object/heatmap/task5,10348,1.047946572303772
train/loss/object/heatmap/task5,10398,1.0196443796157837
train/loss/object/heatmap/task5,10448,1.0831611156463623
train/loss/object/heatmap/task5,10498,1.0102438926696777
train/loss/object/heatmap/task5,10548,1.075203537940979
train/loss/object/heatmap/task5,10598,1.0524170398712158
train/loss/object/heatmap/task5,10648,1.0357743501663208
train/loss/object/heatmap/task5,10742,1.0222413539886475
train/loss/object/heatmap/task5,10792,1.0550131797790527
train/loss/object/heatmap/task5,10842,1.0224626064300537
train/loss/object/heatmap/task5,10892,1.0303019285202026
train/loss/object/heatmap/task5,10942,1.0564515590667725
train/loss/object/heatmap/task5,10992,1.01198410987854
train/loss/object/heatmap/task5,11042,0.9999787211418152
train/loss/object/heatmap/task5,11092,1.0024871826171875
train/loss/object/heatmap/task5,11142,1.039152979850769
train/loss/object/heatmap/task5,11192,1.0577410459518433
train/loss/object/heatmap/task5,11242,1.0121772289276123
train/loss/object/heatmap/task5,11336,0.993340015411377
train/loss/object/heatmap/task5,11386,1.0219167470932007
train/loss/object/heatmap/task5,11436,1.0100003480911255
train/loss/object/heatmap/task5,11486,1.0109131336212158
train/loss/object/heatmap/task5,11536,1.019608497619629
train/loss/object/heatmap/task5,11586,1.0197474956512451
train/loss/object/heatmap/task5,11636,1.007938265800476
train/loss/object/heatmap/task5,11686,1.0036861896514893
train/loss/object/heatmap/task5,11736,1.0211372375488281
train/loss/object/heatmap/task5,11786,0.9976713061332703
train/loss/object/heatmap/task5,11836,1.016145944595337
train/loss/object/heatmap/task5,11930,0.9968059659004211
train/loss/object/heatmap/task5,11980,1.004134178161621
train/loss/object/heatmap/task5,12030,0.9988439083099365
train/loss/object/heatmap/task5,12080,0.9855926036834717
train/loss/object/heatmap/task5,12130,0.9838302135467529
train/loss/object/heatmap/task5,12180,0.980453372001648
train/loss/object/heatmap/task5,12230,1.002575397491455
train/loss/object/heatmap/task5,12280,1.0067551136016846
train/loss/object/heatmap/task5,12330,0.977725625038147
train/loss/object/heatmap/task5,12380,0.9975436925888062
train/loss/object/heatmap/task5,12430,0.9699878692626953
train/loss/object/heatmap/task5,12524,0.963562548160553
train/loss/object/heatmap/task5,12574,0.9594556093215942
train/loss/object/heatmap/task5,12624,0.9796847701072693
train/loss/object/heatmap/task5,12674,0.9923717975616455
train/loss/object/heatmap/task5,12724,0.9681317210197449
train/loss/object/heatmap/task5,12774,0.9731583595275879
train/loss/object/heatmap/task5,12824,0.9900788068771362
train/loss/object/heatmap/task5,12874,0.9630821943283081
train/loss/object/heatmap/task5,12924,0.9767120480537415
train/loss/object/heatmap/task5,12974,0.9741302132606506
train/loss/object/heatmap/task5,13024,0.9828037023544312
train/loss/object/heatmap/task5,13118,0.9628248810768127
train/loss/object/heatmap/task5,13168,0.9765002131462097
train/loss/object/heatmap/task5,13218,0.9714595079421997
train/loss/object/heatmap/task5,13268,0.9663962125778198
train/loss/object/heatmap/task5,13318,0.9627048373222351
train/loss/object/heatmap/task5,13368,0.9508923888206482
train/loss/object/heatmap/task5,13418,0.9474786520004272
train/loss/object/heatmap/task5,13468,0.9666681885719299
train/loss/object/heatmap/task5,13518,0.9291709065437317
train/loss/object/heatmap/task5,13568,0.9483493566513062
train/loss/object/heatmap/task5,13618,0.9692366719245911
train/loss/object/heatmap/task5,13712,0.9188876748085022
train/loss/object/heatmap/task5,13762,0.9667395949363708
train/loss/object/heatmap/task5,13812,0.9491232633590698
train/loss/object/heatmap/task5,13862,0.9434260129928589
train/loss/object/heatmap/task5,13912,0.9740684628486633
train/loss/object/heatmap/task5,13962,0.9748143553733826
train/loss/object/heatmap/task5,14012,0.9337705373764038
train/loss/object/heatmap/task5,14062,0.9168546795845032
train/loss/object/heatmap/task5,14112,0.9370241165161133
train/loss/object/heatmap/task5,14162,0.9338535070419312
train/loss/object/heatmap/task5,14212,0.9346390962600708
train/loss/object/heatmap/task5,14306,0.89640212059021
train/loss/object/heatmap/task5,14356,0.8986045718193054
train/loss/object/heatmap/task5,14406,0.8424596190452576
train/loss/object/heatmap/task5,14456,0.8600706458091736
train/loss/object/heatmap/task5,14506,0.8750924468040466
train/loss/object/heatmap/task5,14556,0.8803926706314087
train/loss/object/heatmap/task5,14606,0.9005405306816101
train/loss/object/heatmap/task5,14656,0.877322256565094
train/loss/object/heatmap/task5,14706,0.8554536700248718
train/loss/object/heatmap/task5,14756,0.8732854127883911
train/loss/object/heatmap/task5,14806,0.9155998229980469
train/loss/object/heatmap/task5,14900,0.8802729845046997
train/loss/object/heatmap/task5,14950,0.8570811748504639
train/loss/object/heatmap/task5,15000,0.8736547231674194
train/loss/object/heatmap/task5,15050,0.8582958579063416
train/loss/object/heatmap/task5,15100,0.8759258985519409
train/loss/object/heatmap/task5,15150,0.8904241919517517
train/loss/object/heatmap/task5,15200,0.8728041052818298
train/loss/object/heatmap/task5,15250,0.8696126341819763
train/loss/object/heatmap/task5,15300,0.8689951300621033
train/loss/object/heatmap/task5,15350,0.859081506729126
train/loss/object/heatmap/task5,15400,0.8793498873710632
train/loss/object/heatmap/task5,15494,0.847590982913971
train/loss/object/heatmap/task5,15544,0.829863429069519
train/loss/object/heatmap/task5,15594,0.8603217005729675
train/loss/object/heatmap/task5,15644,0.8745200037956238
train/loss/object/heatmap/task5,15694,0.8411149382591248
train/loss/object/heatmap/task5,15744,0.8463767170906067
train/loss/object/heatmap/task5,15794,0.8818780183792114
train/loss/object/heatmap/task5,15844,0.8369958400726318
train/loss/object/heatmap/task5,15894,0.8757311105728149
train/loss/object/heatmap/task5,15944,0.8680427670478821
train/loss/object/heatmap/task5,15994,0.8350111246109009
train/loss/object/heatmap/task5,16088,0.8652276992797852
train/loss/object/heatmap/task5,16138,0.8431521058082581
train/loss/object/heatmap/task5,16188,0.8380454182624817
train/loss/object/heatmap/task5,16238,0.8443798422813416
train/loss/object/heatmap/task5,16288,0.840912938117981
train/loss/object/heatmap/task5,16338,0.827682614326477
train/loss/object/heatmap/task5,16388,0.8561641573905945
train/loss/object/heatmap/task5,16438,0.8325909972190857
train/loss/object/heatmap/task5,16488,0.8634212017059326
train/loss/object/heatmap/task5,16538,0.8353451490402222
train/loss/object/heatmap/task5,16588,0.8347234725952148
train/loss/object/heatmap/task5,16682,0.8480804562568665
train/loss/object/heatmap/task5,16732,0.8322974443435669
train/loss/object/heatmap/task5,16782,0.844939649105072
train/loss/object/heatmap/task5,16832,0.8199845552444458
train/loss/object/heatmap/task5,16882,0.8359877467155457
train/loss/object/heatmap/task5,16932,0.8235613107681274
train/loss/object/heatmap/task5,16982,0.814798891544342
train/loss/object/heatmap/task5,17032,0.8150209784507751
train/loss/object/heatmap/task5,17082,0.8207259178161621
train/loss/object/heatmap/task5,17132,0.8178891539573669
train/loss/object/heatmap/task5,17182,0.7976284027099609
train/loss/object/heatmap/task5,17276,0.8237853050231934
train/loss/object/heatmap/task5,17326,0.8373335599899292
train/loss/object/heatmap/task5,17376,0.7866224646568298
train/loss/object/heatmap/task5,17426,0.8065552115440369
train/loss/object/heatmap/task5,17476,0.8070040941238403
train/loss/object/heatmap/task5,17526,0.8004741072654724
train/loss/object/heatmap/task5,17576,0.8348990082740784
train/loss/object/heatmap/task5,17626,0.847630500793457
train/loss/object/heatmap/task5,17676,0.8157998323440552
train/loss/object/heatmap/task5,17726,0.8268389701843262
train/loss/object/heatmap/task5,17776,0.8161186575889587
train/loss/object/heatmap/task5,17870,0.8077532649040222
train/loss/object/heatmap/task5,17920,0.7979556918144226
train/loss/object/heatmap/task5,17970,0.8138931393623352
train/loss/object/heatmap/task5,18020,0.7923131585121155
train/loss/object/heatmap/task5,18070,0.782600462436676
train/loss/object/heatmap/task5,18120,0.8075176477432251
train/loss/object/heatmap/task5,18170,0.8291575908660889
train/loss/object/heatmap/task5,18220,0.8042013645172119
train/loss/object/heatmap/task5,18270,0.7976865172386169
train/loss/object/heatmap/task5,18320,0.7902431488037109
train/loss/object/heatmap/task5,18370,0.8348258137702942
train/loss/object/heatmap/task5,18464,0.7917192578315735
train/loss/object/heatmap/task5,18514,0.8122784495353699
train/loss/object/heatmap/task5,18564,0.7625073790550232
train/loss/object/heatmap/task5,18614,0.7479689121246338
train/loss/object/heatmap/task5,18664,0.8076747059822083
train/loss/object/heatmap/task5,18714,0.8053854703903198
train/loss/object/heatmap/task5,18764,0.8219273686408997
train/loss/object/heatmap/task5,18814,0.7959134578704834
train/loss/object/heatmap/task5,18864,0.7922566533088684
train/loss/object/heatmap/task5,18914,0.7703531384468079
train/loss/object/heatmap/task5,18964,0.8005002737045288
train/loss/object/heatmap/task5,19058,0.7916282415390015
train/loss/object/heatmap/task5,19108,0.7694045305252075
train/loss/object/heatmap/task5,19158,0.7940519452095032
train/loss/object/heatmap/task5,19208,0.8008549213409424
train/loss/object/heatmap/task5,19258,0.7783547043800354
train/loss/object/heatmap/task5,19308,0.7755566239356995
train/loss/object/heatmap/task5,19358,0.7777925729751587
train/loss/object/heatmap/task5,19408,0.7818301320075989
train/loss/object/heatmap/task5,19458,0.7984194755554199
train/loss/object/heatmap/task5,19508,0.7706135511398315
train/loss/object/heatmap/task5,19558,0.7766439318656921
train/loss/object/heatmap/task5,19652,0.7977092862129211
train/loss/object/heatmap/task5,19702,0.7572188973426819
train/loss/object/heatmap/task5,19752,0.766692042350769
train/loss/object/heatmap/task5,19802,0.7640293836593628
train/loss/object/heatmap/task5,19852,0.7632918953895569
train/loss/object/heatmap/task5,19902,0.752176821231842
train/loss/object/heatmap/task5,19952,0.7644724249839783
train/loss/object/heatmap/task5,20002,0.7835906147956848
train/loss/object/heatmap/task5,20052,0.7719084620475769
train/loss/object/heatmap/task5,20102,0.7557638883590698
train/loss/object/heatmap/task5,20152,0.7772047519683838
train/loss/object/heatmap/task5,20246,0.7694721221923828
train/loss/object/heatmap/task5,20296,0.7652329802513123
train/loss/object/heatmap/task5,20346,0.7545891404151917
train/loss/object/heatmap/task5,20396,0.7568244338035583
train/loss/object/heatmap/task5,20446,0.7878562808036804
train/loss/object/heatmap/task5,20496,0.7936017513275146
train/loss/object/heatmap/task5,20546,0.781592071056366
train/loss/object/heatmap/task5,20596,0.7588708400726318
train/loss/object/heatmap/task5,20646,0.7482513189315796
train/loss/object/heatmap/task5,20696,0.7617551684379578
train/loss/object/heatmap/task5,20746,0.7413621544837952
train/loss/object/heatmap/task5,20840,0.7488535046577454
train/loss/object/heatmap/task5,20890,0.7559441924095154
train/loss/object/heatmap/task5,20940,0.7508224248886108
train/loss/object/heatmap/task5,20990,0.7500346899032593
train/loss/object/heatmap/task5,21040,0.7690361738204956
train/loss/object/heatmap/task5,21090,0.7383350729942322
train/loss/object/heatmap/task5,21140,0.7533840537071228
train/loss/object/heatmap/task5,21190,0.7482203245162964
train/loss/object/heatmap/task5,21240,0.7877613306045532
train/loss/object/heatmap/task5,21290,0.7400397658348083
train/loss/object/heatmap/task5,21340,0.7578685283660889
train/loss/object/heatmap/task5,21434,0.7523059248924255
train/loss/object/heatmap/task5,21484,0.7405902743339539
train/loss/object/heatmap/task5,21534,0.751774251461029
train/loss/object/heatmap/task5,21584,0.7591004967689514
train/loss/object/heatmap/task5,21634,0.7417134046554565
train/loss/object/heatmap/task5,21684,0.7768584489822388
train/loss/object/heatmap/task5,21734,0.729755699634552
train/loss/object/heatmap/task5,21784,0.7428326606750488
train/loss/object/heatmap/task5,21834,0.739652156829834
train/loss/object/heatmap/task5,21884,0.7539783120155334
train/loss/object/heatmap/task5,21934,0.7303693890571594
train/loss/object/heatmap/task5,22028,0.7444829940795898
train/loss/object/heatmap/task5,22078,0.762488067150116
train/loss/object/heatmap/task5,22128,0.7510731220245361
train/loss/object/heatmap/task5,22178,0.7386935353279114
train/loss/object/heatmap/task5,22228,0.7242276668548584
train/loss/object/heatmap/task5,22278,0.767828643321991
train/loss/object/heatmap/task5,22328,0.7520526647567749
train/loss/object/heatmap/task5,22378,0.7166864275932312
train/loss/object/heatmap/task5,22428,0.7446265816688538
train/loss/object/heatmap/task5,22478,0.7362509965896606
train/loss/object/heatmap/task5,22528,0.7353888154029846
train/loss/object/heatmap/task5,22622,0.7401167154312134
train/loss/object/heatmap/task5,22672,0.7228949666023254
train/loss/object/heatmap/task5,22722,0.7472360134124756
train/loss/object/heatmap/task5,22772,0.7154639363288879
train/loss/object/heatmap/task5,22822,0.7367796301841736
train/loss/object/heatmap/task5,22872,0.7338318824768066
train/loss/object/heatmap/task5,22922,0.7436907291412354
train/loss/object/heatmap/task5,22972,0.7282918691635132
train/loss/object/heatmap/task5,23022,0.7217661738395691
train/loss/object/heatmap/task5,23072,0.7475616931915283
train/loss/object/heatmap/task5,23122,0.7309935092926025
train/loss/object/heatmap/task5,23216,0.7119089365005493
train/loss/object/heatmap/task5,23266,0.7280030250549316
train/loss/object/heatmap/task5,23316,0.7400878071784973
train/loss/object/heatmap/task5,23366,0.7457892298698425
train/loss/object/heatmap/task5,23416,0.7258833646774292
train/loss/object/heatmap/task5,23466,0.7195520401000977
train/loss/object/heatmap/task5,23516,0.7441224455833435
train/loss/object/heatmap/task5,23566,0.7150188684463501
train/loss/object/heatmap/task5,23616,0.7441290616989136
train/loss/object/heatmap/task5,23666,0.7344480752944946
train/loss/object/heatmap/task5,23716,0.7220471501350403
train/loss/object/heatmap/task5,23810,0.7112246155738831
train/loss/object/heatmap/task5,23860,0.748219907283783
train/loss/object/heatmap/task5,23910,0.7171927690505981
train/loss/object/heatmap/task5,23960,0.732450008392334
train/loss/object/heatmap/task5,24010,0.72139972448349
train/loss/object/heatmap/task5,24060,0.7171946167945862
train/loss/object/heatmap/task5,24110,0.735500693321228
train/loss/object/heatmap/task5,24160,0.7240623831748962
train/loss/object/heatmap/task5,24210,0.7217684388160706
train/loss/object/heatmap/task5,24260,0.7299680709838867
train/loss/object/heatmap/task5,24310,0.7191429138183594
train/loss/object/heatmap/task5,24404,0.7238856554031372
train/loss/object/heatmap/task5,24454,0.7203173041343689
train/loss/object/heatmap/task5,24504,0.7249157428741455
train/loss/object/heatmap/task5,24554,0.7137500643730164
train/loss/object/heatmap/task5,24604,0.6851407885551453
train/loss/object/heatmap/task5,24654,0.6919823288917542
train/loss/object/heatmap/task5,24704,0.7345907688140869
train/loss/object/heatmap/task5,24754,0.7178649306297302
train/loss/object/heatmap/task5,24804,0.7369024753570557
train/loss/object/heatmap/task5,24854,0.7188286781311035
train/loss/object/heatmap/task5,24904,0.7282405495643616
train/loss/object/heatmap/task5,24998,0.726180911064148
train/loss/object/heatmap/task5,25048,0.7238705158233643
train/loss/object/heatmap/task5,25098,0.7378339767456055
train/loss/object/heatmap/task5,25148,0.7004498839378357
train/loss/object/heatmap/task5,25198,0.7205594778060913
train/loss/object/heatmap/task5,25248,0.7240914106369019
train/loss/object/heatmap/task5,25298,0.6916610598564148
train/loss/object/heatmap/task5,25348,0.7186452150344849
train/loss/object/heatmap/task5,25398,0.6797707080841064
train/loss/object/heatmap/task5,25448,0.6995859146118164
train/loss/object/heatmap/task5,25498,0.717380702495575
train/loss/object/heatmap/task5,25592,0.7163010239601135
train/loss/object/heatmap/task5,25642,0.7097335457801819
train/loss/object/heatmap/task5,25692,0.7096250653266907
train/loss/object/heatmap/task5,25742,0.7114706635475159
train/loss/object/heatmap/task5,25792,0.7040702700614929
train/loss/object/heatmap/task5,25842,0.7056905627250671
train/loss/object/heatmap/task5,25892,0.7072440981864929
train/loss/object/heatmap/task5,25942,0.7259108424186707
train/loss/object/heatmap/task5,25992,0.7277324199676514
train/loss/object/heatmap/task5,26042,0.6914979815483093
train/loss/object/heatmap/task5,26092,0.7040159702301025
train/loss/object/heatmap/task5,26186,0.7062640190124512
train/loss/object/heatmap/task5,26236,0.7214061617851257
train/loss/object/heatmap/task5,26286,0.7336375117301941
train/loss/object/heatmap/task5,26336,0.7196401953697205
train/loss/object/heatmap/task5,26386,0.7212095856666565
train/loss/object/heatmap/task5,26436,0.695681095123291
train/loss/object/heatmap/task5,26486,0.738683819770813
train/loss/object/heatmap/task5,26536,0.6988428235054016
train/loss/object/heatmap/task5,26586,0.6892638802528381
train/loss/object/heatmap/task5,26636,0.7032959461212158
train/loss/object/heatmap/task5,26686,0.7032600045204163
train/loss/object/heatmap/task5,26780,0.6965944766998291
train/loss/object/heatmap/task5,26830,0.7149933576583862
train/loss/object/heatmap/task5,26880,0.7257887125015259
train/loss/object/heatmap/task5,26930,0.7271038889884949
train/loss/object/heatmap/task5,26980,0.6924415826797485
train/loss/object/heatmap/task5,27030,0.7095937132835388
train/loss/object/heatmap/task5,27080,0.7103739976882935
train/loss/object/heatmap/task5,27130,0.7138813734054565
train/loss/object/heatmap/task5,27180,0.7079287171363831
train/loss/object/heatmap/task5,27230,0.706434965133667
train/loss/object/heatmap/task5,27280,0.7234620451927185
train/loss/object/heatmap/task5,27374,0.7100916504859924
train/loss/object/heatmap/task5,27424,0.7354732155799866
train/loss/object/heatmap/task5,27474,0.6907638907432556
train/loss/object/heatmap/task5,27524,0.7178606986999512
train/loss/object/heatmap/task5,27574,0.6716403961181641
train/loss/object/heatmap/task5,27624,0.7206552028656006
train/loss/object/heatmap/task5,27674,0.7408939599990845
train/loss/object/heatmap/task5,27724,0.7152279615402222
train/loss/object/heatmap/task5,27774,0.7191510796546936
train/loss/object/heatmap/task5,27824,0.6795520782470703
train/loss/object/heatmap/task5,27874,0.7025831341743469
train/loss/object/heatmap/task5,27968,0.7050773501396179
train/loss/object/heatmap/task5,28018,0.7321097254753113
train/loss/object/heatmap/task5,28068,0.7037183046340942
train/loss/object/heatmap/task5,28118,0.7110339403152466
train/loss/object/heatmap/task5,28168,0.7004535794258118
train/loss/object/heatmap/task5,28218,0.7113509178161621
train/loss/object/heatmap/task5,28268,0.709364652633667
train/loss/object/heatmap/task5,28318,0.6987259387969971
train/loss/object/heatmap/task5,28368,0.6961923837661743
train/loss/object/heatmap/task5,28418,0.7019044160842896
train/loss/object/heatmap/task5,28468,0.7076351046562195
train/loss/object/bbox/task5,50,0.4127986431121826
train/loss/object/bbox/task5,100,0.41284602880477905
train/loss/object/bbox/task5,150,0.42376983165740967
train/loss/object/bbox/task5,200,0.42084401845932007
train/loss/object/bbox/task5,250,0.4117955267429352
train/loss/object/bbox/task5,300,0.4175904393196106
train/loss/object/bbox/task5,350,0.41125595569610596
train/loss/object/bbox/task5,400,0.41026175022125244
train/loss/object/bbox/task5,450,0.4148120880126953
train/loss/object/bbox/task5,500,0.4124926030635834
train/loss/object/bbox/task5,550,0.39960119128227234
train/loss/object/bbox/task5,644,0.4078572988510132
train/loss/object/bbox/task5,694,0.411661297082901
train/loss/object/bbox/task5,744,0.4042401611804962
train/loss/object/bbox/task5,794,0.3973716199398041
train/loss/object/bbox/task5,844,0.393643856048584
train/loss/object/bbox/task5,894,0.39971598982810974
train/loss/object/bbox/task5,944,0.3940475881099701
train/loss/object/bbox/task5,994,0.3921869993209839
train/loss/object/bbox/task5,1044,0.39094993472099304
train/loss/object/bbox/task5,1094,0.3982652425765991
train/loss/object/bbox/task5,1144,0.39114198088645935
train/loss/object/bbox/task5,1238,0.38699057698249817
train/loss/object/bbox/task5,1288,0.385613352060318
train/loss/object/bbox/task5,1338,0.39413192868232727
train/loss/object/bbox/task5,1388,0.3926128149032593
train/loss/object/bbox/task5,1438,0.38623568415641785
train/loss/object/bbox/task5,1488,0.3810403048992157
train/loss/object/bbox/task5,1538,0.38753819465637207
train/loss/object/bbox/task5,1588,0.38114920258522034
train/loss/object/bbox/task5,1638,0.38023272156715393
train/loss/object/bbox/task5,1688,0.38391387462615967
train/loss/object/bbox/task5,1738,0.3815419673919678
train/loss/object/bbox/task5,1832,0.38033851981163025
train/loss/object/bbox/task5,1882,0.3763236403465271
train/loss/object/bbox/task5,1932,0.3724949359893799
train/loss/object/bbox/task5,1982,0.36938536167144775
train/loss/object/bbox/task5,2032,0.37650442123413086
train/loss/object/bbox/task5,2082,0.3698645234107971
train/loss/object/bbox/task5,2132,0.3633192777633667
train/loss/object/bbox/task5,2182,0.3744054436683655
train/loss/object/bbox/task5,2232,0.3783200979232788
train/loss/object/bbox/task5,2282,0.365752249956131
train/loss/object/bbox/task5,2332,0.3750590682029724
train/loss/object/bbox/task5,2426,0.3631214499473572
train/loss/object/bbox/task5,2476,0.36381039023399353
train/loss/object/bbox/task5,2526,0.3633011281490326
train/loss/object/bbox/task5,2576,0.36982762813568115
train/loss/object/bbox/task5,2626,0.36512210965156555
train/loss/object/bbox/task5,2676,0.36212098598480225
train/loss/object/bbox/task5,2726,0.365403413772583
train/loss/object/bbox/task5,2776,0.352514386177063
train/loss/object/bbox/task5,2826,0.3588275611400604
train/loss/object/bbox/task5,2876,0.36814576387405396
train/loss/object/bbox/task5,2926,0.3643617033958435
train/loss/object/bbox/task5,3020,0.35379865765571594
train/loss/object/bbox/task5,3070,0.35645419359207153
train/loss/object/bbox/task5,3120,0.35997721552848816
train/loss/object/bbox/task5,3170,0.3607645034790039
train/loss/object/bbox/task5,3220,0.35802653431892395
train/loss/object/bbox/task5,3270,0.35806506872177124
train/loss/object/bbox/task5,3320,0.3560202121734619
train/loss/object/bbox/task5,3370,0.35951143503189087
train/loss/object/bbox/task5,3420,0.35667935013771057
train/loss/object/bbox/task5,3470,0.3527226448059082
train/loss/object/bbox/task5,3520,0.3633371591567993
train/loss/object/bbox/task5,3614,0.3495078682899475
train/loss/object/bbox/task5,3664,0.3495240807533264
train/loss/object/bbox/task5,3714,0.3455219864845276
train/loss/object/bbox/task5,3764,0.3489776849746704
train/loss/object/bbox/task5,3814,0.35244220495224
train/loss/object/bbox/task5,3864,0.3481007516384125
train/loss/object/bbox/task5,3914,0.34806931018829346
train/loss/object/bbox/task5,3964,0.3487454950809479
train/loss/object/bbox/task5,4014,0.35000649094581604
train/loss/object/bbox/task5,4064,0.3544562757015228
train/loss/object/bbox/task5,4114,0.34820255637168884
train/loss/object/bbox/task5,4208,0.34546664357185364
train/loss/object/bbox/task5,4258,0.3471936583518982
train/loss/object/bbox/task5,4308,0.3422284424304962
train/loss/object/bbox/task5,4358,0.3420187830924988
train/loss/object/bbox/task5,4408,0.3493795096874237
train/loss/object/bbox/task5,4458,0.3479250371456146
train/loss/object/bbox/task5,4508,0.34228232502937317
train/loss/object/bbox/task5,4558,0.3436563313007355
train/loss/object/bbox/task5,4608,0.34152641892433167
train/loss/object/bbox/task5,4658,0.34014856815338135
train/loss/object/bbox/task5,4708,0.3472934365272522
train/loss/object/bbox/task5,4802,0.34130963683128357
train/loss/object/bbox/task5,4852,0.34153077006340027
train/loss/object/bbox/task5,4902,0.341183066368103
train/loss/object/bbox/task5,4952,0.34126758575439453
train/loss/object/bbox/task5,5002,0.3408638536930084
train/loss/object/bbox/task5,5052,0.3395930528640747
train/loss/object/bbox/task5,5102,0.34160205721855164
train/loss/object/bbox/task5,5152,0.33807599544525146
train/loss/object/bbox/task5,5202,0.3390696942806244
train/loss/object/bbox/task5,5252,0.34157782793045044
train/loss/object/bbox/task5,5302,0.3382779657840729
train/loss/object/bbox/task5,5396,0.34141358733177185
train/loss/object/bbox/task5,5446,0.3345971405506134
train/loss/object/bbox/task5,5496,0.3397192656993866
train/loss/object/bbox/task5,5546,0.3342228829860687
train/loss/object/bbox/task5,5596,0.34151455760002136
train/loss/object/bbox/task5,5646,0.3315628170967102
train/loss/object/bbox/task5,5696,0.336396723985672
train/loss/object/bbox/task5,5746,0.32872092723846436
train/loss/object/bbox/task5,5796,0.3368056118488312
train/loss/object/bbox/task5,5846,0.33595484495162964
train/loss/object/bbox/task5,5896,0.34216994047164917
train/loss/object/bbox/task5,5990,0.3322134017944336
train/loss/object/bbox/task5,6040,0.33571717143058777
train/loss/object/bbox/task5,6090,0.33370208740234375
train/loss/object/bbox/task5,6140,0.3345893919467926
train/loss/object/bbox/task5,6190,0.3285825252532959
train/loss/object/bbox/task5,6240,0.32768964767456055
train/loss/object/bbox/task5,6290,0.33438608050346375
train/loss/object/bbox/task5,6340,0.3274502754211426
train/loss/object/bbox/task5,6390,0.3364335894584656
train/loss/object/bbox/task5,6440,0.3394101560115814
train/loss/object/bbox/task5,6490,0.32890889048576355
train/loss/object/bbox/task5,6584,0.3331032395362854
train/loss/object/bbox/task5,6634,0.3290254473686218
train/loss/object/bbox/task5,6684,0.3354792892932892
train/loss/object/bbox/task5,6734,0.33203059434890747
train/loss/object/bbox/task5,6784,0.3257395029067993
train/loss/object/bbox/task5,6834,0.3302267789840698
train/loss/object/bbox/task5,6884,0.32728466391563416
train/loss/object/bbox/task5,6934,0.33060067892074585
train/loss/object/bbox/task5,6984,0.33482274413108826
train/loss/object/bbox/task5,7034,0.33384114503860474
train/loss/object/bbox/task5,7084,0.3337996006011963
train/loss/object/bbox/task5,7178,0.3284424841403961
train/loss/object/bbox/task5,7228,0.3312622308731079
train/loss/object/bbox/task5,7278,0.3225419521331787
train/loss/object/bbox/task5,7328,0.3278554677963257
train/loss/object/bbox/task5,7378,0.3229113519191742
train/loss/object/bbox/task5,7428,0.32504650950431824
train/loss/object/bbox/task5,7478,0.331289142370224
train/loss/object/bbox/task5,7528,0.32772326469421387
train/loss/object/bbox/task5,7578,0.32717710733413696
train/loss/object/bbox/task5,7628,0.3233226239681244
train/loss/object/bbox/task5,7678,0.31932806968688965
train/loss/object/bbox/task5,7772,0.3212492763996124
train/loss/object/bbox/task5,7822,0.32295483350753784
train/loss/object/bbox/task5,7872,0.3219318687915802
train/loss/object/bbox/task5,7922,0.32660993933677673
train/loss/object/bbox/task5,7972,0.3206314444541931
train/loss/object/bbox/task5,8022,0.3248995840549469
train/loss/object/bbox/task5,8072,0.3172357976436615
train/loss/object/bbox/task5,8122,0.3230971097946167
train/loss/object/bbox/task5,8172,0.3205048441886902
train/loss/object/bbox/task5,8222,0.30910760164260864
train/loss/object/bbox/task5,8272,0.32549169659614563
train/loss/object/bbox/task5,8366,0.32155176997184753
train/loss/object/bbox/task5,8416,0.31569424271583557
train/loss/object/bbox/task5,8466,0.32310163974761963
train/loss/object/bbox/task5,8516,0.3209381699562073
train/loss/object/bbox/task5,8566,0.32593730092048645
train/loss/object/bbox/task5,8616,0.319428414106369
train/loss/object/bbox/task5,8666,0.32704874873161316
train/loss/object/bbox/task5,8716,0.3197201192378998
train/loss/object/bbox/task5,8766,0.31971752643585205
train/loss/object/bbox/task5,8816,0.31300047039985657
train/loss/object/bbox/task5,8866,0.3197041153907776
train/loss/object/bbox/task5,8960,0.31717076897621155
train/loss/object/bbox/task5,9010,0.3193787932395935
train/loss/object/bbox/task5,9060,0.32310163974761963
train/loss/object/bbox/task5,9110,0.3176497519016266
train/loss/object/bbox/task5,9160,0.3125108480453491
train/loss/object/bbox/task5,9210,0.31330597400665283
train/loss/object/bbox/task5,9260,0.3130784332752228
train/loss/object/bbox/task5,9310,0.3160029947757721
train/loss/object/bbox/task5,9360,0.313982218503952
train/loss/object/bbox/task5,9410,0.32175397872924805
train/loss/object/bbox/task5,9460,0.31974342465400696
train/loss/object/bbox/task5,9554,0.31061461567878723
train/loss/object/bbox/task5,9604,0.3203318119049072
train/loss/object/bbox/task5,9654,0.31474435329437256
train/loss/object/bbox/task5,9704,0.31143781542778015
train/loss/object/bbox/task5,9754,0.31644657254219055
train/loss/object/bbox/task5,9804,0.3119615614414215
train/loss/object/bbox/task5,9854,0.3083592355251312
train/loss/object/bbox/task5,9904,0.311333030462265
train/loss/object/bbox/task5,9954,0.3142174184322357
train/loss/object/bbox/task5,10004,0.31600114703178406
train/loss/object/bbox/task5,10054,0.31706947088241577
train/loss/object/bbox/task5,10148,0.31863781809806824
train/loss/object/bbox/task5,10198,0.3134687542915344
train/loss/object/bbox/task5,10248,0.31136780977249146
train/loss/object/bbox/task5,10298,0.30720001459121704
train/loss/object/bbox/task5,10348,0.30620077252388
train/loss/object/bbox/task5,10398,0.3105248808860779
train/loss/object/bbox/task5,10448,0.30788567662239075
train/loss/object/bbox/task5,10498,0.3031703531742096
train/loss/object/bbox/task5,10548,0.31601420044898987
train/loss/object/bbox/task5,10598,0.3124605119228363
train/loss/object/bbox/task5,10648,0.3110383152961731
train/loss/object/bbox/task5,10742,0.3078286647796631
train/loss/object/bbox/task5,10792,0.31058773398399353
train/loss/object/bbox/task5,10842,0.313848078250885
train/loss/object/bbox/task5,10892,0.3038458526134491
train/loss/object/bbox/task5,10942,0.31276094913482666
train/loss/object/bbox/task5,10992,0.30475756525993347
train/loss/object/bbox/task5,11042,0.3038235604763031
train/loss/object/bbox/task5,11092,0.3061518371105194
train/loss/object/bbox/task5,11142,0.3094296157360077
train/loss/object/bbox/task5,11192,0.31607693433761597
train/loss/object/bbox/task5,11242,0.30534520745277405
train/loss/object/bbox/task5,11336,0.30469563603401184
train/loss/object/bbox/task5,11386,0.3056090772151947
train/loss/object/bbox/task5,11436,0.30773624777793884
train/loss/object/bbox/task5,11486,0.30889394879341125
train/loss/object/bbox/task5,11536,0.31415796279907227
train/loss/object/bbox/task5,11586,0.30547383427619934
train/loss/object/bbox/task5,11636,0.303559273481369
train/loss/object/bbox/task5,11686,0.30338454246520996
train/loss/object/bbox/task5,11736,0.3087700605392456
train/loss/object/bbox/task5,11786,0.30255326628685
train/loss/object/bbox/task5,11836,0.30814459919929504
train/loss/object/bbox/task5,11930,0.3024221956729889
train/loss/object/bbox/task5,11980,0.3097240924835205
train/loss/object/bbox/task5,12030,0.30630749464035034
train/loss/object/bbox/task5,12080,0.3021768033504486
train/loss/object/bbox/task5,12130,0.29947125911712646
train/loss/object/bbox/task5,12180,0.30171999335289
train/loss/object/bbox/task5,12230,0.3057323098182678
train/loss/object/bbox/task5,12280,0.3016678988933563
train/loss/object/bbox/task5,12330,0.30388709902763367
train/loss/object/bbox/task5,12380,0.3040194809436798
train/loss/object/bbox/task5,12430,0.3100033104419708
train/loss/object/bbox/task5,12524,0.29961714148521423
train/loss/object/bbox/task5,12574,0.3007586896419525
train/loss/object/bbox/task5,12624,0.3062238395214081
train/loss/object/bbox/task5,12674,0.3068808317184448
train/loss/object/bbox/task5,12724,0.29864224791526794
train/loss/object/bbox/task5,12774,0.2973032295703888
train/loss/object/bbox/task5,12824,0.3035317659378052
train/loss/object/bbox/task5,12874,0.29919081926345825
train/loss/object/bbox/task5,12924,0.30321455001831055
train/loss/object/bbox/task5,12974,0.3000212013721466
train/loss/object/bbox/task5,13024,0.3044077455997467
train/loss/object/bbox/task5,13118,0.30272382497787476
train/loss/object/bbox/task5,13168,0.30283233523368835
train/loss/object/bbox/task5,13218,0.2996717095375061
train/loss/object/bbox/task5,13268,0.30161917209625244
train/loss/object/bbox/task5,13318,0.29920509457588196
train/loss/object/bbox/task5,13368,0.2994844615459442
train/loss/object/bbox/task5,13418,0.29919949173927307
train/loss/object/bbox/task5,13468,0.30030497908592224
train/loss/object/bbox/task5,13518,0.29756051301956177
train/loss/object/bbox/task5,13568,0.29811957478523254
train/loss/object/bbox/task5,13618,0.30471861362457275
train/loss/object/bbox/task5,13712,0.2943016588687897
train/loss/object/bbox/task5,13762,0.3007383644580841
train/loss/object/bbox/task5,13812,0.2973848581314087
train/loss/object/bbox/task5,13862,0.2986878752708435
train/loss/object/bbox/task5,13912,0.3003937005996704
train/loss/object/bbox/task5,13962,0.30087798833847046
train/loss/object/bbox/task5,14012,0.2953740358352661
train/loss/object/bbox/task5,14062,0.2951427400112152
train/loss/object/bbox/task5,14112,0.29597240686416626
train/loss/object/bbox/task5,14162,0.29580196738243103
train/loss/object/bbox/task5,14212,0.2979799509048462
train/loss/object/bbox/task5,14306,0.3019503951072693
train/loss/object/bbox/task5,14356,0.29695209860801697
train/loss/object/bbox/task5,14406,0.2908463478088379
train/loss/object/bbox/task5,14456,0.29603439569473267
train/loss/object/bbox/task5,14506,0.2926075756549835
train/loss/object/bbox/task5,14556,0.29359373450279236
train/loss/object/bbox/task5,14606,0.2961936295032501
train/loss/object/bbox/task5,14656,0.2927292585372925
train/loss/object/bbox/task5,14706,0.28939488530158997
train/loss/object/bbox/task5,14756,0.2912975549697876
train/loss/object/bbox/task5,14806,0.3000151813030243
train/loss/object/bbox/task5,14900,0.2902148962020874
train/loss/object/bbox/task5,14950,0.2901599407196045
train/loss/object/bbox/task5,15000,0.2981896996498108
train/loss/object/bbox/task5,15050,0.2897660434246063
train/loss/object/bbox/task5,15100,0.2916971445083618
train/loss/object/bbox/task5,15150,0.29475536942481995
train/loss/object/bbox/task5,15200,0.2891744077205658
train/loss/object/bbox/task5,15250,0.29285651445388794
train/loss/object/bbox/task5,15300,0.2951461672782898
train/loss/object/bbox/task5,15350,0.2891196608543396
train/loss/object/bbox/task5,15400,0.29226866364479065
train/loss/object/bbox/task5,15494,0.2921999990940094
train/loss/object/bbox/task5,15544,0.2850398123264313
train/loss/object/bbox/task5,15594,0.2896045446395874
train/loss/object/bbox/task5,15644,0.29806220531463623
train/loss/object/bbox/task5,15694,0.2935503423213959
train/loss/object/bbox/task5,15744,0.2858583331108093
train/loss/object/bbox/task5,15794,0.2937568426132202
train/loss/object/bbox/task5,15844,0.29295238852500916
train/loss/object/bbox/task5,15894,0.2922399342060089
train/loss/object/bbox/task5,15944,0.29102492332458496
train/loss/object/bbox/task5,15994,0.2881917655467987
train/loss/object/bbox/task5,16088,0.2908344566822052
train/loss/object/bbox/task5,16138,0.2849101126194
train/loss/object/bbox/task5,16188,0.29124727845191956
train/loss/object/bbox/task5,16238,0.290681391954422
train/loss/object/bbox/task5,16288,0.28879687190055847
train/loss/object/bbox/task5,16338,0.28732830286026
train/loss/object/bbox/task5,16388,0.29626402258872986
train/loss/object/bbox/task5,16438,0.28285035490989685
train/loss/object/bbox/task5,16488,0.2925202548503876
train/loss/object/bbox/task5,16538,0.28451576828956604
train/loss/object/bbox/task5,16588,0.2865043878555298
train/loss/object/bbox/task5,16682,0.2904854118824005
train/loss/object/bbox/task5,16732,0.29117172956466675
train/loss/object/bbox/task5,16782,0.2907213568687439
train/loss/object/bbox/task5,16832,0.2891499400138855
train/loss/object/bbox/task5,16882,0.28899818658828735
train/loss/object/bbox/task5,16932,0.2848818004131317
train/loss/object/bbox/task5,16982,0.28648561239242554
train/loss/object/bbox/task5,17032,0.2818189263343811
train/loss/object/bbox/task5,17082,0.2846531569957733
train/loss/object/bbox/task5,17132,0.28645893931388855
train/loss/object/bbox/task5,17182,0.2825894057750702
train/loss/object/bbox/task5,17276,0.2867639660835266
train/loss/object/bbox/task5,17326,0.286016047000885
train/loss/object/bbox/task5,17376,0.2799275517463684
train/loss/object/bbox/task5,17426,0.28794026374816895
train/loss/object/bbox/task5,17476,0.28434088826179504
train/loss/object/bbox/task5,17526,0.28308790922164917
train/loss/object/bbox/task5,17576,0.2885904908180237
train/loss/object/bbox/task5,17626,0.28924617171287537
train/loss/object/bbox/task5,17676,0.2861919701099396
train/loss/object/bbox/task5,17726,0.28327128291130066
train/loss/object/bbox/task5,17776,0.2855593264102936
train/loss/object/bbox/task5,17870,0.2791650593280792
train/loss/object/bbox/task5,17920,0.2790939509868622
train/loss/object/bbox/task5,17970,0.28573131561279297
train/loss/object/bbox/task5,18020,0.2852804660797119
train/loss/object/bbox/task5,18070,0.2837396562099457
train/loss/object/bbox/task5,18120,0.2851253151893616
train/loss/object/bbox/task5,18170,0.28970471024513245
train/loss/object/bbox/task5,18220,0.2791479229927063
train/loss/object/bbox/task5,18270,0.2820805013179779
train/loss/object/bbox/task5,18320,0.2778492867946625
train/loss/object/bbox/task5,18370,0.28716468811035156
train/loss/object/bbox/task5,18464,0.28140947222709656
train/loss/object/bbox/task5,18514,0.2850576341152191
train/loss/object/bbox/task5,18564,0.2789478600025177
train/loss/object/bbox/task5,18614,0.274278849363327
train/loss/object/bbox/task5,18664,0.28347983956336975
train/loss/object/bbox/task5,18714,0.2788532078266144
train/loss/object/bbox/task5,18764,0.2906228005886078
train/loss/object/bbox/task5,18814,0.28121325373649597
train/loss/object/bbox/task5,18864,0.2806319296360016
train/loss/object/bbox/task5,18914,0.279373437166214
train/loss/object/bbox/task5,18964,0.2821997404098511
train/loss/object/bbox/task5,19058,0.281721830368042
train/loss/object/bbox/task5,19108,0.2742830812931061
train/loss/object/bbox/task5,19158,0.2824404239654541
train/loss/object/bbox/task5,19208,0.2796500623226166
train/loss/object/bbox/task5,19258,0.28356504440307617
train/loss/object/bbox/task5,19308,0.2786095440387726
train/loss/object/bbox/task5,19358,0.27961623668670654
train/loss/object/bbox/task5,19408,0.28025132417678833
train/loss/object/bbox/task5,19458,0.27857664227485657
train/loss/object/bbox/task5,19508,0.27446305751800537
train/loss/object/bbox/task5,19558,0.2798466384410858
train/loss/object/bbox/task5,19652,0.28147998452186584
train/loss/object/bbox/task5,19702,0.27643439173698425
train/loss/object/bbox/task5,19752,0.2758711576461792
train/loss/object/bbox/task5,19802,0.27719345688819885
train/loss/object/bbox/task5,19852,0.2706725001335144
train/loss/object/bbox/task5,19902,0.2776915729045868
train/loss/object/bbox/task5,19952,0.2766370475292206
train/loss/object/bbox/task5,20002,0.2794328033924103
train/loss/object/bbox/task5,20052,0.28131070733070374
train/loss/object/bbox/task5,20102,0.28233084082603455
train/loss/object/bbox/task5,20152,0.27679020166397095
train/loss/object/bbox/task5,20246,0.28136104345321655
train/loss/object/bbox/task5,20296,0.27921491861343384
train/loss/object/bbox/task5,20346,0.27869346737861633
train/loss/object/bbox/task5,20396,0.27282798290252686
train/loss/object/bbox/task5,20446,0.28123587369918823
train/loss/object/bbox/task5,20496,0.2765342891216278
train/loss/object/bbox/task5,20546,0.2808111011981964
train/loss/object/bbox/task5,20596,0.27592286467552185
train/loss/object/bbox/task5,20646,0.27260616421699524
train/loss/object/bbox/task5,20696,0.276624470949173
train/loss/object/bbox/task5,20746,0.27175867557525635
train/loss/object/bbox/task5,20840,0.2767859995365143
train/loss/object/bbox/task5,20890,0.27218955755233765
train/loss/object/bbox/task5,20940,0.27541446685791016
train/loss/object/bbox/task5,20990,0.27604153752326965
train/loss/object/bbox/task5,21040,0.2752434313297272
train/loss/object/bbox/task5,21090,0.270241379737854
train/loss/object/bbox/task5,21140,0.27727210521698
train/loss/object/bbox/task5,21190,0.2757835388183594
train/loss/object/bbox/task5,21240,0.27904990315437317
train/loss/object/bbox/task5,21290,0.2759212553501129
train/loss/object/bbox/task5,21340,0.274167001247406
train/loss/object/bbox/task5,21434,0.27714720368385315
train/loss/object/bbox/task5,21484,0.2720222473144531
train/loss/object/bbox/task5,21534,0.27735504508018494
train/loss/object/bbox/task5,21584,0.2752150893211365
train/loss/object/bbox/task5,21634,0.2715458273887634
train/loss/object/bbox/task5,21684,0.27630454301834106
train/loss/object/bbox/task5,21734,0.27245059609413147
train/loss/object/bbox/task5,21784,0.2791638970375061
train/loss/object/bbox/task5,21834,0.27128705382347107
train/loss/object/bbox/task5,21884,0.27655264735221863
train/loss/object/bbox/task5,21934,0.2698659598827362
train/loss/object/bbox/task5,22028,0.2724238932132721
train/loss/object/bbox/task5,22078,0.2776772379875183
train/loss/object/bbox/task5,22128,0.2728063464164734
train/loss/object/bbox/task5,22178,0.27497202157974243
train/loss/object/bbox/task5,22228,0.2706824541091919
train/loss/object/bbox/task5,22278,0.2786751985549927
train/loss/object/bbox/task5,22328,0.27776017785072327
train/loss/object/bbox/task5,22378,0.26832395792007446
train/loss/object/bbox/task5,22428,0.27200010418891907
train/loss/object/bbox/task5,22478,0.26901909708976746
train/loss/object/bbox/task5,22528,0.27013009786605835
train/loss/object/bbox/task5,22622,0.27639058232307434
train/loss/object/bbox/task5,22672,0.27764853835105896
train/loss/object/bbox/task5,22722,0.2749861478805542
train/loss/object/bbox/task5,22772,0.26786085963249207
train/loss/object/bbox/task5,22822,0.2728113532066345
train/loss/object/bbox/task5,22872,0.2707644999027252
train/loss/object/bbox/task5,22922,0.27220433950424194
train/loss/object/bbox/task5,22972,0.27496016025543213
train/loss/object/bbox/task5,23022,0.26860231161117554
train/loss/object/bbox/task5,23072,0.26984092593193054
train/loss/object/bbox/task5,23122,0.27276602387428284
train/loss/object/bbox/task5,23216,0.27048376202583313
train/loss/object/bbox/task5,23266,0.2724051773548126
train/loss/object/bbox/task5,23316,0.2701534926891327
train/loss/object/bbox/task5,23366,0.2781984508037567
train/loss/object/bbox/task5,23416,0.2718932032585144
train/loss/object/bbox/task5,23466,0.27245813608169556
train/loss/object/bbox/task5,23516,0.2679508328437805
train/loss/object/bbox/task5,23566,0.27246803045272827
train/loss/object/bbox/task5,23616,0.27269428968429565
train/loss/object/bbox/task5,23666,0.2704664468765259
train/loss/object/bbox/task5,23716,0.2676745355129242
train/loss/object/bbox/task5,23810,0.2675718367099762
train/loss/object/bbox/task5,23860,0.27551108598709106
train/loss/object/bbox/task5,23910,0.2678447365760803
train/loss/object/bbox/task5,23960,0.27262333035469055
train/loss/object/bbox/task5,24010,0.2711242735385895
train/loss/object/bbox/task5,24060,0.2693917453289032
train/loss/object/bbox/task5,24110,0.2774035930633545
train/loss/object/bbox/task5,24160,0.27358731627464294
train/loss/object/bbox/task5,24210,0.26808851957321167
train/loss/object/bbox/task5,24260,0.2696365714073181
train/loss/object/bbox/task5,24310,0.27073514461517334
train/loss/object/bbox/task5,24404,0.26893511414527893
train/loss/object/bbox/task5,24454,0.2705199420452118
train/loss/object/bbox/task5,24504,0.27527374029159546
train/loss/object/bbox/task5,24554,0.270506888628006
train/loss/object/bbox/task5,24604,0.26480990648269653
train/loss/object/bbox/task5,24654,0.2634267508983612
train/loss/object/bbox/task5,24704,0.2728733718395233
train/loss/object/bbox/task5,24754,0.27045556902885437
train/loss/object/bbox/task5,24804,0.2713060677051544
train/loss/object/bbox/task5,24854,0.2749077081680298
train/loss/object/bbox/task5,24904,0.27194568514823914
train/loss/object/bbox/task5,24998,0.27145448327064514
train/loss/object/bbox/task5,25048,0.27407121658325195
train/loss/object/bbox/task5,25098,0.27279219031333923
train/loss/object/bbox/task5,25148,0.2679039537906647
train/loss/object/bbox/task5,25198,0.26885494589805603
train/loss/object/bbox/task5,25248,0.26802581548690796
train/loss/object/bbox/task5,25298,0.26534587144851685
train/loss/object/bbox/task5,25348,0.2739235758781433
train/loss/object/bbox/task5,25398,0.26332032680511475
train/loss/object/bbox/task5,25448,0.268277108669281
train/loss/object/bbox/task5,25498,0.2719036042690277
train/loss/object/bbox/task5,25592,0.2704067528247833
train/loss/object/bbox/task5,25642,0.2699756324291229
train/loss/object/bbox/task5,25692,0.2713472247123718
train/loss/object/bbox/task5,25742,0.27365055680274963
train/loss/object/bbox/task5,25792,0.26795142889022827
train/loss/object/bbox/task5,25842,0.27208974957466125
train/loss/object/bbox/task5,25892,0.2644483745098114
train/loss/object/bbox/task5,25942,0.2665664255619049
train/loss/object/bbox/task5,25992,0.2708251178264618
train/loss/object/bbox/task5,26042,0.26896563172340393
train/loss/object/bbox/task5,26092,0.2666754722595215
train/loss/object/bbox/task5,26186,0.2680019438266754
train/loss/object/bbox/task5,26236,0.269260436296463
train/loss/object/bbox/task5,26286,0.27092698216438293
train/loss/object/bbox/task5,26336,0.27196717262268066
train/loss/object/bbox/task5,26386,0.2699749171733856
train/loss/object/bbox/task5,26436,0.2678762972354889
train/loss/object/bbox/task5,26486,0.27516815066337585
train/loss/object/bbox/task5,26536,0.2663363516330719
train/loss/object/bbox/task5,26586,0.2630036175251007
train/loss/object/bbox/task5,26636,0.2685023844242096
train/loss/object/bbox/task5,26686,0.26738885045051575
train/loss/object/bbox/task5,26780,0.26622411608695984
train/loss/object/bbox/task5,26830,0.2665667235851288
train/loss/object/bbox/task5,26880,0.2682008743286133
train/loss/object/bbox/task5,26930,0.2737072706222534
train/loss/object/bbox/task5,26980,0.2632617652416229
train/loss/object/bbox/task5,27030,0.2705514132976532
train/loss/object/bbox/task5,27080,0.2655428946018219
train/loss/object/bbox/task5,27130,0.26836055517196655
train/loss/object/bbox/task5,27180,0.27382734417915344
train/loss/object/bbox/task5,27230,0.2732085883617401
train/loss/object/bbox/task5,27280,0.2695925235748291
train/loss/object/bbox/task5,27374,0.2675233483314514
train/loss/object/bbox/task5,27424,0.269112229347229
train/loss/object/bbox/task5,27474,0.2666308879852295
train/loss/object/bbox/task5,27524,0.27033746242523193
train/loss/object/bbox/task5,27574,0.2686496078968048
train/loss/object/bbox/task5,27624,0.2720489203929901
train/loss/object/bbox/task5,27674,0.2743180990219116
train/loss/object/bbox/task5,27724,0.27122586965560913
train/loss/object/bbox/task5,27774,0.2686915695667267
train/loss/object/bbox/task5,27824,0.26328977942466736
train/loss/object/bbox/task5,27874,0.26701492071151733
train/loss/object/bbox/task5,27968,0.2717708647251129
train/loss/object/bbox/task5,28018,0.2763676345348358
train/loss/object/bbox/task5,28068,0.27182289958000183
train/loss/object/bbox/task5,28118,0.2675979435443878
train/loss/object/bbox/task5,28168,0.2677398920059204
train/loss/object/bbox/task5,28218,0.27139559388160706
train/loss/object/bbox/task5,28268,0.2681272327899933
train/loss/object/bbox/task5,28318,0.26495468616485596
train/loss/object/bbox/task5,28368,0.2645253539085388
train/loss/object/bbox/task5,28418,0.26547595858573914
train/loss/object/bbox/task5,28468,0.26789894700050354
train/loss,50,19.09632110595703
train/loss,100,12.748032569885254
train/loss,150,10.489134788513184
train/loss,200,9.175092697143555
train/loss,250,9.143189430236816
train/loss,300,8.936379432678223
train/loss,350,8.298768997192383
train/loss,400,8.4447021484375
train/loss,450,8.650146484375
train/loss,500,8.18021297454834
train/loss,550,8.275321960449219
train/loss,644,8.300701141357422
train/loss,694,8.4129056930542
train/loss,744,8.469067573547363
train/loss,794,7.908941745758057
train/loss,844,8.087849617004395
train/loss,894,8.45936107635498
train/loss,944,7.921792507171631
train/loss,994,8.00588321685791
train/loss,1044,8.024057388305664
train/loss,1094,8.009428977966309
train/loss,1144,8.003215789794922
train/loss,1238,7.98364782333374
train/loss,1288,8.217270851135254
train/loss,1338,8.233175277709961
train/loss,1388,7.770212650299072
train/loss,1438,7.963790416717529
train/loss,1488,8.09111213684082
train/loss,1538,7.634677886962891
train/loss,1588,7.7820963859558105
train/loss,1638,7.88377046585083
train/loss,1688,7.619564533233643
train/loss,1738,7.751993656158447
train/loss,1832,7.804080009460449
train/loss,1882,7.995966911315918
train/loss,1932,7.824580669403076
train/loss,1982,7.431990146636963
train/loss,2032,7.550116539001465
train/loss,2082,7.824970722198486
train/loss,2132,7.286978244781494
train/loss,2182,7.563962936401367
train/loss,2232,7.6575703620910645
train/loss,2282,7.295492649078369
train/loss,2332,7.498499870300293
train/loss,2426,7.405318737030029
train/loss,2476,7.683085918426514
train/loss,2526,7.68505859375
train/loss,2576,7.271861553192139
train/loss,2626,7.386789321899414
train/loss,2676,7.654760360717773
train/loss,2726,7.179617404937744
train/loss,2776,7.264969348907471
train/loss,2826,7.367041110992432
train/loss,2876,7.147448539733887
train/loss,2926,7.266615390777588
train/loss,3020,7.182013988494873
train/loss,3070,7.518693923950195
train/loss,3120,7.531795501708984
train/loss,3170,7.044571876525879
train/loss,3220,7.277639865875244
train/loss,3270,7.572559833526611
train/loss,3320,6.998163223266602
train/loss,3370,7.270594120025635
train/loss,3420,7.255792617797852
train/loss,3470,6.936508655548096
train/loss,3520,7.184323310852051
train/loss,3614,7.141054630279541
train/loss,3664,7.262584686279297
train/loss,3714,7.234619140625
train/loss,3764,6.897209644317627
train/loss,3814,7.098441123962402
train/loss,3864,7.342067718505859
train/loss,3914,6.777249336242676
train/loss,3964,7.053383827209473
train/loss,4014,7.10044002532959
train/loss,4064,6.915460586547852
train/loss,4114,6.942037105560303
train/loss,4208,6.9451823234558105
train/loss,4258,7.144496917724609
train/loss,4308,7.1477861404418945
train/loss,4358,6.795289516448975
train/loss,4408,6.992173194885254
train/loss,4458,7.26957893371582
train/loss,4508,6.65482759475708
train/loss,4558,6.757612228393555
train/loss,4608,6.858719348907471
train/loss,4658,6.724296569824219
train/loss,4708,6.85780668258667
train/loss,4802,6.680724143981934
train/loss,4852,6.892834663391113
train/loss,4902,6.867501735687256
train/loss,4952,6.67177152633667
train/loss,5002,6.731894493103027
train/loss,5052,6.898489475250244
train/loss,5102,6.539583683013916
train/loss,5152,6.491546630859375
train/loss,5202,6.737204074859619
train/loss,5252,6.6063008308410645
train/loss,5302,6.670673370361328
train/loss,5396,6.593013286590576
train/loss,5446,6.842507839202881
train/loss,5496,6.832645893096924
train/loss,5546,6.561598300933838
train/loss,5596,6.658045768737793
train/loss,5646,6.795159339904785
train/loss,5696,6.367370128631592
train/loss,5746,6.3864336013793945
train/loss,5796,6.6985859870910645
train/loss,5846,6.4981513023376465
train/loss,5896,6.657810688018799
train/loss,5990,6.500945091247559
train/loss,6040,6.6716437339782715
train/loss,6090,6.608329772949219
train/loss,6140,6.4208149909973145
train/loss,6190,6.428345203399658
train/loss,6240,6.592999458312988
train/loss,6290,6.307881832122803
train/loss,6340,6.364359378814697
train/loss,6390,6.653017520904541
train/loss,6440,6.412827014923096
train/loss,6490,6.512430667877197
train/loss,6584,6.372112274169922
train/loss,6634,6.578857898712158
train/loss,6684,6.640330791473389
train/loss,6734,6.38311767578125
train/loss,6784,6.397726535797119
train/loss,6834,6.5913519859313965
train/loss,6884,6.237237453460693
train/loss,6934,6.272967338562012
train/loss,6984,6.494786739349365
train/loss,7034,6.25785493850708
train/loss,7084,6.500494956970215
train/loss,7178,6.360743999481201
train/loss,7228,6.501285552978516
train/loss,7278,6.411142826080322
train/loss,7328,6.24675989151001
train/loss,7378,6.351889133453369
train/loss,7428,6.421901702880859
train/loss,7478,6.169541835784912
train/loss,7528,6.18717098236084
train/loss,7578,6.399279594421387
train/loss,7628,6.153674602508545
train/loss,7678,6.329697608947754
train/loss,7772,6.194462299346924
train/loss,7822,6.34507942199707
train/loss,7872,6.291254997253418
train/loss,7922,6.277918815612793
train/loss,7972,6.175785541534424
train/loss,8022,6.331874847412109
train/loss,8072,6.014695167541504
train/loss,8122,6.157652854919434
train/loss,8172,6.278641223907471
train/loss,8222,6.103790760040283
train/loss,8272,6.293450832366943
train/loss,8366,6.139880657196045
train/loss,8416,6.1880621910095215
train/loss,8466,6.2504801750183105
train/loss,8516,6.075338363647461
train/loss,8566,6.251921653747559
train/loss,8616,6.311245918273926
train/loss,8666,6.070165634155273
train/loss,8716,6.0136494636535645
train/loss,8766,6.195862293243408
train/loss,8816,6.061893463134766
train/loss,8866,6.257627487182617
train/loss,8960,6.094480514526367
train/loss,9010,6.2135090827941895
train/loss,9060,6.233814239501953
train/loss,9110,6.119791030883789
train/loss,9160,5.997012138366699
train/loss,9210,6.112758636474609
train/loss,9260,5.822118282318115
train/loss,9310,5.966399669647217
train/loss,9360,6.1363301277160645
train/loss,9410,6.0643205642700195
train/loss,9460,6.180689334869385
train/loss,9554,6.020266056060791
train/loss,9604,6.124521732330322
train/loss,9654,6.091446876525879
train/loss,9704,5.9609479904174805
train/loss,9754,5.973593235015869
train/loss,9804,6.106685161590576
train/loss,9854,5.863058567047119
train/loss,9904,5.929210186004639
train/loss,9954,6.103301525115967
train/loss,10004,5.9435930252075195
train/loss,10054,6.126479148864746
train/loss,10148,5.981582164764404
train/loss,10198,6.095030307769775
train/loss,10248,6.056604385375977
train/loss,10298,5.874441146850586
train/loss,10348,5.891720294952393
train/loss,10398,5.945907115936279
train/loss,10448,5.825124740600586
train/loss,10498,5.781802177429199
train/loss,10548,6.085627555847168
train/loss,10598,5.941833019256592
train/loss,10648,6.083646774291992
train/loss,10742,5.886091232299805
train/loss,10792,5.977764129638672
train/loss,10842,5.947170257568359
train/loss,10892,5.777894020080566
train/loss,10942,5.90555477142334
train/loss,10992,5.940690040588379
train/loss,11042,5.709896564483643
train/loss,11092,5.741959571838379
train/loss,11142,5.975837707519531
train/loss,11192,5.910057544708252
train/loss,11242,5.949658393859863
train/loss,11336,5.843519687652588
train/loss,11386,5.930090427398682
train/loss,11436,5.929439544677734
train/loss,11486,5.762399196624756
train/loss,11536,5.865783214569092
train/loss,11586,5.904140472412109
train/loss,11636,5.6643290519714355
train/loss,11686,5.757638931274414
train/loss,11736,5.930424690246582
train/loss,11786,5.773752689361572
train/loss,11836,5.972022533416748
train/loss,11930,5.802604675292969
train/loss,11980,5.9031805992126465
train/loss,12030,5.886895656585693
train/loss,12080,5.733511447906494
train/loss,12130,5.705365180969238
train/loss,12180,5.817042827606201
train/loss,12230,5.632817268371582
train/loss,12280,5.687231540679932
train/loss,12330,5.868752479553223
train/loss,12380,5.724613189697266
train/loss,12430,5.8713555335998535
train/loss,12524,5.721777439117432
train/loss,12574,5.791092872619629
train/loss,12624,5.8343424797058105
train/loss,12674,5.75136661529541
train/loss,12724,5.6643290519714355
train/loss,12774,5.79218053817749
train/loss,12824,5.610876560211182
train/loss,12874,5.51778507232666
train/loss,12924,5.777328968048096
train/loss,12974,5.692238807678223
train/loss,13024,5.850563049316406
train/loss,13118,5.747433185577393
train/loss,13168,5.834544658660889
train/loss,13218,5.782382011413574
train/loss,13268,5.606235980987549
train/loss,13318,5.633734226226807
train/loss,13368,5.728309631347656
train/loss,13418,5.50165319442749
train/loss,13468,5.59351921081543
train/loss,13518,5.749252796173096
train/loss,13568,5.5732340812683105
train/loss,13618,5.825648784637451
train/loss,13712,5.633853435516357
train/loss,13762,5.675079822540283
train/loss,13812,5.779726982116699
train/loss,13862,5.5836381912231445
train/loss,13912,5.615057468414307
train/loss,13962,5.714857578277588
train/loss,14012,5.48049783706665
train/loss,14062,5.460814476013184
train/loss,14112,5.757346153259277
train/loss,14162,5.618980884552002
train/loss,14212,5.763810157775879
train/loss,14306,6.655501365661621
train/loss,14356,4.4390645027160645
train/loss,14406,4.194049835205078
train/loss,14456,4.197744369506836
train/loss,14506,4.106673240661621
train/loss,14556,4.126688480377197
train/loss,14606,4.19772481918335
train/loss,14656,4.07666015625
train/loss,14706,4.037324905395508
train/loss,14756,4.121089935302734
train/loss,14806,4.070267200469971
train/loss,14900,3.962326765060425
train/loss,14950,3.930633544921875
train/loss,15000,3.95156192779541
train/loss,15050,3.9759984016418457
train/loss,15100,3.8914942741394043
train/loss,15150,3.936999797821045
train/loss,15200,3.827322483062744
train/loss,15250,3.875654697418213
train/loss,15300,3.9547722339630127
train/loss,15350,3.7908694744110107
train/loss,15400,3.895657777786255
train/loss,15494,3.7483508586883545
train/loss,15544,3.738452911376953
train/loss,15594,3.7838592529296875
train/loss,15644,3.7778983116149902
train/loss,15694,3.70833683013916
train/loss,15744,3.8329029083251953
train/loss,15794,3.7138917446136475
train/loss,15844,3.6293444633483887
train/loss,15894,3.6640207767486572
train/loss,15944,3.7356784343719482
train/loss,15994,3.7405877113342285
train/loss,16088,3.7407727241516113
train/loss,16138,3.71026349067688
train/loss,16188,3.5542855262756348
train/loss,16238,3.667823553085327
train/loss,16288,3.654688835144043
train/loss,16338,3.5082907676696777
train/loss,16388,3.652846574783325
train/loss,16438,3.5209901332855225
train/loss,16488,3.616359233856201
train/loss,16538,3.5218515396118164
train/loss,16588,3.5973479747772217
train/loss,16682,3.60089373588562
train/loss,16732,3.564922571182251
train/loss,16782,3.534113645553589
train/loss,16832,3.4933412075042725
train/loss,16882,3.512235403060913
train/loss,16932,3.4579994678497314
train/loss,16982,3.438674211502075
train/loss,17032,3.4562430381774902
train/loss,17082,3.4069266319274902
train/loss,17132,3.5232644081115723
train/loss,17182,3.3731188774108887
train/loss,17276,3.461944580078125
train/loss,17326,3.5029056072235107
train/loss,17376,3.3359878063201904
train/loss,17426,3.4933314323425293
train/loss,17476,3.3996801376342773
train/loss,17526,3.464813470840454
train/loss,17576,3.4408862590789795
train/loss,17626,3.4419970512390137
train/loss,17676,3.388995885848999
train/loss,17726,3.3136544227600098
train/loss,17776,3.354625701904297
train/loss,17870,3.2629342079162598
train/loss,17920,3.231052875518799
train/loss,17970,3.3250088691711426
train/loss,18020,3.3228094577789307
train/loss,18070,3.314100742340088
train/loss,18120,3.228933572769165
train/loss,18170,3.4732069969177246
train/loss,18220,3.175668239593506
train/loss,18270,3.3818256855010986
train/loss,18320,3.313039779663086
train/loss,18370,3.2722959518432617
train/loss,18464,3.290069341659546
train/loss,18514,3.2194199562072754
train/loss,18564,3.0935115814208984
train/loss,18614,3.200939416885376
train/loss,18664,3.2955591678619385
train/loss,18714,3.306856870651245
train/loss,18764,3.3058254718780518
train/loss,18814,3.1549015045166016
train/loss,18864,3.2572288513183594
train/loss,18914,3.12099552154541
train/loss,18964,3.3312830924987793
train/loss,19058,3.1589174270629883
train/loss,19108,3.186551094055176
train/loss,19158,3.1146860122680664
train/loss,19208,3.2288589477539062
train/loss,19258,3.1241767406463623
train/loss,19308,3.2194228172302246
train/loss,19358,3.1869282722473145
train/loss,19408,3.1597325801849365
train/loss,19458,3.2138020992279053
train/loss,19508,3.057284116744995
train/loss,19558,3.1780455112457275
train/loss,19652,3.1571712493896484
train/loss,19702,2.997896671295166
train/loss,19752,3.060239791870117
train/loss,19802,3.125826358795166
train/loss,19852,3.1288902759552
train/loss,19902,3.0684525966644287
train/loss,19952,2.9877076148986816
train/loss,20002,3.136054515838623
train/loss,20052,3.1510629653930664
train/loss,20102,3.025829792022705
train/loss,20152,3.0845789909362793
train/loss,20246,3.0822153091430664
train/loss,20296,3.012881278991699
train/loss,20346,3.034120798110962
train/loss,20396,2.9995546340942383
train/loss,20446,3.0936667919158936
train/loss,20496,3.019465684890747
train/loss,20546,3.037367343902588
train/loss,20596,3.0288124084472656
train/loss,20646,2.9827823638916016
train/loss,20696,3.0603091716766357
train/loss,20746,2.9087975025177
train/loss,20840,3.007157325744629
train/loss,20890,2.9053220748901367
train/loss,20940,3.031222105026245
train/loss,20990,2.951723575592041
train/loss,21040,2.9417099952697754
train/loss,21090,2.9476354122161865
train/loss,21140,2.965527057647705
train/loss,21190,2.942621946334839
train/loss,21240,3.0204641819000244
train/loss,21290,2.8809640407562256
train/loss,21340,2.9292447566986084
train/loss,21434,2.9453935623168945
train/loss,21484,2.9301371574401855
train/loss,21534,2.883668899536133
train/loss,21584,2.898623466491699
train/loss,21634,2.80470871925354
train/loss,21684,2.945037603378296
train/loss,21734,2.7927026748657227
train/loss,21784,2.867993116378784
train/loss,21834,2.8579440116882324
train/loss,21884,2.9156923294067383
train/loss,21934,2.8383593559265137
train/loss,22028,2.8408164978027344
train/loss,22078,2.9183499813079834
train/loss,22128,2.7900850772857666
train/loss,22178,2.932141065597534
train/loss,22228,2.8145103454589844
train/loss,22278,2.8753201961517334
train/loss,22328,2.9286696910858154
train/loss,22378,2.7726924419403076
train/loss,22428,2.796741247177124
train/loss,22478,2.8065292835235596
train/loss,22528,2.807982921600342
train/loss,22622,2.801368474960327
train/loss,22672,2.7737412452697754
train/loss,22722,2.845803737640381
train/loss,22772,2.7689547538757324
train/loss,22822,2.8678135871887207
train/loss,22872,2.8721160888671875
train/loss,22922,2.7776615619659424
train/loss,22972,2.809323787689209
train/loss,23022,2.7547972202301025
train/loss,23072,2.7320899963378906
train/loss,23122,2.8325910568237305
train/loss,23216,2.694700002670288
train/loss,23266,2.7035202980041504
train/loss,23316,2.76145076751709
train/loss,23366,2.83174204826355
train/loss,23416,2.758775234222412
train/loss,23466,2.7002298831939697
train/loss,23516,2.6846208572387695
train/loss,23566,2.787397861480713
train/loss,23616,2.727079153060913
train/loss,23666,2.8237502574920654
train/loss,23716,2.6483154296875
train/loss,23810,2.7165944576263428
train/loss,23860,2.7554168701171875
train/loss,23910,2.6835787296295166
train/loss,23960,2.7775979042053223
train/loss,24010,2.702772378921509
train/loss,24060,2.731729030609131
train/loss,24110,2.795520067214966
train/loss,24160,2.749998092651367
train/loss,24210,2.705902099609375
train/loss,24260,2.714071273803711
train/loss,24310,2.6988472938537598
train/loss,24404,2.701221466064453
train/loss,24454,2.706862211227417
train/loss,24504,2.74442982673645
train/loss,24554,2.6708614826202393
train/loss,24604,2.6152353286743164
train/loss,24654,2.6385977268218994
train/loss,24704,2.732638359069824
train/loss,24754,2.6896307468414307
train/loss,24804,2.7196638584136963
train/loss,24854,2.7288994789123535
train/loss,24904,2.706165313720703
train/loss,24998,2.719973564147949
train/loss,25048,2.7372357845306396
train/loss,25098,2.756247043609619
train/loss,25148,2.628542423248291
train/loss,25198,2.6551382541656494
train/loss,25248,2.715365409851074
train/loss,25298,2.61775541305542
train/loss,25348,2.6392271518707275
train/loss,25398,2.5658304691314697
train/loss,25448,2.6422626972198486
train/loss,25498,2.662301540374756
train/loss,25592,2.6611855030059814
train/loss,25642,2.624424457550049
train/loss,25692,2.6327908039093018
train/loss,25742,2.7765986919403076
train/loss,25792,2.601046085357666
train/loss,25842,2.6407506465911865
train/loss,25892,2.6868762969970703
train/loss,25942,2.6745193004608154
train/loss,25992,2.6975417137145996
train/loss,26042,2.6511309146881104
train/loss,26092,2.663907527923584
train/loss,26186,2.626098394393921
train/loss,26236,2.7538623809814453
train/loss,26286,2.7202694416046143
train/loss,26336,2.6031882762908936
train/loss,26386,2.6816747188568115
train/loss,26436,2.5702202320098877
train/loss,26486,2.6750235557556152
train/loss,26536,2.6430888175964355
train/loss,26586,2.549278736114502
train/loss,26636,2.6549298763275146
train/loss,26686,2.5575358867645264
train/loss,26780,2.5923774242401123
train/loss,26830,2.6738858222961426
train/loss,26880,2.6146650314331055
train/loss,26930,2.703355312347412
train/loss,26980,2.593792676925659
train/loss,27030,2.5882949829101562
train/loss,27080,2.6295018196105957
train/loss,27130,2.6464855670928955
train/loss,27180,2.5778822898864746
train/loss,27230,2.6569526195526123
train/loss,27280,2.6745247840881348
train/loss,27374,2.6629889011383057
train/loss,27424,2.642787456512451
train/loss,27474,2.603238821029663
train/loss,27524,2.599376678466797
train/loss,27574,2.6471779346466064
train/loss,27624,2.649109363555908
train/loss,27674,2.739394426345825
train/loss,27724,2.6201069355010986
train/loss,27774,2.6568727493286133
train/loss,27824,2.549286127090454
train/loss,27874,2.5536303520202637
train/loss,27968,2.588452100753784
train/loss,28018,2.6185057163238525
train/loss,28068,2.623572826385498
train/loss,28118,2.5810670852661133
train/loss,28168,2.6289024353027344
train/loss,28218,2.6272857189178467
train/loss,28268,2.655670642852783
train/loss,28318,2.6592020988464355
train/loss,28368,2.6683461666107178
train/loss,28418,2.530900716781616
train/loss,28468,2.5912890434265137
train/grad_norm,50,32.44872283935547
train/grad_norm,100,23.412540435791016
train/grad_norm,150,17.270130157470703
train/grad_norm,200,13.958479881286621
train/grad_norm,250,14.157857894897461
train/grad_norm,300,12.963881492614746
train/grad_norm,350,14.666107177734375
train/grad_norm,400,13.231817245483398
train/grad_norm,450,13.126442909240723
train/grad_norm,500,12.743179321289062
train/grad_norm,550,12.62105941772461
train/grad_norm,644,13.453967094421387
train/grad_norm,694,11.598700523376465
train/grad_norm,744,15.378338813781738
train/grad_norm,794,13.91620922088623
train/grad_norm,844,13.164374351501465
train/grad_norm,894,13.629693984985352
train/grad_norm,944,11.70079517364502
train/grad_norm,994,14.495763778686523
train/grad_norm,1044,13.264159202575684
train/grad_norm,1094,13.000686645507812
train/grad_norm,1144,14.804986953735352
train/grad_norm,1238,11.881669044494629
train/grad_norm,1288,12.478193283081055
train/grad_norm,1338,10.915739059448242
train/grad_norm,1388,13.478489875793457
train/grad_norm,1438,13.975251197814941
train/grad_norm,1488,10.81342887878418
train/grad_norm,1538,10.29759693145752
train/grad_norm,1588,12.669296264648438
train/grad_norm,1638,9.786622047424316
train/grad_norm,1688,10.967489242553711
train/grad_norm,1738,11.00374698638916
train/grad_norm,1832,10.46943473815918
train/grad_norm,1882,13.555314064025879
train/grad_norm,1932,10.148399353027344
train/grad_norm,1982,10.332588195800781
train/grad_norm,2032,11.925966262817383
train/grad_norm,2082,11.691506385803223
train/grad_norm,2132,12.12918472290039
train/grad_norm,2182,10.011589050292969
train/grad_norm,2232,9.711803436279297
train/grad_norm,2282,10.59133243560791
train/grad_norm,2332,10.78039264678955
train/grad_norm,2426,10.982154846191406
train/grad_norm,2476,10.286075592041016
train/grad_norm,2526,9.995933532714844
train/grad_norm,2576,10.480077743530273
train/grad_norm,2626,10.775986671447754
train/grad_norm,2676,10.875066757202148
train/grad_norm,2726,9.322077751159668
train/grad_norm,2776,10.73343563079834
train/grad_norm,2826,11.210515022277832
train/grad_norm,2876,10.599175453186035
train/grad_norm,2926,10.341639518737793
train/grad_norm,3020,9.731573104858398
train/grad_norm,3070,10.935345649719238
train/grad_norm,3120,9.574226379394531
train/grad_norm,3170,9.95100212097168
train/grad_norm,3220,10.274898529052734
train/grad_norm,3270,10.167835235595703
train/grad_norm,3320,10.143514633178711
train/grad_norm,3370,11.59636116027832
train/grad_norm,3420,10.191131591796875
train/grad_norm,3470,10.668621063232422
train/grad_norm,3520,9.800918579101562
train/grad_norm,3614,11.410493850708008
train/grad_norm,3664,9.006111145019531
train/grad_norm,3714,9.669371604919434
train/grad_norm,3764,9.659652709960938
train/grad_norm,3814,9.694759368896484
train/grad_norm,3864,10.53215503692627
train/grad_norm,3914,10.348114013671875
train/grad_norm,3964,10.16759204864502
train/grad_norm,4014,11.29993724822998
train/grad_norm,4064,10.643830299377441
train/grad_norm,4114,8.681944847106934
train/grad_norm,4208,10.418304443359375
train/grad_norm,4258,9.590740203857422
train/grad_norm,4308,9.678924560546875
train/grad_norm,4358,10.049468040466309
train/grad_norm,4408,9.398097038269043
train/grad_norm,4458,9.99018669128418
train/grad_norm,4508,10.154877662658691
train/grad_norm,4558,13.005809783935547
train/grad_norm,4608,10.363617897033691
train/grad_norm,4658,10.270625114440918
train/grad_norm,4708,9.724452018737793
train/grad_norm,4802,9.409852981567383
train/grad_norm,4852,10.153517723083496
train/grad_norm,4902,10.28424072265625
train/grad_norm,4952,11.927263259887695
train/grad_norm,5002,10.695219993591309
train/grad_norm,5052,9.895315170288086
train/grad_norm,5102,11.15380859375
train/grad_norm,5152,9.464083671569824
train/grad_norm,5202,9.651872634887695
train/grad_norm,5252,10.303982734680176
train/grad_norm,5302,9.601837158203125
train/grad_norm,5396,10.151662826538086
train/grad_norm,5446,11.41236686706543
train/grad_norm,5496,11.041759490966797
train/grad_norm,5546,9.66164493560791
train/grad_norm,5596,9.595134735107422
train/grad_norm,5646,10.050562858581543
train/grad_norm,5696,9.602705001831055
train/grad_norm,5746,9.726789474487305
train/grad_norm,5796,10.742508888244629
train/grad_norm,5846,9.820478439331055
train/grad_norm,5896,9.561711311340332
train/grad_norm,5990,10.965677261352539
train/grad_norm,6040,10.165148735046387
train/grad_norm,6090,10.516200065612793
train/grad_norm,6140,10.162075996398926
train/grad_norm,6190,10.086345672607422
train/grad_norm,6240,8.927041053771973
train/grad_norm,6290,10.361964225769043
train/grad_norm,6340,11.050247192382812
train/grad_norm,6390,11.119155883789062
train/grad_norm,6440,9.896268844604492
train/grad_norm,6490,9.95098876953125
train/grad_norm,6584,9.46945571899414
train/grad_norm,6634,9.890703201293945
train/grad_norm,6684,9.854879379272461
train/grad_norm,6734,10.15165901184082
train/grad_norm,6784,10.484262466430664
train/grad_norm,6834,9.881279945373535
train/grad_norm,6884,9.637097358703613
train/grad_norm,6934,9.937004089355469
train/grad_norm,6984,11.029117584228516
train/grad_norm,7034,10.527763366699219
train/grad_norm,7084,9.99775505065918
train/grad_norm,7178,9.807757377624512
train/grad_norm,7228,9.688849449157715
train/grad_norm,7278,9.853522300720215
train/grad_norm,7328,9.620152473449707
train/grad_norm,7378,10.551547050476074
train/grad_norm,7428,9.730209350585938
train/grad_norm,7478,9.447495460510254
train/grad_norm,7528,9.870744705200195
train/grad_norm,7578,9.798913955688477
train/grad_norm,7628,10.058052062988281
train/grad_norm,7678,10.469429016113281
train/grad_norm,7772,9.655426025390625
train/grad_norm,7822,9.852795600891113
train/grad_norm,7872,9.287727355957031
train/grad_norm,7922,9.487934112548828
train/grad_norm,7972,9.99123477935791
train/grad_norm,8022,10.09526538848877
train/grad_norm,8072,10.948286056518555
train/grad_norm,8122,9.917966842651367
train/grad_norm,8172,9.914770126342773
train/grad_norm,8222,9.586064338684082
train/grad_norm,8272,10.154294967651367
train/grad_norm,8366,10.633479118347168
train/grad_norm,8416,9.940471649169922
train/grad_norm,8466,10.06795597076416
train/grad_norm,8516,9.412626266479492
train/grad_norm,8566,10.786961555480957
train/grad_norm,8616,10.516429901123047
train/grad_norm,8666,10.588976860046387
train/grad_norm,8716,9.934378623962402
train/grad_norm,8766,9.399898529052734
train/grad_norm,8816,9.975873947143555
train/grad_norm,8866,9.443906784057617
train/grad_norm,8960,9.369206428527832
train/grad_norm,9010,9.374085426330566
train/grad_norm,9060,9.667789459228516
train/grad_norm,9110,10.649151802062988
train/grad_norm,9160,10.146644592285156
train/grad_norm,9210,9.858186721801758
train/grad_norm,9260,10.541136741638184
train/grad_norm,9310,9.680479049682617
train/grad_norm,9360,9.79458999633789
train/grad_norm,9410,9.924203872680664
train/grad_norm,9460,10.274849891662598
train/grad_norm,9554,10.458304405212402
train/grad_norm,9604,10.381660461425781
train/grad_norm,9654,9.403655052185059
train/grad_norm,9704,9.95010757446289
train/grad_norm,9754,10.317582130432129
train/grad_norm,9804,10.096397399902344
train/grad_norm,9854,9.80158519744873
train/grad_norm,9904,10.486291885375977
train/grad_norm,9954,11.17158031463623
train/grad_norm,10004,9.457435607910156
train/grad_norm,10054,9.825940132141113
train/grad_norm,10148,9.714371681213379
train/grad_norm,10198,10.759480476379395
train/grad_norm,10248,9.570338249206543
train/grad_norm,10298,9.493085861206055
train/grad_norm,10348,10.293450355529785
train/grad_norm,10398,10.16385555267334
train/grad_norm,10448,9.509716987609863
train/grad_norm,10498,10.230360984802246
train/grad_norm,10548,9.529595375061035
train/grad_norm,10598,9.857105255126953
train/grad_norm,10648,11.0261869430542
train/grad_norm,10742,10.356398582458496
train/grad_norm,10792,9.842015266418457
train/grad_norm,10842,9.081192016601562
train/grad_norm,10892,9.09760570526123
train/grad_norm,10942,10.029919624328613
train/grad_norm,10992,10.004759788513184
train/grad_norm,11042,9.793323516845703
train/grad_norm,11092,10.14488697052002
train/grad_norm,11142,10.478413581848145
train/grad_norm,11192,10.116854667663574
train/grad_norm,11242,10.144322395324707
train/grad_norm,11336,10.298511505126953
train/grad_norm,11386,9.019126892089844
train/grad_norm,11436,10.797586441040039
train/grad_norm,11486,8.873030662536621
train/grad_norm,11536,10.609636306762695
train/grad_norm,11586,10.814739227294922
train/grad_norm,11636,9.890207290649414
train/grad_norm,11686,9.617042541503906
train/grad_norm,11736,9.994729995727539
train/grad_norm,11786,9.449848175048828
train/grad_norm,11836,10.104177474975586
train/grad_norm,11930,10.505474090576172
train/grad_norm,11980,9.69074821472168
train/grad_norm,12030,10.814652442932129
train/grad_norm,12080,9.90956974029541
train/grad_norm,12130,10.735673904418945
train/grad_norm,12180,10.367959022521973
train/grad_norm,12230,9.750039100646973
train/grad_norm,12280,9.932068824768066
train/grad_norm,12330,10.621129989624023
train/grad_norm,12380,11.192926406860352
train/grad_norm,12430,9.945603370666504
train/grad_norm,12524,10.537662506103516
train/grad_norm,12574,10.270890235900879
train/grad_norm,12624,10.260051727294922
train/grad_norm,12674,9.795598030090332
train/grad_norm,12724,10.36828327178955
train/grad_norm,12774,10.00979995727539
train/grad_norm,12824,9.728447914123535
train/grad_norm,12874,9.603403091430664
train/grad_norm,12924,10.38415813446045
train/grad_norm,12974,10.190707206726074
train/grad_norm,13024,10.215709686279297
train/grad_norm,13118,10.837959289550781
train/grad_norm,13168,10.391120910644531
train/grad_norm,13218,10.31423282623291
train/grad_norm,13268,10.290193557739258
train/grad_norm,13318,10.396310806274414
train/grad_norm,13368,10.290862083435059
train/grad_norm,13418,10.324378967285156
train/grad_norm,13468,9.867683410644531
train/grad_norm,13518,11.153103828430176
train/grad_norm,13568,11.044110298156738
train/grad_norm,13618,9.954192161560059
train/grad_norm,13712,10.329010963439941
train/grad_norm,13762,9.840957641601562
train/grad_norm,13812,12.277263641357422
train/grad_norm,13862,10.79445743560791
train/grad_norm,13912,10.335555076599121
train/grad_norm,13962,10.095345497131348
train/grad_norm,14012,10.002552032470703
train/grad_norm,14062,9.721171379089355
train/grad_norm,14112,10.061542510986328
train/grad_norm,14162,10.847427368164062
train/grad_norm,14212,9.556840896606445
train/grad_norm,14306,34.734413146972656
train/grad_norm,14356,17.382375717163086
train/grad_norm,14406,17.33422088623047
train/grad_norm,14456,16.983989715576172
train/grad_norm,14506,17.4410343170166
train/grad_norm,14556,17.094985961914062
train/grad_norm,14606,17.535356521606445
train/grad_norm,14656,18.91537857055664
train/grad_norm,14706,18.769502639770508
train/grad_norm,14756,16.624000549316406
train/grad_norm,14806,15.946038246154785
train/grad_norm,14900,18.25745391845703
train/grad_norm,14950,18.184812545776367
train/grad_norm,15000,17.153030395507812
train/grad_norm,15050,19.33914566040039
train/grad_norm,15100,17.502042770385742
train/grad_norm,15150,17.950607299804688
train/grad_norm,15200,19.15569305419922
train/grad_norm,15250,17.65704917907715
train/grad_norm,15300,18.86899757385254
train/grad_norm,15350,16.19519805908203
train/grad_norm,15400,18.109981536865234
train/grad_norm,15494,18.005956649780273
train/grad_norm,15544,16.337602615356445
train/grad_norm,15594,18.58226203918457
train/grad_norm,15644,19.5333194732666
train/grad_norm,15694,18.912315368652344
train/grad_norm,15744,17.343584060668945
train/grad_norm,15794,17.59855079650879
train/grad_norm,15844,19.358396530151367
train/grad_norm,15894,19.8294734954834
train/grad_norm,15944,18.458723068237305
train/grad_norm,15994,20.754575729370117
train/grad_norm,16088,19.11159324645996
train/grad_norm,16138,19.06927490234375
train/grad_norm,16188,17.11945915222168
train/grad_norm,16238,17.484338760375977
train/grad_norm,16288,18.221799850463867
train/grad_norm,16338,18.433950424194336
train/grad_norm,16388,18.013349533081055
train/grad_norm,16438,17.848155975341797
train/grad_norm,16488,20.110260009765625
train/grad_norm,16538,18.733745574951172
train/grad_norm,16588,19.74244499206543
train/grad_norm,16682,18.582069396972656
train/grad_norm,16732,17.76683235168457
train/grad_norm,16782,17.393749237060547
train/grad_norm,16832,18.398942947387695
train/grad_norm,16882,18.83750343322754
train/grad_norm,16932,17.162639617919922
train/grad_norm,16982,17.861440658569336
train/grad_norm,17032,19.942110061645508
train/grad_norm,17082,18.499980926513672
train/grad_norm,17132,21.408430099487305
train/grad_norm,17182,18.056058883666992
train/grad_norm,17276,19.788070678710938
train/grad_norm,17326,19.381620407104492
train/grad_norm,17376,18.865392684936523
train/grad_norm,17426,21.010574340820312
train/grad_norm,17476,19.53546714782715
train/grad_norm,17526,19.697322845458984
train/grad_norm,17576,19.00813102722168
train/grad_norm,17626,18.480350494384766
train/grad_norm,17676,17.973852157592773
train/grad_norm,17726,19.43488121032715
train/grad_norm,17776,21.253849029541016
train/grad_norm,17870,18.030275344848633
train/grad_norm,17920,18.566316604614258
train/grad_norm,17970,19.66023063659668
train/grad_norm,18020,20.267778396606445
train/grad_norm,18070,19.73554039001465
train/grad_norm,18120,21.1524600982666
train/grad_norm,18170,22.891782760620117
train/grad_norm,18220,18.85544204711914
train/grad_norm,18270,20.596221923828125
train/grad_norm,18320,19.7893009185791
train/grad_norm,18370,20.68115997314453
train/grad_norm,18464,20.409564971923828
train/grad_norm,18514,19.676082611083984
train/grad_norm,18564,19.261280059814453
train/grad_norm,18614,22.026403427124023
train/grad_norm,18664,22.486528396606445
train/grad_norm,18714,21.662328720092773
train/grad_norm,18764,20.916027069091797
train/grad_norm,18814,20.46729850769043
train/grad_norm,18864,21.566503524780273
train/grad_norm,18914,19.971830368041992
train/grad_norm,18964,22.076454162597656
train/grad_norm,19058,20.647493362426758
train/grad_norm,19108,21.873491287231445
train/grad_norm,19158,21.789461135864258
train/grad_norm,19208,23.601945877075195
train/grad_norm,19258,19.527978897094727
train/grad_norm,19308,22.8915958404541
train/grad_norm,19358,23.066469192504883
train/grad_norm,19408,21.126266479492188
train/grad_norm,19458,22.321533203125
train/grad_norm,19508,20.65618896484375
train/grad_norm,19558,22.66337776184082
train/grad_norm,19652,20.780086517333984
train/grad_norm,19702,21.05819320678711
train/grad_norm,19752,21.590797424316406
train/grad_norm,19802,20.5269775390625
train/grad_norm,19852,24.304080963134766
train/grad_norm,19902,22.43358612060547
train/grad_norm,19952,22.63920783996582
train/grad_norm,20002,24.84823226928711
train/grad_norm,20052,23.858781814575195
train/grad_norm,20102,21.46814727783203
train/grad_norm,20152,20.168968200683594
train/grad_norm,20246,24.149703979492188
train/grad_norm,20296,21.737110137939453
train/grad_norm,20346,23.2559814453125
train/grad_norm,20396,24.449909210205078
train/grad_norm,20446,23.845184326171875
train/grad_norm,20496,23.10003089904785
train/grad_norm,20546,23.167802810668945
train/grad_norm,20596,23.675128936767578
train/grad_norm,20646,23.375837326049805
train/grad_norm,20696,22.83434295654297
train/grad_norm,20746,24.654123306274414
train/grad_norm,20840,22.042325973510742
train/grad_norm,20890,22.92997932434082
train/grad_norm,20940,25.347938537597656
train/grad_norm,20990,23.287677764892578
train/grad_norm,21040,24.41413688659668
train/grad_norm,21090,24.145761489868164
train/grad_norm,21140,24.49110221862793
train/grad_norm,21190,23.052858352661133
train/grad_norm,21240,24.217411041259766
train/grad_norm,21290,24.323610305786133
train/grad_norm,21340,22.658748626708984
train/grad_norm,21434,25.643085479736328
train/grad_norm,21484,25.278282165527344
train/grad_norm,21534,23.84737777709961
train/grad_norm,21584,28.11362075805664
train/grad_norm,21634,23.09462547302246
train/grad_norm,21684,25.103195190429688
train/grad_norm,21734,24.818439483642578
train/grad_norm,21784,25.548954010009766
train/grad_norm,21834,29.827857971191406
train/grad_norm,21884,24.30085563659668
train/grad_norm,21934,23.099523544311523
train/grad_norm,22028,23.284854888916016
train/grad_norm,22078,26.41554832458496
train/grad_norm,22128,24.815893173217773
train/grad_norm,22178,25.743318557739258
train/grad_norm,22228,26.285118103027344
train/grad_norm,22278,27.214317321777344
train/grad_norm,22328,29.76169204711914
train/grad_norm,22378,24.774566650390625
train/grad_norm,22428,26.813800811767578
train/grad_norm,22478,26.941316604614258
train/grad_norm,22528,29.513463973999023
train/grad_norm,22622,27.583309173583984
train/grad_norm,22672,25.186397552490234
train/grad_norm,22722,26.85847282409668
train/grad_norm,22772,28.800851821899414
train/grad_norm,22822,26.911518096923828
train/grad_norm,22872,28.392337799072266
train/grad_norm,22922,24.95523452758789
train/grad_norm,22972,28.42616081237793
train/grad_norm,23022,27.194549560546875
train/grad_norm,23072,26.163293838500977
train/grad_norm,23122,30.790164947509766
train/grad_norm,23216,25.810009002685547
train/grad_norm,23266,25.31802749633789
train/grad_norm,23316,29.15224266052246
train/grad_norm,23366,28.928218841552734
train/grad_norm,23416,28.9135684967041
train/grad_norm,23466,27.68787384033203
train/grad_norm,23516,28.473262786865234
train/grad_norm,23566,28.81485939025879
train/grad_norm,23616,28.525514602661133
train/grad_norm,23666,31.962949752807617
train/grad_norm,23716,29.72182273864746
train/grad_norm,23810,25.45197296142578
train/grad_norm,23860,31.248680114746094
train/grad_norm,23910,30.942686080932617
train/grad_norm,23960,28.48282241821289
train/grad_norm,24010,29.096187591552734
train/grad_norm,24060,29.396390914916992
train/grad_norm,24110,35.291690826416016
train/grad_norm,24160,30.54225730895996
train/grad_norm,24210,28.4728946685791
train/grad_norm,24260,31.337139129638672
train/grad_norm,24310,25.671142578125
train/grad_norm,24404,32.917903900146484
train/grad_norm,24454,29.350154876708984
train/grad_norm,24504,31.679887771606445
train/grad_norm,24554,26.300203323364258
train/grad_norm,24604,28.33365821838379
train/grad_norm,24654,27.302642822265625
train/grad_norm,24704,29.150367736816406
train/grad_norm,24754,29.476003646850586
train/grad_norm,24804,32.5051383972168
train/grad_norm,24854,34.07942199707031
train/grad_norm,24904,31.820079803466797
train/grad_norm,24998,28.855186462402344
train/grad_norm,25048,31.576011657714844
train/grad_norm,25098,29.566286087036133
train/grad_norm,25148,29.021892547607422
train/grad_norm,25198,31.099872589111328
train/grad_norm,25248,34.1787109375
train/grad_norm,25298,33.495849609375
train/grad_norm,25348,28.259384155273438
train/grad_norm,25398,30.851505279541016
train/grad_norm,25448,32.13277053833008
train/grad_norm,25498,33.719844818115234
train/grad_norm,25592,26.805282592773438
train/grad_norm,25642,32.452354431152344
train/grad_norm,25692,28.76847267150879
train/grad_norm,25742,35.627586364746094
train/grad_norm,25792,inf
train/grad_norm,25842,35.791019439697266
train/grad_norm,25892,32.607872009277344
train/grad_norm,25942,30.914060592651367
train/grad_norm,25992,inf
train/grad_norm,26042,34.626708984375
train/grad_norm,26092,33.43551254272461
train/grad_norm,26186,32.26377487182617
train/grad_norm,26236,inf
train/grad_norm,26286,37.36079788208008
train/grad_norm,26336,26.038330078125
train/grad_norm,26386,33.28438949584961
train/grad_norm,26436,26.912609100341797
train/grad_norm,26486,29.412113189697266
train/grad_norm,26536,30.945575714111328
train/grad_norm,26586,27.690391540527344
train/grad_norm,26636,36.07805633544922
train/grad_norm,26686,30.433631896972656
train/grad_norm,26780,32.96836471557617
train/grad_norm,26830,31.389266967773438
train/grad_norm,26880,28.035409927368164
train/grad_norm,26930,32.152252197265625
train/grad_norm,26980,30.190881729125977
train/grad_norm,27030,inf
train/grad_norm,27080,34.193359375
train/grad_norm,27130,31.421968460083008
train/grad_norm,27180,31.16191291809082
train/grad_norm,27230,31.686931610107422
train/grad_norm,27280,37.69845962524414
train/grad_norm,27374,33.228515625
train/grad_norm,27424,31.815689086914062
train/grad_norm,27474,inf
train/grad_norm,27524,31.975614547729492
train/grad_norm,27574,32.80949020385742
train/grad_norm,27624,29.996768951416016
train/grad_norm,27674,34.3941535949707
train/grad_norm,27724,30.69674301147461
train/grad_norm,27774,inf
train/grad_norm,27824,28.994964599609375
train/grad_norm,27874,28.393417358398438
train/grad_norm,27968,28.878528594970703
train/grad_norm,28018,30.902204513549805
train/grad_norm,28068,26.84430694580078
train/grad_norm,28118,27.469202041625977
train/grad_norm,28168,32.06481170654297
train/grad_norm,28218,inf
train/grad_norm,28268,30.688180923461914
train/grad_norm,28318,32.89611053466797
train/grad_norm,28368,inf
train/grad_norm,28418,30.562368392944336
train/grad_norm,28468,inf
learning_rate,50,2.497549985491787e-06
learning_rate,100,4.995049948774977e-06
learning_rate,150,7.492550139431842e-06
learning_rate,200,9.990049875341356e-06
learning_rate,250,1.248754961125087e-05
learning_rate,300,1.4985050256655086e-05
learning_rate,350,1.7482550902059302e-05
learning_rate,400,1.9980050637968816e-05
learning_rate,450,2.247755037387833e-05
learning_rate,500,2.4975050109787844e-05
learning_rate,550,2.7472549845697358e-05
learning_rate,595,2.967034924949985e-05
learning_rate,644,3.213343006791547e-05
learning_rate,694,3.4628257708391175e-05
learning_rate,744,3.712308534886688e-05
learning_rate,794,3.9617912989342585e-05
learning_rate,844,4.211274062981829e-05
learning_rate,894,4.4607568270293996e-05
learning_rate,944,4.71023959107697e-05
learning_rate,994,4.9597223551245406e-05
learning_rate,1044,4.994649862055667e-05
learning_rate,1094,4.994649862055667e-05
learning_rate,1144,4.994649862055667e-05
learning_rate,1189,4.994649862055667e-05
learning_rate,1238,4.978622746421024e-05
learning_rate,1288,4.978622746421024e-05
learning_rate,1338,4.978622746421024e-05
learning_rate,1388,4.978622746421024e-05
learning_rate,1438,4.978622746421024e-05
learning_rate,1488,4.978622746421024e-05
learning_rate,1538,4.978622746421024e-05
learning_rate,1588,4.978622746421024e-05
learning_rate,1638,4.978622746421024e-05
learning_rate,1688,4.978622746421024e-05
learning_rate,1738,4.978622746421024e-05
learning_rate,1783,4.978622746421024e-05
learning_rate,1832,4.951987284584902e-05
learning_rate,1882,4.951987284584902e-05
learning_rate,1932,4.951987284584902e-05
learning_rate,1982,4.951987284584902e-05
learning_rate,2032,4.951987284584902e-05
learning_rate,2082,4.951987284584902e-05
learning_rate,2132,4.951987284584902e-05
learning_rate,2182,4.951987284584902e-05
learning_rate,2232,4.951987284584902e-05
learning_rate,2282,4.951987284584902e-05
learning_rate,2332,4.951987284584902e-05
learning_rate,2377,4.951987284584902e-05
learning_rate,2426,4.914856981486082e-05
learning_rate,2476,4.914856981486082e-05
learning_rate,2526,4.914856981486082e-05
learning_rate,2576,4.914856981486082e-05
learning_rate,2626,4.914856981486082e-05
learning_rate,2676,4.914856981486082e-05
learning_rate,2726,4.914856981486082e-05
learning_rate,2776,4.914856981486082e-05
learning_rate,2826,4.914856981486082e-05
learning_rate,2876,4.914856981486082e-05
learning_rate,2926,4.914856981486082e-05
learning_rate,2971,4.914856981486082e-05
learning_rate,3020,4.867391544394195e-05
learning_rate,3070,4.867391544394195e-05
learning_rate,3120,4.867391544394195e-05
learning_rate,3170,4.867391544394195e-05
learning_rate,3220,4.867391544394195e-05
learning_rate,3270,4.867391544394195e-05
learning_rate,3320,4.867391544394195e-05
learning_rate,3370,4.867391544394195e-05
learning_rate,3420,4.867391544394195e-05
learning_rate,3470,4.867391544394195e-05
learning_rate,3520,4.867391544394195e-05
learning_rate,3565,4.867391544394195e-05
learning_rate,3614,4.809793972526677e-05
learning_rate,3664,4.809793972526677e-05
learning_rate,3714,4.809793972526677e-05
learning_rate,3764,4.809793972526677e-05
learning_rate,3814,4.809793972526677e-05
learning_rate,3864,4.809793972526677e-05
learning_rate,3914,4.809793972526677e-05
learning_rate,3964,4.809793972526677e-05
learning_rate,4014,4.809793972526677e-05
learning_rate,4064,4.809793972526677e-05
learning_rate,4114,4.809793972526677e-05
learning_rate,4159,4.809793972526677e-05
learning_rate,4208,4.7423109208466485e-05
learning_rate,4258,4.7423109208466485e-05
learning_rate,4308,4.7423109208466485e-05
learning_rate,4358,4.7423109208466485e-05
learning_rate,4408,4.7423109208466485e-05
learning_rate,4458,4.7423109208466485e-05
learning_rate,4508,4.7423109208466485e-05
learning_rate,4558,4.7423109208466485e-05
learning_rate,4608,4.7423109208466485e-05
learning_rate,4658,4.7423109208466485e-05
learning_rate,4708,4.7423109208466485e-05
learning_rate,4753,4.7423109208466485e-05
learning_rate,4802,4.665230881073512e-05
learning_rate,4852,4.665230881073512e-05
learning_rate,4902,4.665230881073512e-05
learning_rate,4952,4.665230881073512e-05
learning_rate,5002,4.665230881073512e-05
learning_rate,5052,4.665230881073512e-05
learning_rate,5102,4.665230881073512e-05
learning_rate,5152,4.665230881073512e-05
learning_rate,5202,4.665230881073512e-05
learning_rate,5252,4.665230881073512e-05
learning_rate,5302,4.665230881073512e-05
learning_rate,5347,4.665230881073512e-05
learning_rate,5396,4.5788845454808325e-05
learning_rate,5446,4.5788845454808325e-05
learning_rate,5496,4.5788845454808325e-05
learning_rate,5546,4.5788845454808325e-05
learning_rate,5596,4.5788845454808325e-05
learning_rate,5646,4.5788845454808325e-05
learning_rate,5696,4.5788845454808325e-05
learning_rate,5746,4.5788845454808325e-05
learning_rate,5796,4.5788845454808325e-05
learning_rate,5846,4.5788845454808325e-05
learning_rate,5896,4.5788845454808325e-05
learning_rate,5941,4.5788845454808325e-05
learning_rate,5990,4.48364153271541e-05
learning_rate,6040,4.48364153271541e-05
learning_rate,6090,4.48364153271541e-05
learning_rate,6140,4.48364153271541e-05
learning_rate,6190,4.48364153271541e-05
learning_rate,6240,4.48364153271541e-05
learning_rate,6290,4.48364153271541e-05
learning_rate,6340,4.48364153271541e-05
learning_rate,6390,4.48364153271541e-05
learning_rate,6440,4.48364153271541e-05
learning_rate,6490,4.48364153271541e-05
learning_rate,6535,4.48364153271541e-05
learning_rate,6584,4.37990966020152e-05
learning_rate,6634,4.37990966020152e-05
learning_rate,6684,4.37990966020152e-05
learning_rate,6734,4.37990966020152e-05
learning_rate,6784,4.37990966020152e-05
learning_rate,6834,4.37990966020152e-05
learning_rate,6884,4.37990966020152e-05
learning_rate,6934,4.37990966020152e-05
learning_rate,6984,4.37990966020152e-05
learning_rate,7034,4.37990966020152e-05
learning_rate,7084,4.37990966020152e-05
learning_rate,7129,4.37990966020152e-05
learning_rate,7178,4.2681331251515076e-05
learning_rate,7228,4.2681331251515076e-05
learning_rate,7278,4.2681331251515076e-05
learning_rate,7328,4.2681331251515076e-05
learning_rate,7378,4.2681331251515076e-05
learning_rate,7428,4.2681331251515076e-05
learning_rate,7478,4.2681331251515076e-05
learning_rate,7528,4.2681331251515076e-05
learning_rate,7578,4.2681331251515076e-05
learning_rate,7628,4.2681331251515076e-05
learning_rate,7678,4.2681331251515076e-05
learning_rate,7723,4.2681331251515076e-05
learning_rate,7772,4.148790321778506e-05
learning_rate,7822,4.148790321778506e-05
learning_rate,7872,4.148790321778506e-05
learning_rate,7922,4.148790321778506e-05
learning_rate,7972,4.148790321778506e-05
learning_rate,8022,4.148790321778506e-05
learning_rate,8072,4.148790321778506e-05
learning_rate,8122,4.148790321778506e-05
learning_rate,8172,4.148790321778506e-05
learning_rate,8222,4.148790321778506e-05
learning_rate,8272,4.148790321778506e-05
learning_rate,8317,4.148790321778506e-05
learning_rate,8366,4.022392749902792e-05
learning_rate,8416,4.022392749902792e-05
learning_rate,8466,4.022392749902792e-05
learning_rate,8516,4.022392749902792e-05
learning_rate,8566,4.022392749902792e-05
learning_rate,8616,4.022392749902792e-05
learning_rate,8666,4.022392749902792e-05
learning_rate,8716,4.022392749902792e-05
learning_rate,8766,4.022392749902792e-05
learning_rate,8816,4.022392749902792e-05
learning_rate,8866,4.022392749902792e-05
learning_rate,8911,4.022392749902792e-05
learning_rate,8960,3.8894810131751e-05
learning_rate,9010,3.8894810131751e-05
learning_rate,9060,3.8894810131751e-05
learning_rate,9110,3.8894810131751e-05
learning_rate,9160,3.8894810131751e-05
learning_rate,9210,3.8894810131751e-05
learning_rate,9260,3.8894810131751e-05
learning_rate,9310,3.8894810131751e-05
learning_rate,9360,3.8894810131751e-05
learning_rate,9410,3.8894810131751e-05
learning_rate,9460,3.8894810131751e-05
learning_rate,9505,3.8894810131751e-05
learning_rate,9554,3.75062481907662e-05
learning_rate,9604,3.75062481907662e-05
learning_rate,9654,3.75062481907662e-05
learning_rate,9704,3.75062481907662e-05
learning_rate,9754,3.75062481907662e-05
learning_rate,9804,3.75062481907662e-05
learning_rate,9854,3.75062481907662e-05
learning_rate,9904,3.75062481907662e-05
learning_rate,9954,3.75062481907662e-05
learning_rate,10004,3.75062481907662e-05
learning_rate,10054,3.75062481907662e-05
learning_rate,10099,3.75062481907662e-05
learning_rate,10148,3.6064189771423116e-05
learning_rate,10198,3.6064189771423116e-05
learning_rate,10248,3.6064189771423116e-05
learning_rate,10298,3.6064189771423116e-05
learning_rate,10348,3.6064189771423116e-05
learning_rate,10398,3.6064189771423116e-05
learning_rate,10448,3.6064189771423116e-05
learning_rate,10498,3.6064189771423116e-05
learning_rate,10548,3.6064189771423116e-05
learning_rate,10598,3.6064189771423116e-05
learning_rate,10648,3.6064189771423116e-05
learning_rate,10693,3.6064189771423116e-05
learning_rate,10742,3.457480124779977e-05
learning_rate,10792,3.457480124779977e-05
learning_rate,10842,3.457480124779977e-05
learning_rate,10892,3.457480124779977e-05
learning_rate,10942,3.457480124779977e-05
learning_rate,10992,3.457480124779977e-05
learning_rate,11042,3.457480124779977e-05
learning_rate,11092,3.457480124779977e-05
learning_rate,11142,3.457480124779977e-05
learning_rate,11192,3.457480124779977e-05
learning_rate,11242,3.457480124779977e-05
learning_rate,11287,3.457480124779977e-05
learning_rate,11336,3.3044467272702605e-05
learning_rate,11386,3.3044467272702605e-05
learning_rate,11436,3.3044467272702605e-05
learning_rate,11486,3.3044467272702605e-05
learning_rate,11536,3.3044467272702605e-05
learning_rate,11586,3.3044467272702605e-05
learning_rate,11636,3.3044467272702605e-05
learning_rate,11686,3.3044467272702605e-05
learning_rate,11736,3.3044467272702605e-05
learning_rate,11786,3.3044467272702605e-05
learning_rate,11836,3.3044467272702605e-05
learning_rate,11881,3.3044467272702605e-05
learning_rate,11930,3.1479739845963195e-05
learning_rate,11980,3.1479739845963195e-05
learning_rate,12030,3.1479739845963195e-05
learning_rate,12080,3.1479739845963195e-05
learning_rate,12130,3.1479739845963195e-05
learning_rate,12180,3.1479739845963195e-05
learning_rate,12230,3.1479739845963195e-05
learning_rate,12280,3.1479739845963195e-05
learning_rate,12330,3.1479739845963195e-05
learning_rate,12380,3.1479739845963195e-05
learning_rate,12430,3.1479739845963195e-05
learning_rate,12475,3.1479739845963195e-05
learning_rate,12524,2.9887320124544203e-05
learning_rate,12574,2.9887320124544203e-05
learning_rate,12624,2.9887320124544203e-05
learning_rate,12674,2.9887320124544203e-05
learning_rate,12724,2.9887320124544203e-05
learning_rate,12774,2.9887320124544203e-05
learning_rate,12824,2.9887320124544203e-05
learning_rate,12874,2.9887320124544203e-05
learning_rate,12924,2.9887320124544203e-05
learning_rate,12974,2.9887320124544203e-05
learning_rate,13024,2.9887320124544203e-05
learning_rate,13069,2.9887320124544203e-05
learning_rate,13118,2.8274023861740716e-05
learning_rate,13168,2.8274023861740716e-05
learning_rate,13218,2.8274023861740716e-05
learning_rate,13268,2.8274023861740716e-05
learning_rate,13318,2.8274023861740716e-05
learning_rate,13368,2.8274023861740716e-05
learning_rate,13418,2.8274023861740716e-05
learning_rate,13468,2.8274023861740716e-05
learning_rate,13518,2.8274023861740716e-05
learning_rate,13568,2.8274023861740716e-05
learning_rate,13618,2.8274023861740716e-05
learning_rate,13663,2.8274023861740716e-05
learning_rate,13712,2.6646761398296803e-05
learning_rate,13762,2.6646761398296803e-05
learning_rate,13812,2.6646761398296803e-05
learning_rate,13862,2.6646761398296803e-05
learning_rate,13912,2.6646761398296803e-05
learning_rate,13962,2.6646761398296803e-05
learning_rate,14012,2.6646761398296803e-05
learning_rate,14062,2.6646761398296803e-05
learning_rate,14112,2.6646761398296803e-05
learning_rate,14162,2.6646761398296803e-05
learning_rate,14212,2.6646761398296803e-05
learning_rate,14257,2.6646761398296803e-05
learning_rate,14306,2.5012499463628046e-05
learning_rate,14356,2.5012499463628046e-05
learning_rate,14406,2.5012499463628046e-05
learning_rate,14456,2.5012499463628046e-05
learning_rate,14506,2.5012499463628046e-05
learning_rate,14556,2.5012499463628046e-05
learning_rate,14606,2.5012499463628046e-05
learning_rate,14656,2.5012499463628046e-05
learning_rate,14706,2.5012499463628046e-05
learning_rate,14756,2.5012499463628046e-05
learning_rate,14806,2.5012499463628046e-05
learning_rate,14851,2.5012499463628046e-05
learning_rate,14900,2.3378239347948693e-05
learning_rate,14950,2.3378239347948693e-05
learning_rate,15000,2.3378239347948693e-05
learning_rate,15050,2.3378239347948693e-05
learning_rate,15100,2.3378239347948693e-05
learning_rate,15150,2.3378239347948693e-05
learning_rate,15200,2.3378239347948693e-05
learning_rate,15250,2.3378239347948693e-05
learning_rate,15300,2.3378239347948693e-05
learning_rate,15350,2.3378239347948693e-05
learning_rate,15400,2.3378239347948693e-05
learning_rate,15445,2.3378239347948693e-05
learning_rate,15494,2.175097688450478e-05
learning_rate,15544,2.175097688450478e-05
learning_rate,15594,2.175097688450478e-05
learning_rate,15644,2.175097688450478e-05
learning_rate,15694,2.175097688450478e-05
learning_rate,15744,2.175097688450478e-05
learning_rate,15794,2.175097688450478e-05
learning_rate,15844,2.175097688450478e-05
learning_rate,15894,2.175097688450478e-05
learning_rate,15944,2.175097688450478e-05
learning_rate,15994,2.175097688450478e-05
learning_rate,16039,2.175097688450478e-05
learning_rate,16088,2.0137680621701293e-05
learning_rate,16138,2.0137680621701293e-05
learning_rate,16188,2.0137680621701293e-05
learning_rate,16238,2.0137680621701293e-05
learning_rate,16288,2.0137680621701293e-05
learning_rate,16338,2.0137680621701293e-05
learning_rate,16388,2.0137680621701293e-05
learning_rate,16438,2.0137680621701293e-05
learning_rate,16488,2.0137680621701293e-05
learning_rate,16538,2.0137680621701293e-05
learning_rate,16588,2.0137680621701293e-05
learning_rate,16633,2.0137680621701293e-05
learning_rate,16682,1.8545259081292897e-05
learning_rate,16732,1.8545259081292897e-05
learning_rate,16782,1.8545259081292897e-05
learning_rate,16832,1.8545259081292897e-05
learning_rate,16882,1.8545259081292897e-05
learning_rate,16932,1.8545259081292897e-05
learning_rate,16982,1.8545259081292897e-05
learning_rate,17032,1.8545259081292897e-05
learning_rate,17082,1.8545259081292897e-05
learning_rate,17132,1.8545259081292897e-05
learning_rate,17182,1.8545259081292897e-05
learning_rate,17227,1.8545259081292897e-05
learning_rate,17276,1.6980531654553488e-05
learning_rate,17326,1.6980531654553488e-05
learning_rate,17376,1.6980531654553488e-05
learning_rate,17426,1.6980531654553488e-05
learning_rate,17476,1.6980531654553488e-05
learning_rate,17526,1.6980531654553488e-05
learning_rate,17576,1.6980531654553488e-05
learning_rate,17626,1.6980531654553488e-05
learning_rate,17676,1.6980531654553488e-05
learning_rate,17726,1.6980531654553488e-05
learning_rate,17776,1.6980531654553488e-05
learning_rate,17821,1.6980531654553488e-05
learning_rate,17870,1.5450197679456323e-05
learning_rate,17920,1.5450197679456323e-05
learning_rate,17970,1.5450197679456323e-05
learning_rate,18020,1.5450197679456323e-05
learning_rate,18070,1.5450197679456323e-05
learning_rate,18120,1.5450197679456323e-05
learning_rate,18170,1.5450197679456323e-05
learning_rate,18220,1.5450197679456323e-05
learning_rate,18270,1.5450197679456323e-05
learning_rate,18320,1.5450197679456323e-05
learning_rate,18370,1.5450197679456323e-05
learning_rate,18415,1.5450197679456323e-05
learning_rate,18464,1.396081097482238e-05
learning_rate,18514,1.396081097482238e-05
learning_rate,18564,1.396081097482238e-05
learning_rate,18614,1.396081097482238e-05
learning_rate,18664,1.396081097482238e-05
learning_rate,18714,1.396081097482238e-05
learning_rate,18764,1.396081097482238e-05
learning_rate,18814,1.396081097482238e-05
learning_rate,18864,1.396081097482238e-05
learning_rate,18914,1.396081097482238e-05
learning_rate,18964,1.396081097482238e-05
learning_rate,19009,1.396081097482238e-05
learning_rate,19058,1.251874982699519e-05
learning_rate,19108,1.251874982699519e-05
learning_rate,19158,1.251874982699519e-05
learning_rate,19208,1.251874982699519e-05
learning_rate,19258,1.251874982699519e-05
learning_rate,19308,1.251874982699519e-05
learning_rate,19358,1.251874982699519e-05
learning_rate,19408,1.251874982699519e-05
learning_rate,19458,1.251874982699519e-05
learning_rate,19508,1.251874982699519e-05
learning_rate,19558,1.251874982699519e-05
learning_rate,19603,1.251874982699519e-05
learning_rate,19652,1.1130188795505092e-05
learning_rate,19702,1.1130188795505092e-05
learning_rate,19752,1.1130188795505092e-05
learning_rate,19802,1.1130188795505092e-05
learning_rate,19852,1.1130188795505092e-05
learning_rate,19902,1.1130188795505092e-05
learning_rate,19952,1.1130188795505092e-05
learning_rate,20002,1.1130188795505092e-05
learning_rate,20052,1.1130188795505092e-05
learning_rate,20102,1.1130188795505092e-05
learning_rate,20152,1.1130188795505092e-05
learning_rate,20197,1.1130188795505092e-05
learning_rate,20246,9.801074156712275e-06
learning_rate,20296,9.801074156712275e-06
learning_rate,20346,9.801074156712275e-06
learning_rate,20396,9.801074156712275e-06
learning_rate,20446,9.801074156712275e-06
learning_rate,20496,9.801074156712275e-06
learning_rate,20546,9.801074156712275e-06
learning_rate,20596,9.801074156712275e-06
learning_rate,20646,9.801074156712275e-06
learning_rate,20696,9.801074156712275e-06
learning_rate,20746,9.801074156712275e-06
learning_rate,20791,9.801074156712275e-06
learning_rate,20840,8.537096618965734e-06
learning_rate,20890,8.537096618965734e-06
learning_rate,20940,8.537096618965734e-06
learning_rate,20990,8.537096618965734e-06
learning_rate,21040,8.537096618965734e-06
learning_rate,21090,8.537096618965734e-06
learning_rate,21140,8.537096618965734e-06
learning_rate,21190,8.537096618965734e-06
learning_rate,21240,8.537096618965734e-06
learning_rate,21290,8.537096618965734e-06
learning_rate,21340,8.537096618965734e-06
learning_rate,21385,8.537096618965734e-06
learning_rate,21434,7.34366949473042e-06
learning_rate,21484,7.34366949473042e-06
learning_rate,21534,7.34366949473042e-06
learning_rate,21584,7.34366949473042e-06
learning_rate,21634,7.34366949473042e-06
learning_rate,21684,7.34366949473042e-06
learning_rate,21734,7.34366949473042e-06
learning_rate,21784,7.34366949473042e-06
learning_rate,21834,7.34366949473042e-06
learning_rate,21884,7.34366949473042e-06
learning_rate,21934,7.34366949473042e-06
learning_rate,21979,7.34366949473042e-06
learning_rate,22028,6.225902779988246e-06
learning_rate,22078,6.225902779988246e-06
learning_rate,22128,6.225902779988246e-06
learning_rate,22178,6.225902779988246e-06
learning_rate,22228,6.225902779988246e-06
learning_rate,22278,6.225902779988246e-06
learning_rate,22328,6.225902779988246e-06
learning_rate,22378,6.225902779988246e-06
learning_rate,22428,6.225902779988246e-06
learning_rate,22478,6.225902779988246e-06
learning_rate,22528,6.225902779988246e-06
learning_rate,22573,6.225902779988246e-06
learning_rate,22622,5.1885836001019925e-06
learning_rate,22672,5.1885836001019925e-06
learning_rate,22722,5.1885836001019925e-06
learning_rate,22772,5.1885836001019925e-06
learning_rate,22822,5.1885836001019925e-06
learning_rate,22872,5.1885836001019925e-06
learning_rate,22922,5.1885836001019925e-06
learning_rate,22972,5.1885836001019925e-06
learning_rate,23022,5.1885836001019925e-06
learning_rate,23072,5.1885836001019925e-06
learning_rate,23122,5.1885836001019925e-06
learning_rate,23167,5.1885836001019925e-06
learning_rate,23216,4.236153017700417e-06
learning_rate,23266,4.236153017700417e-06
learning_rate,23316,4.236153017700417e-06
learning_rate,23366,4.236153017700417e-06
learning_rate,23416,4.236153017700417e-06
learning_rate,23466,4.236153017700417e-06
learning_rate,23516,4.236153017700417e-06
learning_rate,23566,4.236153017700417e-06
learning_rate,23616,4.236153017700417e-06
learning_rate,23666,4.236153017700417e-06
learning_rate,23716,4.236153017700417e-06
learning_rate,23761,4.236153017700417e-06
learning_rate,23810,3.372690116520971e-06
learning_rate,23860,3.372690116520971e-06
learning_rate,23910,3.372690116520971e-06
learning_rate,23960,3.372690116520971e-06
learning_rate,24010,3.372690116520971e-06
learning_rate,24060,3.372690116520971e-06
learning_rate,24110,3.372690116520971e-06
learning_rate,24160,3.372690116520971e-06
learning_rate,24210,3.372690116520971e-06
learning_rate,24260,3.372690116520971e-06
learning_rate,24310,3.372690116520971e-06
learning_rate,24355,3.372690116520971e-06
learning_rate,24404,2.6018924472737126e-06
learning_rate,24454,2.6018924472737126e-06
learning_rate,24504,2.6018924472737126e-06
learning_rate,24554,2.6018924472737126e-06
learning_rate,24604,2.6018924472737126e-06
learning_rate,24654,2.6018924472737126e-06
learning_rate,24704,2.6018924472737126e-06
learning_rate,24754,2.6018924472737126e-06
learning_rate,24804,2.6018924472737126e-06
learning_rate,24854,2.6018924472737126e-06
learning_rate,24904,2.6018924472737126e-06
learning_rate,24949,2.6018924472737126e-06
learning_rate,24998,1.9270601114840247e-06
learning_rate,25048,1.9270601114840247e-06
learning_rate,25098,1.9270601114840247e-06
learning_rate,25148,1.9270601114840247e-06
learning_rate,25198,1.9270601114840247e-06
learning_rate,25248,1.9270601114840247e-06
learning_rate,25298,1.9270601114840247e-06
learning_rate,25348,1.9270601114840247e-06
learning_rate,25398,1.9270601114840247e-06
learning_rate,25448,1.9270601114840247e-06
learning_rate,25498,1.9270601114840247e-06
learning_rate,25543,1.9270601114840247e-06
learning_rate,25592,1.351083369627304e-06
learning_rate,25642,1.351083369627304e-06
learning_rate,25692,1.351083369627304e-06
learning_rate,25742,1.351083369627304e-06
learning_rate,25792,1.351083369627304e-06
learning_rate,25842,1.351083369627304e-06
learning_rate,25892,1.351083369627304e-06
learning_rate,25942,1.351083369627304e-06
learning_rate,25992,1.351083369627304e-06
learning_rate,26042,1.351083369627304e-06
learning_rate,26092,1.351083369627304e-06
learning_rate,26137,1.351083369627304e-06
learning_rate,26186,8.764284302742453e-07
learning_rate,26236,8.764284302742453e-07
learning_rate,26286,8.764284302742453e-07
learning_rate,26336,8.764284302742453e-07
learning_rate,26386,8.764284302742453e-07
learning_rate,26436,8.764284302742453e-07
learning_rate,26486,8.764284302742453e-07
learning_rate,26536,8.764284302742453e-07
learning_rate,26586,8.764284302742453e-07
learning_rate,26636,8.764284302742453e-07
learning_rate,26686,8.764284302742453e-07
learning_rate,26731,8.764284302742453e-07
learning_rate,26780,5.05127786709636e-07
learning_rate,26830,5.05127786709636e-07
learning_rate,26880,5.05127786709636e-07
learning_rate,26930,5.05127786709636e-07
learning_rate,26980,5.05127786709636e-07
learning_rate,27030,5.05127786709636e-07
learning_rate,27080,5.05127786709636e-07
learning_rate,27130,5.05127786709636e-07
learning_rate,27180,5.05127786709636e-07
learning_rate,27230,5.05127786709636e-07
learning_rate,27280,5.05127786709636e-07
learning_rate,27325,5.05127786709636e-07
learning_rate,27374,2.3877151988926926e-07
learning_rate,27424,2.3877151988926926e-07
learning_rate,27474,2.3877151988926926e-07
learning_rate,27524,2.3877151988926926e-07
learning_rate,27574,2.3877151988926926e-07
learning_rate,27624,2.3877151988926926e-07
learning_rate,27674,2.3877151988926926e-07
learning_rate,27724,2.3877151988926926e-07
learning_rate,27774,2.3877151988926926e-07
learning_rate,27824,2.3877151988926926e-07
learning_rate,27874,2.3877151988926926e-07
learning_rate,27919,2.3877151988926926e-07
learning_rate,27968,7.850015748545047e-08
learning_rate,28018,7.850015748545047e-08
learning_rate,28068,7.850015748545047e-08
learning_rate,28118,7.850015748545047e-08
learning_rate,28168,7.850015748545047e-08
learning_rate,28218,7.850015748545047e-08
learning_rate,28268,7.850015748545047e-08
learning_rate,28318,7.850015748545047e-08
learning_rate,28368,7.850015748545047e-08
learning_rate,28418,7.850015748545047e-08
learning_rate,28468,7.850015748545047e-08
learning_rate,28513,7.850015748545047e-08
momentum,50,0.8999956846237183
momentum,100,0.8999823927879333
momentum,150,0.8999601006507874
momentum,200,0.899928867816925
momentum,250,0.8998885750770569
momentum,300,0.8998394012451172
momentum,350,0.8997812271118164
momentum,400,0.8997141122817993
momentum,450,0.8996381163597107
momentum,500,0.8995531797409058
momentum,550,0.8994593024253845
momentum,595,0.8993693590164185
momentum,644,0.8992587924003601
momentum,694,0.899139404296875
momentum,744,0.8990111947059631
momentum,794,0.8988742232322693
momentum,844,0.8987284302711487
momentum,894,0.8985738754272461
momentum,944,0.8984106183052063
momentum,994,0.8982387185096741
momentum,1044,0.8980581164360046
momentum,1094,0.8978689312934875
momentum,1144,0.897671103477478
momentum,1189,0.8974900245666504
momentum,1238,0.8972761631011963
momentum,1288,0.8970538973808289
momentum,1338,0.8968231678009033
momentum,1388,0.8965840935707092
momentum,1438,0.8963366746902466
momentum,1488,0.8960809111595154
momentum,1538,0.8958169221878052
momentum,1588,0.8955447673797607
momentum,1638,0.8952644467353821
momentum,1688,0.8949760794639587
momentum,1738,0.8946796655654907
momentum,1783,0.8944121599197388
momentum,1832,0.8941007852554321
momentum,1882,0.8937815427780151
momentum,1932,0.8934544920921326
momentum,1982,0.8931196928024292
momentum,2032,0.8927772045135498
momentum,2082,0.8924270868301392
momentum,2132,0.8920694589614868
momentum,2182,0.8917043209075928
momentum,2232,0.8913317918777466
momentum,2282,0.890951931476593
momentum,2332,0.8905647397041321
momentum,2377,0.8902180790901184
momentum,2426,0.889817476272583
momentum,2476,0.8894097805023193
momentum,2526,0.8889951109886169
momentum,2576,0.8885735869407654
momentum,2626,0.8881452083587646
momentum,2676,0.8877100944519043
momentum,2726,0.8872683048248291
momentum,2776,0.8868199586868286
momentum,2826,0.8863651752471924
momentum,2876,0.8859039545059204
momentum,2926,0.8854364156723022
momentum,2971,0.8850197792053223
momentum,3020,0.8845406174659729
momentum,3070,0.8840554356575012
momentum,3120,0.8835642337799072
momentum,3170,0.8830671906471252
momentum,3220,0.8825643658638
momentum,3270,0.8820558786392212
momentum,3320,0.8815417885780334
momentum,3370,0.8810222148895264
momentum,3420,0.8804972767829895
momentum,3470,0.8799670338630676
momentum,3520,0.8794316053390503
momentum,3565,0.8789561986923218
momentum,3614,0.8784112930297852
momentum,3664,0.877861499786377
momentum,3714,0.8773069381713867
momentum,3764,0.8767476677894592
momentum,3814,0.876183807849884
momentum,3864,0.8756155371665955
momentum,3914,0.8750428557395935
momentum,3964,0.8744659423828125
momentum,4014,0.8738848567008972
momentum,4064,0.873299777507782
momentum,4114,0.8727107644081116
momentum,4159,0.8721892833709717
momentum,4208,0.871593177318573
momentum,4258,0.8709934949874878
momentum,4308,0.8703903555870056
momentum,4358,0.8697838187217712
momentum,4408,0.8691740036010742
momentum,4458,0.8685610890388489
momentum,4508,0.86794513463974
momentum,4558,0.8673263192176819
momentum,4608,0.8667046427726746
momentum,4658,0.8660803437232971
momentum,4708,0.8654534816741943
momentum,4753,0.8648998141288757
momentum,4802,0.8642684817314148
momentum,4852,0.8636349439620972
momentum,4902,0.8629993200302124
momentum,4952,0.86236172914505
momentum,5002,0.8617222905158997
momentum,5052,0.8610811233520508
momentum,5102,0.860438346862793
momentum,5152,0.8597940802574158
momentum,5202,0.8591484427452087
momentum,5252,0.8585016131401062
momentum,5302,0.8578536510467529
momentum,5347,0.8572826385498047
momentum,5396,0.8566328883171082
momentum,5446,0.8559824228286743
momentum,5496,0.855331301689148
momentum,5546,0.8546796441078186
momentum,5596,0.8540276288986206
momentum,5646,0.8533753752708435
momentum,5696,0.8527229428291321
momentum,5746,0.8520704507827759
momentum,5796,0.851418137550354
momentum,5846,0.8507660627365112
momentum,5896,0.8501142859458923
momentum,5941,0.8495411276817322
momentum,5990,0.8488903641700745
momentum,6040,0.848240315914154
momentum,6090,0.8475911021232605
momentum,6140,0.8469429016113281
momentum,6190,0.8462957143783569
momentum,6240,0.8456497192382812
momentum,6290,0.8450050950050354
momentum,6340,0.8443619012832642
momentum,6390,0.8437202572822571
momentum,6440,0.8430802822113037
momentum,6490,0.8424421548843384
momentum,6535,0.8418822288513184
momentum,6584,0.8412477970123291
momentum,6634,0.8406155705451965
momentum,6684,0.8399856090545654
momentum,6734,0.8393580913543701
momentum,6784,0.8387330174446106
momentum,6834,0.838110625743866
momentum,6884,0.837490975856781
momentum,6934,0.83687424659729
momentum,6984,0.8362604379653931
momentum,7034,0.8356497287750244
momentum,7084,0.8350422978401184
momentum,7129,0.8345105051994324
momentum,7178,0.8339093923568726
momentum,7228,0.8333118557929993
momentum,7278,0.832718014717102
momentum,7328,0.8321279287338257
momentum,7378,0.8315417170524597
momentum,7428,0.8309594988822937
momentum,7478,0.8303813934326172
momentum,7528,0.8298075795173645
momentum,7578,0.8292379975318909
momentum,7628,0.8286728858947754
momentum,7678,0.8281123638153076
momentum,7723,0.8276228904724121
momentum,7772,0.8270711898803711
momentum,7822,0.8265243172645569
momentum,7872,0.825982391834259
momentum,7922,0.8254455327987671
momentum,7972,0.8249138593673706
momentum,8022,0.8243873715400696
momentum,8072,0.8238663077354431
momentum,8122,0.8233506679534912
momentum,8172,0.8228405714035034
momentum,8222,0.8223361968994141
momentum,8272,0.8218374848365784
momentum,8317,0.8214035034179688
momentum,8366,0.8209158778190613
momentum,8416,0.8204342722892761
momentum,8466,0.8199588060379028
momentum,8516,0.8194894790649414
momentum,8566,0.819026529788971
momentum,8616,0.8185698986053467
momentum,8666,0.8181197047233582
momentum,8716,0.8176761269569397
momentum,8766,0.8172391057014465
momentum,8816,0.816808819770813
momentum,8866,0.8163853883743286
momentum,8911,0.8160184025764465
momentum,8960,0.8156079053878784
momentum,9010,0.8152044415473938
momentum,9060,0.8148081302642822
momentum,9110,0.8144189119338989
momentum,9160,0.814037024974823
momentum,9210,0.8136624097824097
momentum,9260,0.8132951855659485
momentum,9310,0.8129354119300842
momentum,9360,0.8125832080841064
momentum,9410,0.8122385740280151
momentum,9460,0.8119016289710999
momentum,9505,0.8116114735603333
momentum,9554,0.8112891316413879
momentum,9604,0.8109745979309082
momentum,9654,0.8106679320335388
momentum,9704,0.8103692531585693
momentum,9754,0.8100786209106445
momentum,9804,0.8097960352897644
momentum,9854,0.8095216155052185
momentum,9904,0.8092553019523621
momentum,9954,0.8089972734451294
momentum,10004,0.8087475299835205
momentum,10054,0.8085060715675354
momentum,10099,0.8083005547523499
momentum,10148,0.8080748915672302
momentum,10198,0.8078576326370239
momentum,10248,0.8076489567756653
momentum,10298,0.8074487447738647
momentum,10348,0.8072571754455566
momentum,10398,0.8070741295814514
momentum,10448,0.8068997859954834
momentum,10498,0.8067340850830078
momentum,10548,0.8065771460533142
momentum,10598,0.8064289093017578
momentum,10648,0.8062894344329834
momentum,10693,0.8061739802360535
momentum,10742,0.8060510158538818
momentum,10792,0.8059369325637817
momentum,10842,0.8058317303657532
momentum,10892,0.8057354092597961
momentum,10942,0.8056479692459106
momentum,10992,0.8055694103240967
momentum,11042,0.805499792098999
momentum,11092,0.8054391145706177
momentum,11142,0.8053874373435974
momentum,11192,0.8053447008132935
momentum,11242,0.8053109049797058
momentum,11287,0.8052886128425598
momentum,11336,0.8052717447280884
momentum,11386,0.8052638173103333
momentum,11436,0.8052639365196228
momentum,11486,0.805268406867981
momentum,11536,0.8052768707275391
momentum,11586,0.8052893280982971
momentum,11636,0.8053057789802551
momentum,11686,0.8053262233734131
momentum,11736,0.805350661277771
momentum,11786,0.8053790330886841
momentum,11836,0.8054114580154419
momentum,11881,0.8054432272911072
momentum,11930,0.8054831027984619
momentum,11980,0.8055269718170166
momentum,12030,0.8055747747421265
momentum,12080,0.8056265711784363
momentum,12130,0.805682361125946
momentum,12180,0.8057420253753662
momentum,12230,0.8058056831359863
momentum,12280,0.8058733344078064
momentum,12330,0.8059448599815369
momentum,12380,0.8060203790664673
momentum,12430,0.8060997724533081
momentum,12475,0.8061729073524475
momentum,12524,0.8062596917152405
momentum,12574,0.8063504099845886
momentum,12624,0.8064450025558472
momentum,12674,0.8065434694290161
momentum,12724,0.8066458702087402
momentum,12774,0.80675208568573
momentum,12824,0.8068622350692749
momentum,12874,0.8069761991500854
momentum,12924,0.8070940375328064
momentum,12974,0.807215690612793
momentum,13024,0.8073412179946899
momentum,13069,0.8074547648429871
momentum,13118,0.8075874447822571
momentum,13168,0.8077239394187927
momentum,13218,0.8078641891479492
momentum,13268,0.8080081939697266
momentum,13318,0.8081559538841248
momentum,13368,0.8083074688911438
momentum,13418,0.8084627389907837
momentum,13468,0.8086217641830444
momentum,13518,0.8087844848632812
momentum,13568,0.8089508414268494
momentum,13618,0.8091209530830383
momentum,13663,0.8092736601829529
momentum,13712,0.809450626373291
momentum,13762,0.8096312284469604
momentum,13812,0.8098154664039612
momentum,13862,0.8100032806396484
momentum,13912,0.810194730758667
momentum,13962,0.8103897571563721
momentum,14012,0.8105883002281189
momentum,14062,0.8107904195785522
momentum,14112,0.8109960556030273
momentum,14162,0.8112052083015442
momentum,14212,0.8114178776741028
momentum,14257,0.8116078972816467
momentum,14306,0.8118270635604858
momentum,14356,0.8120496273040771
momentum,14406,0.8122756481170654
momentum,14456,0.8125050663948059
momentum,14506,0.8127378821372986
momentum,14556,0.8129740953445435
momentum,14606,0.813213586807251
momentum,14656,0.8134564161300659
momentum,14706,0.8137025833129883
momentum,14756,0.8139519691467285
momentum,14806,0.8142046928405762
momentum,14851,0.8144297003746033
momentum,14900,0.8146884441375732
momentum,14950,0.8149504065513611
momentum,15000,0.815215528011322
momentum,15050,0.8154838681221008
momentum,15100,0.8157552480697632
momentum,15150,0.8160297870635986
momentum,15200,0.8163073658943176
momentum,15250,0.8165880441665649
momentum,15300,0.8168717622756958
momentum,15350,0.8171585202217102
momentum,15400,0.8174481987953186
momentum,15445,0.8177056312561035
momentum,15494,0.8180009126663208
momentum,15544,0.8182991147041321
momentum,15594,0.8186001777648926
momentum,15644,0.8189041614532471
momentum,15694,0.819210946559906
momentum,15744,0.8195205330848694
momentum,15794,0.819832980632782
momentum,15844,0.8201481103897095
momentum,15894,0.8204660415649414
momentum,15944,0.8207866549491882
momentum,15994,0.82110995054245
momentum,16039,0.8213967084884644
momentum,16088,0.8217249512672424
momentum,16138,0.8220558762550354
momentum,16188,0.8223893046379089
momentum,16238,0.8227253556251526
momentum,16288,0.823063850402832
momentum,16338,0.8234049081802368
momentum,16388,0.8237483501434326
momentum,16438,0.824094295501709
momentum,16488,0.8244426250457764
momentum,16538,0.8247933387756348
momentum,16588,0.8251463770866394
momentum,16633,0.8254590034484863
momentum,16682,0.8258163928985596
momentum,16732,0.8261760473251343
momentum,16782,0.8265379071235657
momentum,16832,0.8269019722938538
momentum,16882,0.8272682428359985
momentum,16932,0.8276365995407104
momentum,16982,0.8280071020126343
momentum,17032,0.8283796906471252
momentum,17082,0.8287543058395386
momentum,17132,0.8291308879852295
momentum,17182,0.8295094966888428
momentum,17227,0.8298442959785461
momentum,17276,0.8302265405654907
momentum,17326,0.8306106925010681
momentum,17376,0.8309966921806335
momentum,17426,0.8313844799995422
momentum,17476,0.8317740559577942
momentum,17526,0.8321654200553894
momentum,17576,0.8325585126876831
momentum,17626,0.8329533338546753
momentum,17676,0.8333497643470764
momentum,17726,0.8337478041648865
momentum,17776,0.8341474533081055
momentum,17821,0.8345004320144653
momentum,17870,0.8349030017852783
momentum,17920,0.8353070616722107
momentum,17970,0.8357125520706177
momentum,18020,0.836119532585144
momentum,18070,0.8365278244018555
momentum,18120,0.8369375467300415
momentum,18170,0.8373485207557678
momentum,18220,0.837760865688324
momentum,18270,0.8381744027137756
momentum,18320,0.8385891914367676
momentum,18370,0.8390051126480103
momentum,18415,0.8393720984458923
momentum,18464,0.8397902250289917
momentum,18514,0.8402093648910522
momentum,18564,0.8406295776367188
momentum,18614,0.8410508036613464
momentum,18664,0.8414730429649353
momentum,18714,0.8418961763381958
momentum,18764,0.8423202037811279
momentum,18814,0.8427451252937317
momentum,18864,0.8431708812713623
momentum,18914,0.843597412109375
momentum,18964,0.8440247178077698
momentum,19009,0.8444013595581055
momentum,19058,0.8448300361633301
momentum,19108,0.8452593088150024
momentum,19158,0.8456892371177673
momentum,19208,0.84611976146698
momentum,19258,0.8465508222579956
momentum,19308,0.8469824194908142
momentum,19358,0.8474144339561462
momentum,19408,0.8478469252586365
momentum,19458,0.8482798337936401
momentum,19508,0.8487130999565125
momentum,19558,0.8491466641426086
momentum,19603,0.8495284914970398
momentum,19652,0.849962592124939
momentum,19702,0.8503969311714172
momentum,19752,0.8508314490318298
momentum,19802,0.8512661457061768
momentum,19852,0.8517009019851685
momentum,19902,0.8521357774734497
momentum,19952,0.8525707125663757
momentum,20002,0.853005588054657
momentum,20052,0.8534404635429382
momentum,20102,0.8538752794265747
momentum,20152,0.8543100357055664
momentum,20197,0.8546924591064453
momentum,20246,0.8551268577575684
momentum,20296,0.8555610775947571
momentum,20346,0.8559949994087219
momentum,20396,0.8564286828041077
momentum,20446,0.8568620681762695
momentum,20496,0.857295036315918
momentum,20546,0.8577276468276978
momentum,20596,0.8581598401069641
momentum,20646,0.8585915565490723
momentum,20696,0.8590227365493774
momentum,20746,0.8594534397125244
momentum,20791,0.8598319292068481
momentum,20840,0.8602614998817444
momentum,20890,0.8606904149055481
momentum,20940,0.8611186146736145
momentum,20990,0.8615461587905884
momentum,21040,0.8619729280471802
momentum,21090,0.8623989224433899
momentum,21140,0.8628240823745728
momentum,21190,0.863248348236084
momentum,21240,0.8636717796325684
momentum,21290,0.8640941977500916
momentum,21340,0.8645157217979431
momentum,21385,0.8648858070373535
momentum,21434,0.8653054237365723
momentum,21484,0.8657239675521851
momentum,21534,0.8661413788795471
momentum,21584,0.8665576577186584
momentum,21634,0.8669727444648743
momentum,21684,0.8673866391181946
momentum,21734,0.8677992820739746
momentum,21784,0.8682106733322144
momentum,21834,0.868620753288269
momentum,21884,0.8690294623374939
momentum,21934,0.8694368004798889
momentum,21979,0.8697940707206726
momentum,22028,0.8701987266540527
momentum,22078,0.8706018924713135
momentum,22128,0.8710035085678101
momentum,22178,0.8714036345481873
momentum,22228,0.8718020915985107
momentum,22278,0.8721989989280701
momentum,22328,0.8725942373275757
momentum,22378,0.8729878067970276
momentum,22428,0.873379647731781
momentum,22478,0.8737697601318359
momentum,22528,0.8741580843925476
momentum,22573,0.8744983077049255
momentum,22622,0.8748831748962402
momentum,22672,0.8752661943435669
momentum,22722,0.8756473064422607
momentum,22772,0.876026451587677
momentum,22822,0.8764036297798157
momentum,22872,0.876778781414032
momentum,22922,0.8771519660949707
momentum,22972,0.8775230050086975
momentum,23022,0.877892017364502
momentum,23072,0.8782588243484497
momentum,23122,0.8786235451698303
momentum,23167,0.8789426684379578
momentum,23216,0.8793031573295593
momentum,23266,0.879661500453949
momentum,23316,0.8800175189971924
momentum,23366,0.8803712129592896
momentum,23416,0.8807225823402405
momentum,23466,0.8810715675354004
momentum,23516,0.8814181685447693
momentum,23566,0.8817623257637024
momentum,23616,0.8821040391921997
momentum,23666,0.8824433088302612
momentum,23716,0.8827800154685974
momentum,23761,0.8830742239952087
momentum,23810,0.8834061622619629
momentum,23860,0.8837354779243469
momentum,23910,0.8840621709823608
momentum,23960,0.8843862414360046
momentum,24010,0.8847076296806335
momentum,24060,0.8850262761116028
momentum,24110,0.8853422403335571
momentum,24160,0.885655403137207
momentum,24210,0.8859658241271973
momentum,24260,0.8862733840942383
momentum,24310,0.8865781426429749
momentum,24355,0.8868439793586731
momentum,24404,0.8871433138847351
momentum,24454,0.8874397873878479
momentum,24504,0.8877332806587219
momentum,24554,0.888023853302002
momentum,24604,0.8883113861083984
momentum,24654,0.8885959386825562
momentum,24704,0.8888775110244751
momentum,24754,0.889155924320221
momentum,24804,0.889431357383728
momentum,24854,0.889703631401062
momentum,24904,0.8899728059768677
momentum,24949,0.890207052230835
momentum,24998,0.8904702663421631
momentum,25048,0.8907303214073181
momentum,25098,0.8909871578216553
momentum,25148,0.8912407159805298
momentum,25198,0.8914910554885864
momentum,25248,0.8917381167411804
momentum,25298,0.8919818997383118
momentum,25348,0.8922223448753357
momentum,25398,0.8924594521522522
momentum,25448,0.8926932215690613
momentum,25498,0.8929235935211182
momentum,25543,0.8931235074996948
momentum,25592,0.8933475017547607
momentum,25642,0.8935680389404297
momentum,25692,0.8937851190567017
momentum,25742,0.8939987421035767
momentum,25792,0.8942089080810547
momentum,25842,0.8944154977798462
momentum,25892,0.8946186304092407
momentum,25942,0.8948181867599487
momentum,25992,0.8950141668319702
momentum,26042,0.89520663022995
momentum,26092,0.8953954577445984
momentum,26137,0.8955586552619934
momentum,26186,0.8957407474517822
momentum,26236,0.895919144153595
momentum,26286,0.8960939049720764
momentum,26336,0.8962650299072266
momentum,26386,0.8964324593544006
momentum,26436,0.8965961933135986
momentum,26486,0.8967562317848206
momentum,26536,0.8969125747680664
momentum,26586,0.8970651626586914
momentum,26636,0.8972139954566956
momentum,26686,0.8973590731620789
momentum,26731,0.8974835872650146
momentum,26780,0.8976215720176697
momentum,26830,0.8977557420730591
momentum,26880,0.8978861570358276
momentum,26930,0.8980126976966858
momentum,26980,0.8981354236602783
momentum,27030,0.8982543349266052
momentum,27080,0.8983694314956665
momentum,27130,0.8984805941581726
momentum,27180,0.8985879421234131
momentum,27230,0.8986914157867432
momentum,27280,0.8987910151481628
momentum,27325,0.8988754153251648
momentum,27374,0.8989676833152771
momentum,27424,0.8990560173988342
momentum,27474,0.8991404175758362
momentum,27524,0.8992209434509277
momentum,27574,0.8992975354194641
momentum,27624,0.8993701934814453
momentum,27674,0.8994389176368713
momentum,27724,0.8995037078857422
momentum,27774,0.8995645046234131
momentum,27824,0.8996213674545288
momentum,27874,0.8996742367744446
momentum,27919,0.8997175097465515
momentum,27968,0.8997629880905151
momentum,28018,0.8998044729232788
momentum,28068,0.8998419046401978
momentum,28118,0.8998754620552063
momentum,28168,0.8999049663543701
momentum,28218,0.8999305367469788
momentum,28268,0.8999520540237427
momentum,28318,0.8999696373939514
momentum,28368,0.8999832272529602
momentum,28418,0.8999927639961243
momentum,28468,0.8999983668327332
momentum,28513,0.8999999761581421
val/object/car_ap_dist_0.5,595,0.7172999978065491
val/object/car_ap_dist_0.5,1189,0.5540000200271606
val/object/car_ap_dist_0.5,1783,0.34470000863075256
val/object/car_ap_dist_0.5,2377,0.18289999663829803
val/object/car_ap_dist_0.5,2971,0.07270000129938126
val/object/car_ap_dist_0.5,3565,0.03819999843835831
val/object/car_ap_dist_0.5,4159,0.009600000455975533
val/object/car_ap_dist_0.5,4753,0.007400000002235174
val/object/car_ap_dist_0.5,5347,0.0026000000070780516
val/object/car_ap_dist_0.5,5941,9.999999747378752e-05
val/object/car_ap_dist_0.5,6535,0.00039999998989515007
val/object/car_ap_dist_0.5,7129,0.0
val/object/car_ap_dist_0.5,7723,0.0
val/object/car_ap_dist_0.5,8317,0.0
val/object/car_ap_dist_0.5,8911,0.0
val/object/car_ap_dist_0.5,9505,0.0
val/object/car_ap_dist_0.5,10099,0.0
val/object/car_ap_dist_0.5,10693,0.0
val/object/car_ap_dist_0.5,11287,0.0
val/object/car_ap_dist_0.5,11881,0.0
val/object/car_ap_dist_0.5,12475,0.0
val/object/car_ap_dist_0.5,13069,0.0
val/object/car_ap_dist_0.5,13663,0.0
val/object/car_ap_dist_0.5,14257,0.0
val/object/car_ap_dist_0.5,14851,0.0
val/object/car_ap_dist_0.5,15445,0.0
val/object/car_ap_dist_0.5,16039,0.0
val/object/car_ap_dist_0.5,16633,0.0
val/object/car_ap_dist_0.5,17227,0.0
val/object/car_ap_dist_0.5,17821,0.0
val/object/car_ap_dist_0.5,18415,0.0
val/object/car_ap_dist_0.5,19009,0.0
val/object/car_ap_dist_0.5,19603,0.0
val/object/car_ap_dist_0.5,20197,0.0
val/object/car_ap_dist_0.5,20791,0.0
val/object/car_ap_dist_0.5,21385,0.0
val/object/car_ap_dist_0.5,21979,0.0
val/object/car_ap_dist_0.5,22573,0.0
val/object/car_ap_dist_0.5,23167,0.0
val/object/car_ap_dist_0.5,23761,0.0
val/object/car_ap_dist_0.5,24355,0.0
val/object/car_ap_dist_0.5,24949,0.0
val/object/car_ap_dist_0.5,25543,0.0
val/object/car_ap_dist_0.5,26137,0.0
val/object/car_ap_dist_0.5,26731,0.0
val/object/car_ap_dist_0.5,27325,0.0
val/object/car_ap_dist_0.5,27919,0.0
val/object/car_ap_dist_0.5,28513,0.0
val/object/car_ap_dist_1.0,595,0.8616999983787537
val/object/car_ap_dist_1.0,1189,0.8185999989509583
val/object/car_ap_dist_1.0,1783,0.7353000044822693
val/object/car_ap_dist_1.0,2377,0.6255000233650208
val/object/car_ap_dist_1.0,2971,0.5310999751091003
val/object/car_ap_dist_1.0,3565,0.4097000062465668
val/object/car_ap_dist_1.0,4159,0.25949999690055847
val/object/car_ap_dist_1.0,4753,0.24639999866485596
val/object/car_ap_dist_1.0,5347,0.19910000264644623
val/object/car_ap_dist_1.0,5941,0.14059999585151672
val/object/car_ap_dist_1.0,6535,0.1216999962925911
val/object/car_ap_dist_1.0,7129,0.11339999735355377
val/object/car_ap_dist_1.0,7723,0.0794999971985817
val/object/car_ap_dist_1.0,8317,0.05889999866485596
val/object/car_ap_dist_1.0,8911,0.05920000001788139
val/object/car_ap_dist_1.0,9505,0.07370000332593918
val/object/car_ap_dist_1.0,10099,0.03920000046491623
val/object/car_ap_dist_1.0,10693,0.05510000139474869
val/object/car_ap_dist_1.0,11287,0.049800001084804535
val/object/car_ap_dist_1.0,11881,0.03779999911785126
val/object/car_ap_dist_1.0,12475,0.03350000083446503
val/object/car_ap_dist_1.0,13069,0.0284000001847744
val/object/car_ap_dist_1.0,13663,0.02969999983906746
val/object/car_ap_dist_1.0,14257,0.041200000792741776
val/object/car_ap_dist_1.0,14851,0.02290000021457672
val/object/car_ap_dist_1.0,15445,0.04569999873638153
val/object/car_ap_dist_1.0,16039,0.03280000016093254
val/object/car_ap_dist_1.0,16633,0.02280000038444996
val/object/car_ap_dist_1.0,17227,0.015200000256299973
val/object/car_ap_dist_1.0,17821,0.0272000003606081
val/object/car_ap_dist_1.0,18415,0.023399999365210533
val/object/car_ap_dist_1.0,19009,0.024000000208616257
val/object/car_ap_dist_1.0,19603,0.019899999722838402
val/object/car_ap_dist_1.0,20197,0.024700000882148743
val/object/car_ap_dist_1.0,20791,0.020800000056624413
val/object/car_ap_dist_1.0,21385,0.022700000554323196
val/object/car_ap_dist_1.0,21979,0.0210999995470047
val/object/car_ap_dist_1.0,22573,0.020800000056624413
val/object/car_ap_dist_1.0,23167,0.02319999970495701
val/object/car_ap_dist_1.0,23761,0.019999999552965164
val/object/car_ap_dist_1.0,24355,0.019200000911951065
val/object/car_ap_dist_1.0,24949,0.021199999377131462
val/object/car_ap_dist_1.0,25543,0.020099999383091927
val/object/car_ap_dist_1.0,26137,0.020099999383091927
val/object/car_ap_dist_1.0,26731,0.02160000056028366
val/object/car_ap_dist_1.0,27325,0.0210999995470047
val/object/car_ap_dist_1.0,27919,0.0210999995470047
val/object/car_ap_dist_1.0,28513,0.02070000022649765
val/object/car_ap_dist_2.0,595,0.8852999806404114
val/object/car_ap_dist_2.0,1189,0.8723000288009644
val/object/car_ap_dist_2.0,1783,0.8396999835968018
val/object/car_ap_dist_2.0,2377,0.7893000245094299
val/object/car_ap_dist_2.0,2971,0.7685999870300293
val/object/car_ap_dist_2.0,3565,0.7296000123023987
val/object/car_ap_dist_2.0,4159,0.6438000202178955
val/object/car_ap_dist_2.0,4753,0.60589998960495
val/object/car_ap_dist_2.0,5347,0.6151000261306763
val/object/car_ap_dist_2.0,5941,0.5662999749183655
val/object/car_ap_dist_2.0,6535,0.5356000065803528
val/object/car_ap_dist_2.0,7129,0.5468000173568726
val/object/car_ap_dist_2.0,7723,0.550000011920929
val/object/car_ap_dist_2.0,8317,0.48989999294281006
val/object/car_ap_dist_2.0,8911,0.4909999966621399
val/object/car_ap_dist_2.0,9505,0.5134000182151794
val/object/car_ap_dist_2.0,10099,0.4641000032424927
val/object/car_ap_dist_2.0,10693,0.46700000762939453
val/object/car_ap_dist_2.0,11287,0.4690000116825104
val/object/car_ap_dist_2.0,11881,0.4779999852180481
val/object/car_ap_dist_2.0,12475,0.44589999318122864
val/object/car_ap_dist_2.0,13069,0.42739999294281006
val/object/car_ap_dist_2.0,13663,0.42969998717308044
val/object/car_ap_dist_2.0,14257,0.4465999901294708
val/object/car_ap_dist_2.0,14851,0.41200000047683716
val/object/car_ap_dist_2.0,15445,0.47679999470710754
val/object/car_ap_dist_2.0,16039,0.4496000111103058
val/object/car_ap_dist_2.0,16633,0.42719998955726624
val/object/car_ap_dist_2.0,17227,0.3955000042915344
val/object/car_ap_dist_2.0,17821,0.4424000084400177
val/object/car_ap_dist_2.0,18415,0.4032999873161316
val/object/car_ap_dist_2.0,19009,0.399399995803833
val/object/car_ap_dist_2.0,19603,0.4041000008583069
val/object/car_ap_dist_2.0,20197,0.420199990272522
val/object/car_ap_dist_2.0,20791,0.40869998931884766
val/object/car_ap_dist_2.0,21385,0.4156000018119812
val/object/car_ap_dist_2.0,21979,0.40529999136924744
val/object/car_ap_dist_2.0,22573,0.39980000257492065
val/object/car_ap_dist_2.0,23167,0.41040000319480896
val/object/car_ap_dist_2.0,23761,0.4027999937534332
val/object/car_ap_dist_2.0,24355,0.39910000562667847
val/object/car_ap_dist_2.0,24949,0.40709999203681946
val/object/car_ap_dist_2.0,25543,0.40310001373291016
val/object/car_ap_dist_2.0,26137,0.4016000032424927
val/object/car_ap_dist_2.0,26731,0.4041000008583069
val/object/car_ap_dist_2.0,27325,0.40389999747276306
val/object/car_ap_dist_2.0,27919,0.4025000035762787
val/object/car_ap_dist_2.0,28513,0.4025000035762787
val/object/car_ap_dist_4.0,595,0.8959000110626221
val/object/car_ap_dist_4.0,1189,0.8840000033378601
val/object/car_ap_dist_4.0,1783,0.8521000146865845
val/object/car_ap_dist_4.0,2377,0.8129000067710876
val/object/car_ap_dist_4.0,2971,0.7922999858856201
val/object/car_ap_dist_4.0,3565,0.7573999762535095
val/object/car_ap_dist_4.0,4159,0.691100001335144
val/object/car_ap_dist_4.0,4753,0.6431999802589417
val/object/car_ap_dist_4.0,5347,0.6672999858856201
val/object/car_ap_dist_4.0,5941,0.6539000272750854
val/object/car_ap_dist_4.0,6535,0.6266999840736389
val/object/car_ap_dist_4.0,7129,0.6536999940872192
val/object/car_ap_dist_4.0,7723,0.6227999925613403
val/object/car_ap_dist_4.0,8317,0.5968000292778015
val/object/car_ap_dist_4.0,8911,0.6031000018119812
val/object/car_ap_dist_4.0,9505,0.6111999750137329
val/object/car_ap_dist_4.0,10099,0.5995000004768372
val/object/car_ap_dist_4.0,10693,0.5730999708175659
val/object/car_ap_dist_4.0,11287,0.5985000133514404
val/object/car_ap_dist_4.0,11881,0.5782999992370605
val/object/car_ap_dist_4.0,12475,0.5748000144958496
val/object/car_ap_dist_4.0,13069,0.5565999746322632
val/object/car_ap_dist_4.0,13663,0.5667999982833862
val/object/car_ap_dist_4.0,14257,0.5666000247001648
val/object/car_ap_dist_4.0,14851,0.5558000206947327
val/object/car_ap_dist_4.0,15445,0.6007000207901001
val/object/car_ap_dist_4.0,16039,0.5705999732017517
val/object/car_ap_dist_4.0,16633,0.579200029373169
val/object/car_ap_dist_4.0,17227,0.5720999836921692
val/object/car_ap_dist_4.0,17821,0.5698999762535095
val/object/car_ap_dist_4.0,18415,0.5586000084877014
val/object/car_ap_dist_4.0,19009,0.5411999821662903
val/object/car_ap_dist_4.0,19603,0.5539000034332275
val/object/car_ap_dist_4.0,20197,0.5418000221252441
val/object/car_ap_dist_4.0,20791,0.5479999780654907
val/object/car_ap_dist_4.0,21385,0.5478000044822693
val/object/car_ap_dist_4.0,21979,0.5443999767303467
val/object/car_ap_dist_4.0,22573,0.5385000109672546
val/object/car_ap_dist_4.0,23167,0.5314000248908997
val/object/car_ap_dist_4.0,23761,0.536300003528595
val/object/car_ap_dist_4.0,24355,0.5392000079154968
val/object/car_ap_dist_4.0,24949,0.5414000153541565
val/object/car_ap_dist_4.0,25543,0.5317999720573425
val/object/car_ap_dist_4.0,26137,0.5353999733924866
val/object/car_ap_dist_4.0,26731,0.5394999980926514
val/object/car_ap_dist_4.0,27325,0.541100025177002
val/object/car_ap_dist_4.0,27919,0.5400000214576721
val/object/car_ap_dist_4.0,28513,0.5364000201225281
val/object/car_trans_err,595,0.20999999344348907
val/object/car_trans_err,1189,0.29260000586509705
val/object/car_trans_err,1783,0.41990000009536743
val/object/car_trans_err,2377,0.49559998512268066
val/object/car_trans_err,2971,0.6237999796867371
val/object/car_trans_err,3565,0.6947000026702881
val/object/car_trans_err,4159,0.8131999969482422
val/object/car_trans_err,4753,0.819599986076355
val/object/car_trans_err,5347,0.8816999793052673
val/object/car_trans_err,5941,0.9406999945640564
val/object/car_trans_err,6535,0.9502999782562256
val/object/car_trans_err,7129,0.9839000105857849
val/object/car_trans_err,7723,1.0429999828338623
val/object/car_trans_err,8317,1.069700002670288
val/object/car_trans_err,8911,1.093400001525879
val/object/car_trans_err,9505,1.0404000282287598
val/object/car_trans_err,10099,1.121899962425232
val/object/car_trans_err,10693,1.083400011062622
val/object/car_trans_err,11287,1.1104999780654907
val/object/car_trans_err,11881,1.1279000043869019
val/object/car_trans_err,12475,1.131500005722046
val/object/car_trans_err,13069,1.1445000171661377
val/object/car_trans_err,13663,1.1467000246047974
val/object/car_trans_err,14257,1.111799955368042
val/object/car_trans_err,14851,1.1718000173568726
val/object/car_trans_err,15445,1.1161999702453613
val/object/car_trans_err,16039,1.1557999849319458
val/object/car_trans_err,16633,1.193600058555603
val/object/car_trans_err,17227,1.235700011253357
val/object/car_trans_err,17821,1.1799999475479126
val/object/car_trans_err,18415,1.1914000511169434
val/object/car_trans_err,19009,1.1720000505447388
val/object/car_trans_err,19603,1.2086999416351318
val/object/car_trans_err,20197,1.180400013923645
val/object/car_trans_err,20791,1.1926000118255615
val/object/car_trans_err,21385,1.1842999458312988
val/object/car_trans_err,21979,1.195199966430664
val/object/car_trans_err,22573,1.1890000104904175
val/object/car_trans_err,23167,1.1771999597549438
val/object/car_trans_err,23761,1.1959999799728394
val/object/car_trans_err,24355,1.201200008392334
val/object/car_trans_err,24949,1.1898000240325928
val/object/car_trans_err,25543,1.1923999786376953
val/object/car_trans_err,26137,1.192199945449829
val/object/car_trans_err,26731,1.1902999877929688
val/object/car_trans_err,27325,1.1958999633789062
val/object/car_trans_err,27919,1.193600058555603
val/object/car_trans_err,28513,1.19350004196167
val/object/car_scale_err,595,0.13120000064373016
val/object/car_scale_err,1189,0.14710000157356262
val/object/car_scale_err,1783,0.16210000216960907
val/object/car_scale_err,2377,0.20589999854564667
val/object/car_scale_err,2971,0.20319999754428864
val/object/car_scale_err,3565,0.19850000739097595
val/object/car_scale_err,4159,0.2020999938249588
val/object/car_scale_err,4753,0.21330000460147858
val/object/car_scale_err,5347,0.22709999978542328
val/object/car_scale_err,5941,0.22220000624656677
val/object/car_scale_err,6535,0.22040000557899475
val/object/car_scale_err,7129,0.21389999985694885
val/object/car_scale_err,7723,0.21969999372959137
val/object/car_scale_err,8317,0.23180000483989716
val/object/car_scale_err,8911,0.22310000658035278
val/object/car_scale_err,9505,0.23759999871253967
val/object/car_scale_err,10099,0.21490000188350677
val/object/car_scale_err,10693,0.25609999895095825
val/object/car_scale_err,11287,0.2671999931335449
val/object/car_scale_err,11881,0.24140000343322754
val/object/car_scale_err,12475,0.25600001215934753
val/object/car_scale_err,13069,0.24770000576972961
val/object/car_scale_err,13663,0.25029999017715454
val/object/car_scale_err,14257,0.2678999900817871
val/object/car_scale_err,14851,0.2563000023365021
val/object/car_scale_err,15445,0.2712000012397766
val/object/car_scale_err,16039,0.2791000008583069
val/object/car_scale_err,16633,0.27489998936653137
val/object/car_scale_err,17227,0.26759999990463257
val/object/car_scale_err,17821,0.2680000066757202
val/object/car_scale_err,18415,0.2761000096797943
val/object/car_scale_err,19009,0.2621000111103058
val/object/car_scale_err,19603,0.25920000672340393
val/object/car_scale_err,20197,0.2529999911785126
val/object/car_scale_err,20791,0.2612999975681305
val/object/car_scale_err,21385,0.2597000002861023
val/object/car_scale_err,21979,0.26840001344680786
val/object/car_scale_err,22573,0.2605000138282776
val/object/car_scale_err,23167,0.26409998536109924
val/object/car_scale_err,23761,0.2632000148296356
val/object/car_scale_err,24355,0.2621999979019165
val/object/car_scale_err,24949,0.2685999870300293
val/object/car_scale_err,25543,0.2637999951839447
val/object/car_scale_err,26137,0.26330000162124634
val/object/car_scale_err,26731,0.26570001244544983
val/object/car_scale_err,27325,0.2662999927997589
val/object/car_scale_err,27919,0.2635999917984009
val/object/car_scale_err,28513,0.2637999951839447
val/object/car_orient_err,595,0.062199998646974564
val/object/car_orient_err,1189,0.058400001376867294
val/object/car_orient_err,1783,0.07280000299215317
val/object/car_orient_err,2377,0.08510000258684158
val/object/car_orient_err,2971,0.0892999991774559
val/object/car_orient_err,3565,0.1046999990940094
val/object/car_orient_err,4159,0.1151999980211258
val/object/car_orient_err,4753,0.11659999936819077
val/object/car_orient_err,5347,0.12189999967813492
val/object/car_orient_err,5941,0.13809999823570251
val/object/car_orient_err,6535,0.15970000624656677
val/object/car_orient_err,7129,0.15049999952316284
val/object/car_orient_err,7723,0.1704999953508377
val/object/car_orient_err,8317,0.1728000044822693
val/object/car_orient_err,8911,0.16429999470710754
val/object/car_orient_err,9505,0.1736000031232834
val/object/car_orient_err,10099,0.17949999868869781
val/object/car_orient_err,10693,0.15520000457763672
val/object/car_orient_err,11287,0.18809999525547028
val/object/car_orient_err,11881,0.16689999401569366
val/object/car_orient_err,12475,0.17440000176429749
val/object/car_orient_err,13069,0.17870000004768372
val/object/car_orient_err,13663,0.17239999771118164
val/object/car_orient_err,14257,0.18039999902248383
val/object/car_orient_err,14851,0.19030000269412994
val/object/car_orient_err,15445,0.16990000009536743
val/object/car_orient_err,16039,0.16840000450611115
val/object/car_orient_err,16633,0.1809999942779541
val/object/car_orient_err,17227,0.19259999692440033
val/object/car_orient_err,17821,0.181099995970726
val/object/car_orient_err,18415,0.18060000240802765
val/object/car_orient_err,19009,0.18449999392032623
val/object/car_orient_err,19603,0.17880000174045563
val/object/car_orient_err,20197,0.1793999969959259
val/object/car_orient_err,20791,0.18080000579357147
val/object/car_orient_err,21385,0.1882999986410141
val/object/car_orient_err,21979,0.18050000071525574
val/object/car_orient_err,22573,0.18299999833106995
val/object/car_orient_err,23167,0.18639999628067017
val/object/car_orient_err,23761,0.18559999763965607
val/object/car_orient_err,24355,0.18289999663829803
val/object/car_orient_err,24949,0.18440000712871552
val/object/car_orient_err,25543,0.1843000054359436
val/object/car_orient_err,26137,0.18289999663829803
val/object/car_orient_err,26731,0.18140000104904175
val/object/car_orient_err,27325,0.18140000104904175
val/object/car_orient_err,27919,0.17970000207424164
val/object/car_orient_err,28513,0.18150000274181366
val/object/car_vel_err,595,1.0
val/object/car_vel_err,1189,1.0
val/object/car_vel_err,1783,1.0
val/object/car_vel_err,2377,1.0
val/object/car_vel_err,2971,1.0
val/object/car_vel_err,3565,1.0
val/object/car_vel_err,4159,1.0
val/object/car_vel_err,4753,1.0
val/object/car_vel_err,5347,1.0
val/object/car_vel_err,5941,1.0
val/object/car_vel_err,6535,1.0
val/object/car_vel_err,7129,1.0
val/object/car_vel_err,7723,1.0
val/object/car_vel_err,8317,1.0
val/object/car_vel_err,8911,1.0
val/object/car_vel_err,9505,1.0
val/object/car_vel_err,10099,1.0
val/object/car_vel_err,10693,1.0
val/object/car_vel_err,11287,1.0
val/object/car_vel_err,11881,1.0
val/object/car_vel_err,12475,1.0
val/object/car_vel_err,13069,1.0
val/object/car_vel_err,13663,1.0
val/object/car_vel_err,14257,1.0
val/object/car_vel_err,14851,1.0
val/object/car_vel_err,15445,1.0
val/object/car_vel_err,16039,1.0
val/object/car_vel_err,16633,1.0
val/object/car_vel_err,17227,1.0
val/object/car_vel_err,17821,1.0
val/object/car_vel_err,18415,1.0
val/object/car_vel_err,19009,1.0
val/object/car_vel_err,19603,1.0
val/object/car_vel_err,20197,1.0
val/object/car_vel_err,20791,1.0
val/object/car_vel_err,21385,1.0
val/object/car_vel_err,21979,1.0
val/object/car_vel_err,22573,1.0
val/object/car_vel_err,23167,1.0
val/object/car_vel_err,23761,1.0
val/object/car_vel_err,24355,1.0
val/object/car_vel_err,24949,1.0
val/object/car_vel_err,25543,1.0
val/object/car_vel_err,26137,1.0
val/object/car_vel_err,26731,1.0
val/object/car_vel_err,27325,1.0
val/object/car_vel_err,27919,1.0
val/object/car_vel_err,28513,1.0
val/object/car_attr_err,595,0.0
val/object/car_attr_err,1189,0.0
val/object/car_attr_err,1783,0.0
val/object/car_attr_err,2377,0.0
val/object/car_attr_err,2971,0.0
val/object/car_attr_err,3565,0.0
val/object/car_attr_err,4159,0.0
val/object/car_attr_err,4753,0.0
val/object/car_attr_err,5347,0.0
val/object/car_attr_err,5941,0.0
val/object/car_attr_err,6535,0.0
val/object/car_attr_err,7129,0.0
val/object/car_attr_err,7723,0.0
val/object/car_attr_err,8317,0.0
val/object/car_attr_err,8911,0.0
val/object/car_attr_err,9505,0.0
val/object/car_attr_err,10099,0.0
val/object/car_attr_err,10693,0.0
val/object/car_attr_err,11287,0.0
val/object/car_attr_err,11881,0.0
val/object/car_attr_err,12475,0.0
val/object/car_attr_err,13069,0.0
val/object/car_attr_err,13663,0.0
val/object/car_attr_err,14257,0.0
val/object/car_attr_err,14851,0.0
val/object/car_attr_err,15445,0.0
val/object/car_attr_err,16039,0.0
val/object/car_attr_err,16633,0.0
val/object/car_attr_err,17227,0.0
val/object/car_attr_err,17821,0.0
val/object/car_attr_err,18415,0.0
val/object/car_attr_err,19009,0.0
val/object/car_attr_err,19603,0.0
val/object/car_attr_err,20197,0.0
val/object/car_attr_err,20791,0.0
val/object/car_attr_err,21385,0.0
val/object/car_attr_err,21979,0.0
val/object/car_attr_err,22573,0.0
val/object/car_attr_err,23167,0.0
val/object/car_attr_err,23761,0.0
val/object/car_attr_err,24355,0.0
val/object/car_attr_err,24949,0.0
val/object/car_attr_err,25543,0.0
val/object/car_attr_err,26137,0.0
val/object/car_attr_err,26731,0.0
val/object/car_attr_err,27325,0.0
val/object/car_attr_err,27919,0.0
val/object/car_attr_err,28513,0.0
val/object/mATE,595,0.43799999356269836
val/object/mATE,1189,0.48410001397132874
val/object/mATE,1783,0.5529999732971191
val/object/mATE,2377,0.5964000225067139
val/object/mATE,2971,0.6769999861717224
val/object/mATE,3565,0.7142000198364258
val/object/mATE,4159,0.8371000289916992
val/object/mATE,4753,0.8508999943733215
val/object/mATE,5347,0.8587999939918518
val/object/mATE,5941,0.873199999332428
val/object/mATE,6535,0.9032999873161316
val/object/mATE,7129,0.9092000126838684
val/object/mATE,7723,0.9153000116348267
val/object/mATE,8317,0.9232000112533569
val/object/mATE,8911,0.9545000195503235
val/object/mATE,9505,0.9333999752998352
val/object/mATE,10099,0.9429000020027161
val/object/mATE,10693,0.9373000264167786
val/object/mATE,11287,0.9487000107765198
val/object/mATE,11881,0.9718999862670898
val/object/mATE,12475,0.9552000164985657
val/object/mATE,13069,0.9714000225067139
val/object/mATE,13663,0.9872999787330627
val/object/mATE,14257,0.9638000130653381
val/object/mATE,14851,0.9937000274658203
val/object/mATE,15445,0.9629999995231628
val/object/mATE,16039,0.9839000105857849
val/object/mATE,16633,0.9760000109672546
val/object/mATE,17227,1.0026999711990356
val/object/mATE,17821,0.9735999703407288
val/object/mATE,18415,0.9743000268936157
val/object/mATE,19009,0.9721999764442444
val/object/mATE,19603,0.9842000007629395
val/object/mATE,20197,0.9825000166893005
val/object/mATE,20791,0.9861999750137329
val/object/mATE,21385,0.9891999959945679
val/object/mATE,21979,0.9825999736785889
val/object/mATE,22573,0.9807000160217285
val/object/mATE,23167,0.9779999852180481
val/object/mATE,23761,0.9894999861717224
val/object/mATE,24355,0.9857000112533569
val/object/mATE,24949,0.9850000143051147
val/object/mATE,25543,0.987500011920929
val/object/mATE,26137,0.9879999756813049
val/object/mATE,26731,0.9873999953269958
val/object/mATE,27325,0.9902999997138977
val/object/mATE,27919,0.9889000058174133
val/object/mATE,28513,0.986299991607666
val/object/mASE,595,0.43479999899864197
val/object/mASE,1189,0.4668999910354614
val/object/mASE,1783,0.4927999973297119
val/object/mASE,2377,0.5138000249862671
val/object/mASE,2971,0.507099986076355
val/object/mASE,3565,0.5073999762535095
val/object/mASE,4159,0.6366999745368958
val/object/mASE,4753,0.6442999839782715
val/object/mASE,5347,0.6396999955177307
val/object/mASE,5941,0.6367999911308289
val/object/mASE,6535,0.6430000066757202
val/object/mASE,7129,0.6371999979019165
val/object/mASE,7723,0.6446999907493591
val/object/mASE,8317,0.6504999995231628
val/object/mASE,8911,0.6482999920845032
val/object/mASE,9505,0.6553000211715698
val/object/mASE,10099,0.6521000266075134
val/object/mASE,10693,0.6585999727249146
val/object/mASE,11287,0.6647999882698059
val/object/mASE,11881,0.6650000214576721
val/object/mASE,12475,0.6646000146865845
val/object/mASE,13069,0.6607000231742859
val/object/mASE,13663,0.6647999882698059
val/object/mASE,14257,0.6642000079154968
val/object/mASE,14851,0.6704000234603882
val/object/mASE,15445,0.6729000210762024
val/object/mASE,16039,0.6729999780654907
val/object/mASE,16633,0.6686000227928162
val/object/mASE,17227,0.6657000184059143
val/object/mASE,17821,0.6678000092506409
val/object/mASE,18415,0.6733999848365784
val/object/mASE,19009,0.6671000123023987
val/object/mASE,19603,0.6679999828338623
val/object/mASE,20197,0.66839998960495
val/object/mASE,20791,0.6711999773979187
val/object/mASE,21385,0.6678000092506409
val/object/mASE,21979,0.6729000210762024
val/object/mASE,22573,0.6714000105857849
val/object/mASE,23167,0.6718000173568726
val/object/mASE,23761,0.670199990272522
val/object/mASE,24355,0.6722999811172485
val/object/mASE,24949,0.6728000044822693
val/object/mASE,25543,0.670799970626831
val/object/mASE,26137,0.6710000038146973
val/object/mASE,26731,0.6732000112533569
val/object/mASE,27325,0.6729999780654907
val/object/mASE,27919,0.6718999743461609
val/object/mASE,28513,0.6717000007629395
val/object/mAOE,595,0.290800005197525
val/object/mAOE,1189,0.3018999993801117
val/object/mAOE,1783,0.3296000063419342
val/object/mAOE,2377,0.36419999599456787
val/object/mAOE,2971,0.3675000071525574
val/object/mAOE,3565,0.38199999928474426
val/object/mAOE,4159,0.5496000051498413
val/object/mAOE,4753,0.5598999857902527
val/object/mAOE,5347,0.5674999952316284
val/object/mAOE,5941,0.5647000074386597
val/object/mAOE,6535,0.5859000086784363
val/object/mAOE,7129,0.5799999833106995
val/object/mAOE,7723,0.5910000205039978
val/object/mAOE,8317,0.5837000012397766
val/object/mAOE,8911,0.5874000191688538
val/object/mAOE,9505,0.5956000089645386
val/object/mAOE,10099,0.59579998254776
val/object/mAOE,10693,0.5914000272750854
val/object/mAOE,11287,0.5995000004768372
val/object/mAOE,11881,0.604200005531311
val/object/mAOE,12475,0.590399980545044
val/object/mAOE,13069,0.5963000059127808
val/object/mAOE,13663,0.5932000279426575
val/object/mAOE,14257,0.6062999963760376
val/object/mAOE,14851,0.6108999848365784
val/object/mAOE,15445,0.6090999841690063
val/object/mAOE,16039,0.6110000014305115
val/object/mAOE,16633,0.6119999885559082
val/object/mAOE,17227,0.609499990940094
val/object/mAOE,17821,0.6004999876022339
val/object/mAOE,18415,0.6003000140190125
val/object/mAOE,19009,0.6039999723434448
val/object/mAOE,19603,0.6079000234603882
val/object/mAOE,20197,0.6115999817848206
val/object/mAOE,20791,0.6044999957084656
val/object/mAOE,21385,0.6105999946594238
val/object/mAOE,21979,0.607200026512146
val/object/mAOE,22573,0.603600025177002
val/object/mAOE,23167,0.6104000210762024
val/object/mAOE,23761,0.6140999794006348
val/object/mAOE,24355,0.6093000173568726
val/object/mAOE,24949,0.6068000197410583
val/object/mAOE,25543,0.6115000247955322
val/object/mAOE,26137,0.6083999872207642
val/object/mAOE,26731,0.6079999804496765
val/object/mAOE,27325,0.6104000210762024
val/object/mAOE,27919,0.6071000099182129
val/object/mAOE,28513,0.6061999797821045
val/object/mAVE,595,1.0
val/object/mAVE,1189,1.0
val/object/mAVE,1783,1.0
val/object/mAVE,2377,1.0
val/object/mAVE,2971,1.0
val/object/mAVE,3565,1.0
val/object/mAVE,4159,1.0
val/object/mAVE,4753,1.0
val/object/mAVE,5347,1.0
val/object/mAVE,5941,1.0
val/object/mAVE,6535,1.0
val/object/mAVE,7129,1.0
val/object/mAVE,7723,1.0
val/object/mAVE,8317,1.0
val/object/mAVE,8911,1.0
val/object/mAVE,9505,1.0
val/object/mAVE,10099,1.0
val/object/mAVE,10693,1.0
val/object/mAVE,11287,1.0
val/object/mAVE,11881,1.0
val/object/mAVE,12475,1.0
val/object/mAVE,13069,1.0
val/object/mAVE,13663,1.0
val/object/mAVE,14257,1.0
val/object/mAVE,14851,1.0
val/object/mAVE,15445,1.0
val/object/mAVE,16039,1.0
val/object/mAVE,16633,1.0
val/object/mAVE,17227,1.0
val/object/mAVE,17821,1.0
val/object/mAVE,18415,1.0
val/object/mAVE,19009,1.0
val/object/mAVE,19603,1.0
val/object/mAVE,20197,1.0
val/object/mAVE,20791,1.0
val/object/mAVE,21385,1.0
val/object/mAVE,21979,1.0
val/object/mAVE,22573,1.0
val/object/mAVE,23167,1.0
val/object/mAVE,23761,1.0
val/object/mAVE,24355,1.0
val/object/mAVE,24949,1.0
val/object/mAVE,25543,1.0
val/object/mAVE,26137,1.0
val/object/mAVE,26731,1.0
val/object/mAVE,27325,1.0
val/object/mAVE,27919,1.0
val/object/mAVE,28513,1.0
val/object/mAAE,595,0.625
val/object/mAAE,1189,0.625
val/object/mAAE,1783,0.625
val/object/mAAE,2377,0.625
val/object/mAAE,2971,0.625
val/object/mAAE,3565,0.625
val/object/mAAE,4159,0.75
val/object/mAAE,4753,0.75
val/object/mAAE,5347,0.75
val/object/mAAE,5941,0.75
val/object/mAAE,6535,0.75
val/object/mAAE,7129,0.75
val/object/mAAE,7723,0.75
val/object/mAAE,8317,0.75
val/object/mAAE,8911,0.75
val/object/mAAE,9505,0.75
val/object/mAAE,10099,0.75
val/object/mAAE,10693,0.75
val/object/mAAE,11287,0.75
val/object/mAAE,11881,0.75
val/object/mAAE,12475,0.75
val/object/mAAE,13069,0.75
val/object/mAAE,13663,0.75
val/object/mAAE,14257,0.75
val/object/mAAE,14851,0.75
val/object/mAAE,15445,0.75
val/object/mAAE,16039,0.75
val/object/mAAE,16633,0.75
val/object/mAAE,17227,0.75
val/object/mAAE,17821,0.75
val/object/mAAE,18415,0.75
val/object/mAAE,19009,0.75
val/object/mAAE,19603,0.75
val/object/mAAE,20197,0.75
val/object/mAAE,20791,0.75
val/object/mAAE,21385,0.75
val/object/mAAE,21979,0.75
val/object/mAAE,22573,0.75
val/object/mAAE,23167,0.75
val/object/mAAE,23761,0.75
val/object/mAAE,24355,0.75
val/object/mAAE,24949,0.75
val/object/mAAE,25543,0.75
val/object/mAAE,26137,0.75
val/object/mAAE,26731,0.75
val/object/mAAE,27325,0.75
val/object/mAAE,27919,0.75
val/object/mAAE,28513,0.75
val/object/truck_ap_dist_0.5,595,0.5655999779701233
val/object/truck_ap_dist_0.5,1189,0.45669999718666077
val/object/truck_ap_dist_0.5,1783,0.3125
val/object/truck_ap_dist_0.5,2377,0.2581999897956848
val/object/truck_ap_dist_0.5,2971,0.18240000307559967
val/object/truck_ap_dist_0.5,3565,0.17409999668598175
val/object/truck_ap_dist_0.5,4159,0.09969999641180038
val/object/truck_ap_dist_0.5,4753,0.09780000150203705
val/object/truck_ap_dist_0.5,5347,0.10189999639987946
val/object/truck_ap_dist_0.5,5941,0.11890000104904175
val/object/truck_ap_dist_0.5,6535,0.08619999885559082
val/object/truck_ap_dist_0.5,7129,0.09650000184774399
val/object/truck_ap_dist_0.5,7723,0.10300000011920929
val/object/truck_ap_dist_0.5,8317,0.07919999957084656
val/object/truck_ap_dist_0.5,8911,0.03359999880194664
val/object/truck_ap_dist_0.5,9505,0.05979999899864197
val/object/truck_ap_dist_0.5,10099,0.044199999421834946
val/object/truck_ap_dist_0.5,10693,0.04100000113248825
val/object/truck_ap_dist_0.5,11287,0.026100000366568565
val/object/truck_ap_dist_0.5,11881,0.034699998795986176
val/object/truck_ap_dist_0.5,12475,0.03310000151395798
val/object/truck_ap_dist_0.5,13069,0.017799999564886093
val/object/truck_ap_dist_0.5,13663,0.021199999377131462
val/object/truck_ap_dist_0.5,14257,0.041200000792741776
val/object/truck_ap_dist_0.5,14851,0.016499999910593033
val/object/truck_ap_dist_0.5,15445,0.03229999914765358
val/object/truck_ap_dist_0.5,16039,0.03779999911785126
val/object/truck_ap_dist_0.5,16633,0.029400000348687172
val/object/truck_ap_dist_0.5,17227,0.009800000116229057
val/object/truck_ap_dist_0.5,17821,0.018200000748038292
val/object/truck_ap_dist_0.5,18415,0.01600000075995922
val/object/truck_ap_dist_0.5,19009,0.01549999974668026
val/object/truck_ap_dist_0.5,19603,0.014399999752640724
val/object/truck_ap_dist_0.5,20197,0.014700000174343586
val/object/truck_ap_dist_0.5,20791,0.00800000037997961
val/object/truck_ap_dist_0.5,21385,0.006399999838322401
val/object/truck_ap_dist_0.5,21979,0.010200000368058681
val/object/truck_ap_dist_0.5,22573,0.008700000122189522
val/object/truck_ap_dist_0.5,23167,0.007699999958276749
val/object/truck_ap_dist_0.5,23761,0.006300000008195639
val/object/truck_ap_dist_0.5,24355,0.009100000374019146
val/object/truck_ap_dist_0.5,24949,0.008299999870359898
val/object/truck_ap_dist_0.5,25543,0.009399999864399433
val/object/truck_ap_dist_0.5,26137,0.00930000003427267
val/object/truck_ap_dist_0.5,26731,0.008200000040233135
val/object/truck_ap_dist_0.5,27325,0.008200000040233135
val/object/truck_ap_dist_0.5,27919,0.008700000122189522
val/object/truck_ap_dist_0.5,28513,0.009499999694526196
val/object/truck_ap_dist_1.0,595,0.7434999942779541
val/object/truck_ap_dist_1.0,1189,0.6747000217437744
val/object/truck_ap_dist_1.0,1783,0.5913000106811523
val/object/truck_ap_dist_1.0,2377,0.5562999844551086
val/object/truck_ap_dist_1.0,2971,0.44690001010894775
val/object/truck_ap_dist_1.0,3565,0.4320000112056732
val/object/truck_ap_dist_1.0,4159,0.4068000018596649
val/object/truck_ap_dist_1.0,4753,0.34610000252723694
val/object/truck_ap_dist_1.0,5347,0.3440999984741211
val/object/truck_ap_dist_1.0,5941,0.31209999322891235
val/object/truck_ap_dist_1.0,6535,0.2784000039100647
val/object/truck_ap_dist_1.0,7129,0.2660999894142151
val/object/truck_ap_dist_1.0,7723,0.28780001401901245
val/object/truck_ap_dist_1.0,8317,0.263700008392334
val/object/truck_ap_dist_1.0,8911,0.17790000140666962
val/object/truck_ap_dist_1.0,9505,0.2572000026702881
val/object/truck_ap_dist_1.0,10099,0.21649999916553497
val/object/truck_ap_dist_1.0,10693,0.21549999713897705
val/object/truck_ap_dist_1.0,11287,0.16089999675750732
val/object/truck_ap_dist_1.0,11881,0.17550000548362732
val/object/truck_ap_dist_1.0,12475,0.1891999989748001
val/object/truck_ap_dist_1.0,13069,0.1656000018119812
val/object/truck_ap_dist_1.0,13663,0.15150000154972076
val/object/truck_ap_dist_1.0,14257,0.1834000051021576
val/object/truck_ap_dist_1.0,14851,0.15629999339580536
val/object/truck_ap_dist_1.0,15445,0.1574999988079071
val/object/truck_ap_dist_1.0,16039,0.1615000069141388
val/object/truck_ap_dist_1.0,16633,0.13770000636577606
val/object/truck_ap_dist_1.0,17227,0.11789999902248383
val/object/truck_ap_dist_1.0,17821,0.1445000022649765
val/object/truck_ap_dist_1.0,18415,0.1404000073671341
val/object/truck_ap_dist_1.0,19009,0.13930000364780426
val/object/truck_ap_dist_1.0,19603,0.1412000060081482
val/object/truck_ap_dist_1.0,20197,0.12099999934434891
val/object/truck_ap_dist_1.0,20791,0.12039999663829803
val/object/truck_ap_dist_1.0,21385,0.10159999877214432
val/object/truck_ap_dist_1.0,21979,0.11749999970197678
val/object/truck_ap_dist_1.0,22573,0.11599999666213989
val/object/truck_ap_dist_1.0,23167,0.11479999870061874
val/object/truck_ap_dist_1.0,23761,0.11330000311136246
val/object/truck_ap_dist_1.0,24355,0.11760000139474869
val/object/truck_ap_dist_1.0,24949,0.12540000677108765
val/object/truck_ap_dist_1.0,25543,0.12160000205039978
val/object/truck_ap_dist_1.0,26137,0.11400000005960464
val/object/truck_ap_dist_1.0,26731,0.11890000104904175
val/object/truck_ap_dist_1.0,27325,0.1177000030875206
val/object/truck_ap_dist_1.0,27919,0.1185000017285347
val/object/truck_ap_dist_1.0,28513,0.11959999799728394
val/object/truck_ap_dist_2.0,595,0.8374999761581421
val/object/truck_ap_dist_2.0,1189,0.7960000038146973
val/object/truck_ap_dist_2.0,1783,0.7698000073432922
val/object/truck_ap_dist_2.0,2377,0.745199978351593
val/object/truck_ap_dist_2.0,2971,0.7077999711036682
val/object/truck_ap_dist_2.0,3565,0.6876000165939331
val/object/truck_ap_dist_2.0,4159,0.6722000241279602
val/object/truck_ap_dist_2.0,4753,0.6427000164985657
val/object/truck_ap_dist_2.0,5347,0.6406999826431274
val/object/truck_ap_dist_2.0,5941,0.5983999967575073
val/object/truck_ap_dist_2.0,6535,0.5892000198364258
val/object/truck_ap_dist_2.0,7129,0.5479000210762024
val/object/truck_ap_dist_2.0,7723,0.5810999870300293
val/object/truck_ap_dist_2.0,8317,0.5332000255584717
val/object/truck_ap_dist_2.0,8911,0.4812000095844269
val/object/truck_ap_dist_2.0,9505,0.5388000011444092
val/object/truck_ap_dist_2.0,10099,0.49309998750686646
val/object/truck_ap_dist_2.0,10693,0.4896000027656555
val/object/truck_ap_dist_2.0,11287,0.4345000088214874
val/object/truck_ap_dist_2.0,11881,0.4706999957561493
val/object/truck_ap_dist_2.0,12475,0.4733000099658966
val/object/truck_ap_dist_2.0,13069,0.42739999294281006
val/object/truck_ap_dist_2.0,13663,0.41440001130104065
val/object/truck_ap_dist_2.0,14257,0.45249998569488525
val/object/truck_ap_dist_2.0,14851,0.4422999918460846
val/object/truck_ap_dist_2.0,15445,0.4505000114440918
val/object/truck_ap_dist_2.0,16039,0.46630001068115234
val/object/truck_ap_dist_2.0,16633,0.4018999934196472
val/object/truck_ap_dist_2.0,17227,0.38339999318122864
val/object/truck_ap_dist_2.0,17821,0.4088999927043915
val/object/truck_ap_dist_2.0,18415,0.366100013256073
val/object/truck_ap_dist_2.0,19009,0.3750999867916107
val/object/truck_ap_dist_2.0,19603,0.39590001106262207
val/object/truck_ap_dist_2.0,20197,0.3598000109195709
val/object/truck_ap_dist_2.0,20791,0.3544999957084656
val/object/truck_ap_dist_2.0,21385,0.325300008058548
val/object/truck_ap_dist_2.0,21979,0.3492000102996826
val/object/truck_ap_dist_2.0,22573,0.34860000014305115
val/object/truck_ap_dist_2.0,23167,0.34209999442100525
val/object/truck_ap_dist_2.0,23761,0.3499999940395355
val/object/truck_ap_dist_2.0,24355,0.35100001096725464
val/object/truck_ap_dist_2.0,24949,0.3727000057697296
val/object/truck_ap_dist_2.0,25543,0.35019999742507935
val/object/truck_ap_dist_2.0,26137,0.34279999136924744
val/object/truck_ap_dist_2.0,26731,0.3431999981403351
val/object/truck_ap_dist_2.0,27325,0.3434000015258789
val/object/truck_ap_dist_2.0,27919,0.34470000863075256
val/object/truck_ap_dist_2.0,28513,0.34470000863075256
val/object/truck_ap_dist_4.0,595,0.8769999742507935
val/object/truck_ap_dist_4.0,1189,0.8425999879837036
val/object/truck_ap_dist_4.0,1783,0.821399986743927
val/object/truck_ap_dist_4.0,2377,0.7997999787330627
val/object/truck_ap_dist_4.0,2971,0.7695000171661377
val/object/truck_ap_dist_4.0,3565,0.7569000124931335
val/object/truck_ap_dist_4.0,4159,0.7702999711036682
val/object/truck_ap_dist_4.0,4753,0.7235999703407288
val/object/truck_ap_dist_4.0,5347,0.7267000079154968
val/object/truck_ap_dist_4.0,5941,0.7221999764442444
val/object/truck_ap_dist_4.0,6535,0.696399986743927
val/object/truck_ap_dist_4.0,7129,0.6873999834060669
val/object/truck_ap_dist_4.0,7723,0.6782000064849854
val/object/truck_ap_dist_4.0,8317,0.6758000254631042
val/object/truck_ap_dist_4.0,8911,0.6499999761581421
val/object/truck_ap_dist_4.0,9505,0.6726999878883362
val/object/truck_ap_dist_4.0,10099,0.6305999755859375
val/object/truck_ap_dist_4.0,10693,0.6410999894142151
val/object/truck_ap_dist_4.0,11287,0.6438000202178955
val/object/truck_ap_dist_4.0,11881,0.641700029373169
val/object/truck_ap_dist_4.0,12475,0.6442999839782715
val/object/truck_ap_dist_4.0,13069,0.6319000124931335
val/object/truck_ap_dist_4.0,13663,0.6190000176429749
val/object/truck_ap_dist_4.0,14257,0.6344000101089478
val/object/truck_ap_dist_4.0,14851,0.6406999826431274
val/object/truck_ap_dist_4.0,15445,0.6352999806404114
val/object/truck_ap_dist_4.0,16039,0.650600016117096
val/object/truck_ap_dist_4.0,16633,0.6010000109672546
val/object/truck_ap_dist_4.0,17227,0.5895000100135803
val/object/truck_ap_dist_4.0,17821,0.5771999955177307
val/object/truck_ap_dist_4.0,18415,0.5602999925613403
val/object/truck_ap_dist_4.0,19009,0.5457000136375427
val/object/truck_ap_dist_4.0,19603,0.5813999772071838
val/object/truck_ap_dist_4.0,20197,0.5353000164031982
val/object/truck_ap_dist_4.0,20791,0.5422000288963318
val/object/truck_ap_dist_4.0,21385,0.5138000249862671
val/object/truck_ap_dist_4.0,21979,0.5361999869346619
val/object/truck_ap_dist_4.0,22573,0.5335000157356262
val/object/truck_ap_dist_4.0,23167,0.5185999870300293
val/object/truck_ap_dist_4.0,23761,0.5406000018119812
val/object/truck_ap_dist_4.0,24355,0.5523999929428101
val/object/truck_ap_dist_4.0,24949,0.5547000169754028
val/object/truck_ap_dist_4.0,25543,0.5343000292778015
val/object/truck_ap_dist_4.0,26137,0.5321999788284302
val/object/truck_ap_dist_4.0,26731,0.5322999954223633
val/object/truck_ap_dist_4.0,27325,0.5327000021934509
val/object/truck_ap_dist_4.0,27919,0.5338000059127808
val/object/truck_ap_dist_4.0,28513,0.532800018787384
val/object/truck_trans_err,595,0.20229999721050262
val/object/truck_trans_err,1189,0.25609999895095825
val/object/truck_trans_err,1783,0.37130001187324524
val/object/truck_trans_err,2377,0.41040000319480896
val/object/truck_trans_err,2971,0.515500009059906
val/object/truck_trans_err,3565,0.5169000029563904
val/object/truck_trans_err,4159,0.5753999948501587
val/object/truck_trans_err,4753,0.6359999775886536
val/object/truck_trans_err,5347,0.6111000180244446
val/object/truck_trans_err,5941,0.602400004863739
val/object/truck_trans_err,6535,0.6815000176429749
val/object/truck_trans_err,7129,0.6984999775886536
val/object/truck_trans_err,7723,0.6518999934196472
val/object/truck_trans_err,8317,0.656499981880188
val/object/truck_trans_err,8911,0.7993999719619751
val/object/truck_trans_err,9505,0.689300000667572
val/object/truck_trans_err,10099,0.7314000129699707
val/object/truck_trans_err,10693,0.7470999956130981
val/object/truck_trans_err,11287,0.8059999942779541
val/object/truck_trans_err,11881,0.7901999950408936
val/object/truck_trans_err,12475,0.7709000110626221
val/object/truck_trans_err,13069,0.7671999931335449
val/object/truck_trans_err,13663,0.796500027179718
val/object/truck_trans_err,14257,0.7713000178337097
val/object/truck_trans_err,14851,0.8449000120162964
val/object/truck_trans_err,15445,0.828499972820282
val/object/truck_trans_err,16039,0.7921000123023987
val/object/truck_trans_err,16633,0.8119000196456909
val/object/truck_trans_err,17227,0.8824999928474426
val/object/truck_trans_err,17821,0.8101999759674072
val/object/truck_trans_err,18415,0.7971000075340271
val/object/truck_trans_err,19009,0.8008999824523926
val/object/truck_trans_err,19603,0.8109999895095825
val/object/truck_trans_err,20197,0.8180000185966492
val/object/truck_trans_err,20791,0.8281000256538391
val/object/truck_trans_err,21385,0.8483999967575073
val/object/truck_trans_err,21979,0.8199999928474426
val/object/truck_trans_err,22573,0.8300999999046326
val/object/truck_trans_err,23167,0.8288999795913696
val/object/truck_trans_err,23761,0.857699990272522
val/object/truck_trans_err,24355,0.8349000215530396
val/object/truck_trans_err,24949,0.8367999792098999
val/object/truck_trans_err,25543,0.8287000060081482
val/object/truck_trans_err,26137,0.8313999772071838
val/object/truck_trans_err,26731,0.8353000283241272
val/object/truck_trans_err,27325,0.8410999774932861
val/object/truck_trans_err,27919,0.8375999927520752
val/object/truck_trans_err,28513,0.8278999924659729
val/object/truck_scale_err,595,0.1891999989748001
val/object/truck_scale_err,1189,0.23579999804496765
val/object/truck_scale_err,1783,0.2680000066757202
val/object/truck_scale_err,2377,0.27070000767707825
val/object/truck_scale_err,2971,0.2720000147819519
val/object/truck_scale_err,3565,0.2854999899864197
val/object/truck_scale_err,4159,0.3025999963283539
val/object/truck_scale_err,4753,0.2962000072002411
val/object/truck_scale_err,5347,0.2863999903202057
val/object/truck_scale_err,5941,0.2833000123500824
val/object/truck_scale_err,6535,0.30169999599456787
val/object/truck_scale_err,7129,0.31049999594688416
val/object/truck_scale_err,7723,0.2971000075340271
val/object/truck_scale_err,8317,0.3075999915599823
val/object/truck_scale_err,8911,0.3116999864578247
val/object/truck_scale_err,9505,0.3086000084877014
val/object/truck_scale_err,10099,0.32010000944137573
val/object/truck_scale_err,10693,0.31200000643730164
val/object/truck_scale_err,11287,0.3427000045776367
val/object/truck_scale_err,11881,0.3601999878883362
val/object/truck_scale_err,12475,0.33799999952316284
val/object/truck_scale_err,13069,0.35339999198913574
val/object/truck_scale_err,13663,0.351500004529953
val/object/truck_scale_err,14257,0.34040001034736633
val/object/truck_scale_err,14851,0.36399999260902405
val/object/truck_scale_err,15445,0.3546999990940094
val/object/truck_scale_err,16039,0.3441999852657318
val/object/truck_scale_err,16633,0.35530000925064087
val/object/truck_scale_err,17227,0.349700003862381
val/object/truck_scale_err,17821,0.34290000796318054
val/object/truck_scale_err,18415,0.35199999809265137
val/object/truck_scale_err,19009,0.3517000079154968
val/object/truck_scale_err,19603,0.357699990272522
val/object/truck_scale_err,20197,0.3612000048160553
val/object/truck_scale_err,20791,0.3707999885082245
val/object/truck_scale_err,21385,0.36250001192092896
val/object/truck_scale_err,21979,0.3659000098705292
val/object/truck_scale_err,22573,0.3580999970436096
val/object/truck_scale_err,23167,0.3709000051021576
val/object/truck_scale_err,23761,0.3677000105381012
val/object/truck_scale_err,24355,0.3691999912261963
val/object/truck_scale_err,24949,0.37450000643730164
val/object/truck_scale_err,25543,0.36809998750686646
val/object/truck_scale_err,26137,0.36649999022483826
val/object/truck_scale_err,26731,0.3714999854564667
val/object/truck_scale_err,27325,0.36970001459121704
val/object/truck_scale_err,27919,0.3659999966621399
val/object/truck_scale_err,28513,0.3646000027656555
val/object/truck_orient_err,595,0.044199999421834946
val/object/truck_orient_err,1189,0.04780000075697899
val/object/truck_orient_err,1783,0.060100000351667404
val/object/truck_orient_err,2377,0.08079999685287476
val/object/truck_orient_err,2971,0.09510000050067902
val/object/truck_orient_err,3565,0.08640000224113464
val/object/truck_orient_err,4159,0.11379999667406082
val/object/truck_orient_err,4753,0.11100000143051147
val/object/truck_orient_err,5347,0.12290000170469284
val/object/truck_orient_err,5941,0.11159999668598175
val/object/truck_orient_err,6535,0.1485999971628189
val/object/truck_orient_err,7129,0.14190000295639038
val/object/truck_orient_err,7723,0.1468999981880188
val/object/truck_orient_err,8317,0.1348000019788742
val/object/truck_orient_err,8911,0.121799997985363
val/object/truck_orient_err,9505,0.1940000057220459
val/object/truck_orient_err,10099,0.17139999568462372
val/object/truck_orient_err,10693,0.19300000369548798
val/object/truck_orient_err,11287,0.16850000619888306
val/object/truck_orient_err,11881,0.16609999537467957
val/object/truck_orient_err,12475,0.13850000500679016
val/object/truck_orient_err,13069,0.1615000069141388
val/object/truck_orient_err,13663,0.16329999268054962
val/object/truck_orient_err,14257,0.14839999377727509
val/object/truck_orient_err,14851,0.1534000039100647
val/object/truck_orient_err,15445,0.19670000672340393
val/object/truck_orient_err,16039,0.1728000044822693
val/object/truck_orient_err,16633,0.1597999930381775
val/object/truck_orient_err,17227,0.18850000202655792
val/object/truck_orient_err,17821,0.19030000269412994
val/object/truck_orient_err,18415,0.1655000001192093
val/object/truck_orient_err,19009,0.1665000021457672
val/object/truck_orient_err,19603,0.1598999947309494
val/object/truck_orient_err,20197,0.17880000174045563
val/object/truck_orient_err,20791,0.18219999969005585
val/object/truck_orient_err,21385,0.1860000044107437
val/object/truck_orient_err,21979,0.1843000054359436
val/object/truck_orient_err,22573,0.16740000247955322
val/object/truck_orient_err,23167,0.188400000333786
val/object/truck_orient_err,23761,0.1972000002861023
val/object/truck_orient_err,24355,0.1712999939918518
val/object/truck_orient_err,24949,0.1656000018119812
val/object/truck_orient_err,25543,0.18000000715255737
val/object/truck_orient_err,26137,0.16249999403953552
val/object/truck_orient_err,26731,0.16899999976158142
val/object/truck_orient_err,27325,0.16990000009536743
val/object/truck_orient_err,27919,0.16179999709129333
val/object/truck_orient_err,28513,0.15889999270439148
val/object/truck_vel_err,595,1.0
val/object/truck_vel_err,1189,1.0
val/object/truck_vel_err,1783,1.0
val/object/truck_vel_err,2377,1.0
val/object/truck_vel_err,2971,1.0
val/object/truck_vel_err,3565,1.0
val/object/truck_vel_err,4159,1.0
val/object/truck_vel_err,4753,1.0
val/object/truck_vel_err,5347,1.0
val/object/truck_vel_err,5941,1.0
val/object/truck_vel_err,6535,1.0
val/object/truck_vel_err,7129,1.0
val/object/truck_vel_err,7723,1.0
val/object/truck_vel_err,8317,1.0
val/object/truck_vel_err,8911,1.0
val/object/truck_vel_err,9505,1.0
val/object/truck_vel_err,10099,1.0
val/object/truck_vel_err,10693,1.0
val/object/truck_vel_err,11287,1.0
val/object/truck_vel_err,11881,1.0
val/object/truck_vel_err,12475,1.0
val/object/truck_vel_err,13069,1.0
val/object/truck_vel_err,13663,1.0
val/object/truck_vel_err,14257,1.0
val/object/truck_vel_err,14851,1.0
val/object/truck_vel_err,15445,1.0
val/object/truck_vel_err,16039,1.0
val/object/truck_vel_err,16633,1.0
val/object/truck_vel_err,17227,1.0
val/object/truck_vel_err,17821,1.0
val/object/truck_vel_err,18415,1.0
val/object/truck_vel_err,19009,1.0
val/object/truck_vel_err,19603,1.0
val/object/truck_vel_err,20197,1.0
val/object/truck_vel_err,20791,1.0
val/object/truck_vel_err,21385,1.0
val/object/truck_vel_err,21979,1.0
val/object/truck_vel_err,22573,1.0
val/object/truck_vel_err,23167,1.0
val/object/truck_vel_err,23761,1.0
val/object/truck_vel_err,24355,1.0
val/object/truck_vel_err,24949,1.0
val/object/truck_vel_err,25543,1.0
val/object/truck_vel_err,26137,1.0
val/object/truck_vel_err,26731,1.0
val/object/truck_vel_err,27325,1.0
val/object/truck_vel_err,27919,1.0
val/object/truck_vel_err,28513,1.0
val/object/truck_attr_err,595,0.0
val/object/truck_attr_err,1189,0.0
val/object/truck_attr_err,1783,0.0
val/object/truck_attr_err,2377,0.0
val/object/truck_attr_err,2971,0.0
val/object/truck_attr_err,3565,0.0
val/object/truck_attr_err,4159,0.0
val/object/truck_attr_err,4753,0.0
val/object/truck_attr_err,5347,0.0
val/object/truck_attr_err,5941,0.0
val/object/truck_attr_err,6535,0.0
val/object/truck_attr_err,7129,0.0
val/object/truck_attr_err,7723,0.0
val/object/truck_attr_err,8317,0.0
val/object/truck_attr_err,8911,0.0
val/object/truck_attr_err,9505,0.0
val/object/truck_attr_err,10099,0.0
val/object/truck_attr_err,10693,0.0
val/object/truck_attr_err,11287,0.0
val/object/truck_attr_err,11881,0.0
val/object/truck_attr_err,12475,0.0
val/object/truck_attr_err,13069,0.0
val/object/truck_attr_err,13663,0.0
val/object/truck_attr_err,14257,0.0
val/object/truck_attr_err,14851,0.0
val/object/truck_attr_err,15445,0.0
val/object/truck_attr_err,16039,0.0
val/object/truck_attr_err,16633,0.0
val/object/truck_attr_err,17227,0.0
val/object/truck_attr_err,17821,0.0
val/object/truck_attr_err,18415,0.0
val/object/truck_attr_err,19009,0.0
val/object/truck_attr_err,19603,0.0
val/object/truck_attr_err,20197,0.0
val/object/truck_attr_err,20791,0.0
val/object/truck_attr_err,21385,0.0
val/object/truck_attr_err,21979,0.0
val/object/truck_attr_err,22573,0.0
val/object/truck_attr_err,23167,0.0
val/object/truck_attr_err,23761,0.0
val/object/truck_attr_err,24355,0.0
val/object/truck_attr_err,24949,0.0
val/object/truck_attr_err,25543,0.0
val/object/truck_attr_err,26137,0.0
val/object/truck_attr_err,26731,0.0
val/object/truck_attr_err,27325,0.0
val/object/truck_attr_err,27919,0.0
val/object/truck_attr_err,28513,0.0
val/object/construction_vehicle_ap_dist_0.5,595,0.0
val/object/construction_vehicle_ap_dist_0.5,1189,0.0
val/object/construction_vehicle_ap_dist_0.5,1783,0.0
val/object/construction_vehicle_ap_dist_0.5,2377,0.0
val/object/construction_vehicle_ap_dist_0.5,2971,0.0
val/object/construction_vehicle_ap_dist_0.5,3565,0.0
val/object/construction_vehicle_ap_dist_0.5,4159,0.0
val/object/construction_vehicle_ap_dist_0.5,4753,0.0
val/object/construction_vehicle_ap_dist_0.5,5347,0.0
val/object/construction_vehicle_ap_dist_0.5,5941,0.0
val/object/construction_vehicle_ap_dist_0.5,6535,0.0
val/object/construction_vehicle_ap_dist_0.5,7129,0.0
val/object/construction_vehicle_ap_dist_0.5,7723,0.0
val/object/construction_vehicle_ap_dist_0.5,8317,0.0
val/object/construction_vehicle_ap_dist_0.5,8911,0.0
val/object/construction_vehicle_ap_dist_0.5,9505,0.0
val/object/construction_vehicle_ap_dist_0.5,10099,0.0
val/object/construction_vehicle_ap_dist_0.5,10693,0.0
val/object/construction_vehicle_ap_dist_0.5,11287,0.0
val/object/construction_vehicle_ap_dist_0.5,11881,0.0
val/object/construction_vehicle_ap_dist_0.5,12475,0.0
val/object/construction_vehicle_ap_dist_0.5,13069,0.0
val/object/construction_vehicle_ap_dist_0.5,13663,0.0
val/object/construction_vehicle_ap_dist_0.5,14257,0.0
val/object/construction_vehicle_ap_dist_0.5,14851,0.0
val/object/construction_vehicle_ap_dist_0.5,15445,0.0
val/object/construction_vehicle_ap_dist_0.5,16039,0.0
val/object/construction_vehicle_ap_dist_0.5,16633,0.0
val/object/construction_vehicle_ap_dist_0.5,17227,0.0
val/object/construction_vehicle_ap_dist_0.5,17821,0.0
val/object/construction_vehicle_ap_dist_0.5,18415,0.0
val/object/construction_vehicle_ap_dist_0.5,19009,0.0
val/object/construction_vehicle_ap_dist_0.5,19603,0.0
val/object/construction_vehicle_ap_dist_0.5,20197,0.0
val/object/construction_vehicle_ap_dist_0.5,20791,0.0
val/object/construction_vehicle_ap_dist_0.5,21385,0.0
val/object/construction_vehicle_ap_dist_0.5,21979,0.0
val/object/construction_vehicle_ap_dist_0.5,22573,0.0
val/object/construction_vehicle_ap_dist_0.5,23167,0.0
val/object/construction_vehicle_ap_dist_0.5,23761,0.0
val/object/construction_vehicle_ap_dist_0.5,24355,0.0
val/object/construction_vehicle_ap_dist_0.5,24949,0.0
val/object/construction_vehicle_ap_dist_0.5,25543,0.0
val/object/construction_vehicle_ap_dist_0.5,26137,0.0
val/object/construction_vehicle_ap_dist_0.5,26731,0.0
val/object/construction_vehicle_ap_dist_0.5,27325,0.0
val/object/construction_vehicle_ap_dist_0.5,27919,0.0
val/object/construction_vehicle_ap_dist_0.5,28513,0.0
val/object/construction_vehicle_ap_dist_1.0,595,0.0
val/object/construction_vehicle_ap_dist_1.0,1189,0.0
val/object/construction_vehicle_ap_dist_1.0,1783,0.0
val/object/construction_vehicle_ap_dist_1.0,2377,0.0
val/object/construction_vehicle_ap_dist_1.0,2971,0.0
val/object/construction_vehicle_ap_dist_1.0,3565,0.0
val/object/construction_vehicle_ap_dist_1.0,4159,0.0
val/object/construction_vehicle_ap_dist_1.0,4753,0.0
val/object/construction_vehicle_ap_dist_1.0,5347,0.0
val/object/construction_vehicle_ap_dist_1.0,5941,0.0
val/object/construction_vehicle_ap_dist_1.0,6535,0.0
val/object/construction_vehicle_ap_dist_1.0,7129,0.0
val/object/construction_vehicle_ap_dist_1.0,7723,0.0
val/object/construction_vehicle_ap_dist_1.0,8317,0.0
val/object/construction_vehicle_ap_dist_1.0,8911,0.0
val/object/construction_vehicle_ap_dist_1.0,9505,0.0
val/object/construction_vehicle_ap_dist_1.0,10099,0.0
val/object/construction_vehicle_ap_dist_1.0,10693,0.0
val/object/construction_vehicle_ap_dist_1.0,11287,0.0
val/object/construction_vehicle_ap_dist_1.0,11881,0.0
val/object/construction_vehicle_ap_dist_1.0,12475,0.0
val/object/construction_vehicle_ap_dist_1.0,13069,0.0
val/object/construction_vehicle_ap_dist_1.0,13663,0.0
val/object/construction_vehicle_ap_dist_1.0,14257,0.0
val/object/construction_vehicle_ap_dist_1.0,14851,0.0
val/object/construction_vehicle_ap_dist_1.0,15445,0.0
val/object/construction_vehicle_ap_dist_1.0,16039,0.0
val/object/construction_vehicle_ap_dist_1.0,16633,0.0
val/object/construction_vehicle_ap_dist_1.0,17227,0.0
val/object/construction_vehicle_ap_dist_1.0,17821,0.0
val/object/construction_vehicle_ap_dist_1.0,18415,0.0
val/object/construction_vehicle_ap_dist_1.0,19009,0.0
val/object/construction_vehicle_ap_dist_1.0,19603,0.0
val/object/construction_vehicle_ap_dist_1.0,20197,0.0
val/object/construction_vehicle_ap_dist_1.0,20791,0.0
val/object/construction_vehicle_ap_dist_1.0,21385,0.0
val/object/construction_vehicle_ap_dist_1.0,21979,0.0
val/object/construction_vehicle_ap_dist_1.0,22573,0.0
val/object/construction_vehicle_ap_dist_1.0,23167,0.0
val/object/construction_vehicle_ap_dist_1.0,23761,0.0
val/object/construction_vehicle_ap_dist_1.0,24355,0.0
val/object/construction_vehicle_ap_dist_1.0,24949,0.0
val/object/construction_vehicle_ap_dist_1.0,25543,0.0
val/object/construction_vehicle_ap_dist_1.0,26137,0.0
val/object/construction_vehicle_ap_dist_1.0,26731,0.0
val/object/construction_vehicle_ap_dist_1.0,27325,0.0
val/object/construction_vehicle_ap_dist_1.0,27919,0.0
val/object/construction_vehicle_ap_dist_1.0,28513,0.0
val/object/construction_vehicle_ap_dist_2.0,595,0.0
val/object/construction_vehicle_ap_dist_2.0,1189,0.0
val/object/construction_vehicle_ap_dist_2.0,1783,0.0
val/object/construction_vehicle_ap_dist_2.0,2377,0.0
val/object/construction_vehicle_ap_dist_2.0,2971,0.0
val/object/construction_vehicle_ap_dist_2.0,3565,0.0
val/object/construction_vehicle_ap_dist_2.0,4159,0.0
val/object/construction_vehicle_ap_dist_2.0,4753,0.0
val/object/construction_vehicle_ap_dist_2.0,5347,0.0
val/object/construction_vehicle_ap_dist_2.0,5941,0.0
val/object/construction_vehicle_ap_dist_2.0,6535,0.0
val/object/construction_vehicle_ap_dist_2.0,7129,0.0
val/object/construction_vehicle_ap_dist_2.0,7723,0.0
val/object/construction_vehicle_ap_dist_2.0,8317,0.0
val/object/construction_vehicle_ap_dist_2.0,8911,0.0
val/object/construction_vehicle_ap_dist_2.0,9505,0.0
val/object/construction_vehicle_ap_dist_2.0,10099,0.0
val/object/construction_vehicle_ap_dist_2.0,10693,0.0
val/object/construction_vehicle_ap_dist_2.0,11287,0.0
val/object/construction_vehicle_ap_dist_2.0,11881,0.0
val/object/construction_vehicle_ap_dist_2.0,12475,0.0
val/object/construction_vehicle_ap_dist_2.0,13069,0.0
val/object/construction_vehicle_ap_dist_2.0,13663,0.0
val/object/construction_vehicle_ap_dist_2.0,14257,0.0
val/object/construction_vehicle_ap_dist_2.0,14851,0.0
val/object/construction_vehicle_ap_dist_2.0,15445,0.0
val/object/construction_vehicle_ap_dist_2.0,16039,0.0
val/object/construction_vehicle_ap_dist_2.0,16633,0.0
val/object/construction_vehicle_ap_dist_2.0,17227,0.0
val/object/construction_vehicle_ap_dist_2.0,17821,0.0
val/object/construction_vehicle_ap_dist_2.0,18415,0.0
val/object/construction_vehicle_ap_dist_2.0,19009,0.0
val/object/construction_vehicle_ap_dist_2.0,19603,0.0
val/object/construction_vehicle_ap_dist_2.0,20197,0.0
val/object/construction_vehicle_ap_dist_2.0,20791,0.0
val/object/construction_vehicle_ap_dist_2.0,21385,0.0
val/object/construction_vehicle_ap_dist_2.0,21979,0.0
val/object/construction_vehicle_ap_dist_2.0,22573,0.0
val/object/construction_vehicle_ap_dist_2.0,23167,0.0
val/object/construction_vehicle_ap_dist_2.0,23761,0.0
val/object/construction_vehicle_ap_dist_2.0,24355,0.0
val/object/construction_vehicle_ap_dist_2.0,24949,0.0
val/object/construction_vehicle_ap_dist_2.0,25543,0.0
val/object/construction_vehicle_ap_dist_2.0,26137,0.0
val/object/construction_vehicle_ap_dist_2.0,26731,0.0
val/object/construction_vehicle_ap_dist_2.0,27325,0.0
val/object/construction_vehicle_ap_dist_2.0,27919,0.0
val/object/construction_vehicle_ap_dist_2.0,28513,0.0
val/object/construction_vehicle_ap_dist_4.0,595,0.0
val/object/construction_vehicle_ap_dist_4.0,1189,0.0
val/object/construction_vehicle_ap_dist_4.0,1783,0.0
val/object/construction_vehicle_ap_dist_4.0,2377,0.0
val/object/construction_vehicle_ap_dist_4.0,2971,0.0
val/object/construction_vehicle_ap_dist_4.0,3565,0.0
val/object/construction_vehicle_ap_dist_4.0,4159,0.0
val/object/construction_vehicle_ap_dist_4.0,4753,0.0
val/object/construction_vehicle_ap_dist_4.0,5347,0.0
val/object/construction_vehicle_ap_dist_4.0,5941,0.0
val/object/construction_vehicle_ap_dist_4.0,6535,0.0
val/object/construction_vehicle_ap_dist_4.0,7129,0.0
val/object/construction_vehicle_ap_dist_4.0,7723,0.0
val/object/construction_vehicle_ap_dist_4.0,8317,0.0
val/object/construction_vehicle_ap_dist_4.0,8911,0.0
val/object/construction_vehicle_ap_dist_4.0,9505,0.0
val/object/construction_vehicle_ap_dist_4.0,10099,0.0
val/object/construction_vehicle_ap_dist_4.0,10693,0.0
val/object/construction_vehicle_ap_dist_4.0,11287,0.0
val/object/construction_vehicle_ap_dist_4.0,11881,0.0
val/object/construction_vehicle_ap_dist_4.0,12475,0.0
val/object/construction_vehicle_ap_dist_4.0,13069,0.0
val/object/construction_vehicle_ap_dist_4.0,13663,0.0
val/object/construction_vehicle_ap_dist_4.0,14257,0.0
val/object/construction_vehicle_ap_dist_4.0,14851,0.0
val/object/construction_vehicle_ap_dist_4.0,15445,0.0
val/object/construction_vehicle_ap_dist_4.0,16039,0.0
val/object/construction_vehicle_ap_dist_4.0,16633,0.0
val/object/construction_vehicle_ap_dist_4.0,17227,0.0
val/object/construction_vehicle_ap_dist_4.0,17821,0.0
val/object/construction_vehicle_ap_dist_4.0,18415,0.0
val/object/construction_vehicle_ap_dist_4.0,19009,0.0
val/object/construction_vehicle_ap_dist_4.0,19603,0.0
val/object/construction_vehicle_ap_dist_4.0,20197,0.0
val/object/construction_vehicle_ap_dist_4.0,20791,0.0
val/object/construction_vehicle_ap_dist_4.0,21385,0.0
val/object/construction_vehicle_ap_dist_4.0,21979,0.0
val/object/construction_vehicle_ap_dist_4.0,22573,0.0
val/object/construction_vehicle_ap_dist_4.0,23167,0.0
val/object/construction_vehicle_ap_dist_4.0,23761,0.0
val/object/construction_vehicle_ap_dist_4.0,24355,0.0
val/object/construction_vehicle_ap_dist_4.0,24949,0.0
val/object/construction_vehicle_ap_dist_4.0,25543,0.0
val/object/construction_vehicle_ap_dist_4.0,26137,0.0
val/object/construction_vehicle_ap_dist_4.0,26731,0.0
val/object/construction_vehicle_ap_dist_4.0,27325,0.0
val/object/construction_vehicle_ap_dist_4.0,27919,0.0
val/object/construction_vehicle_ap_dist_4.0,28513,0.0
val/object/construction_vehicle_trans_err,595,1.0
val/object/construction_vehicle_trans_err,1189,1.0
val/object/construction_vehicle_trans_err,1783,1.0
val/object/construction_vehicle_trans_err,2377,1.0
val/object/construction_vehicle_trans_err,2971,1.0
val/object/construction_vehicle_trans_err,3565,1.0
val/object/construction_vehicle_trans_err,4159,1.0
val/object/construction_vehicle_trans_err,4753,1.0
val/object/construction_vehicle_trans_err,5347,1.0
val/object/construction_vehicle_trans_err,5941,1.0
val/object/construction_vehicle_trans_err,6535,1.0
val/object/construction_vehicle_trans_err,7129,1.0
val/object/construction_vehicle_trans_err,7723,1.0
val/object/construction_vehicle_trans_err,8317,1.0
val/object/construction_vehicle_trans_err,8911,1.0
val/object/construction_vehicle_trans_err,9505,1.0
val/object/construction_vehicle_trans_err,10099,1.0
val/object/construction_vehicle_trans_err,10693,1.0
val/object/construction_vehicle_trans_err,11287,1.0
val/object/construction_vehicle_trans_err,11881,1.0
val/object/construction_vehicle_trans_err,12475,1.0
val/object/construction_vehicle_trans_err,13069,1.0
val/object/construction_vehicle_trans_err,13663,1.0
val/object/construction_vehicle_trans_err,14257,1.0
val/object/construction_vehicle_trans_err,14851,1.0
val/object/construction_vehicle_trans_err,15445,1.0
val/object/construction_vehicle_trans_err,16039,1.0
val/object/construction_vehicle_trans_err,16633,1.0
val/object/construction_vehicle_trans_err,17227,1.0
val/object/construction_vehicle_trans_err,17821,1.0
val/object/construction_vehicle_trans_err,18415,1.0
val/object/construction_vehicle_trans_err,19009,1.0
val/object/construction_vehicle_trans_err,19603,1.0
val/object/construction_vehicle_trans_err,20197,1.0
val/object/construction_vehicle_trans_err,20791,1.0
val/object/construction_vehicle_trans_err,21385,1.0
val/object/construction_vehicle_trans_err,21979,1.0
val/object/construction_vehicle_trans_err,22573,1.0
val/object/construction_vehicle_trans_err,23167,1.0
val/object/construction_vehicle_trans_err,23761,1.0
val/object/construction_vehicle_trans_err,24355,1.0
val/object/construction_vehicle_trans_err,24949,1.0
val/object/construction_vehicle_trans_err,25543,1.0
val/object/construction_vehicle_trans_err,26137,1.0
val/object/construction_vehicle_trans_err,26731,1.0
val/object/construction_vehicle_trans_err,27325,1.0
val/object/construction_vehicle_trans_err,27919,1.0
val/object/construction_vehicle_trans_err,28513,1.0
val/object/construction_vehicle_scale_err,595,1.0
val/object/construction_vehicle_scale_err,1189,1.0
val/object/construction_vehicle_scale_err,1783,1.0
val/object/construction_vehicle_scale_err,2377,1.0
val/object/construction_vehicle_scale_err,2971,1.0
val/object/construction_vehicle_scale_err,3565,1.0
val/object/construction_vehicle_scale_err,4159,1.0
val/object/construction_vehicle_scale_err,4753,1.0
val/object/construction_vehicle_scale_err,5347,1.0
val/object/construction_vehicle_scale_err,5941,1.0
val/object/construction_vehicle_scale_err,6535,1.0
val/object/construction_vehicle_scale_err,7129,1.0
val/object/construction_vehicle_scale_err,7723,1.0
val/object/construction_vehicle_scale_err,8317,1.0
val/object/construction_vehicle_scale_err,8911,1.0
val/object/construction_vehicle_scale_err,9505,1.0
val/object/construction_vehicle_scale_err,10099,1.0
val/object/construction_vehicle_scale_err,10693,1.0
val/object/construction_vehicle_scale_err,11287,1.0
val/object/construction_vehicle_scale_err,11881,1.0
val/object/construction_vehicle_scale_err,12475,1.0
val/object/construction_vehicle_scale_err,13069,1.0
val/object/construction_vehicle_scale_err,13663,1.0
val/object/construction_vehicle_scale_err,14257,1.0
val/object/construction_vehicle_scale_err,14851,1.0
val/object/construction_vehicle_scale_err,15445,1.0
val/object/construction_vehicle_scale_err,16039,1.0
val/object/construction_vehicle_scale_err,16633,1.0
val/object/construction_vehicle_scale_err,17227,1.0
val/object/construction_vehicle_scale_err,17821,1.0
val/object/construction_vehicle_scale_err,18415,1.0
val/object/construction_vehicle_scale_err,19009,1.0
val/object/construction_vehicle_scale_err,19603,1.0
val/object/construction_vehicle_scale_err,20197,1.0
val/object/construction_vehicle_scale_err,20791,1.0
val/object/construction_vehicle_scale_err,21385,1.0
val/object/construction_vehicle_scale_err,21979,1.0
val/object/construction_vehicle_scale_err,22573,1.0
val/object/construction_vehicle_scale_err,23167,1.0
val/object/construction_vehicle_scale_err,23761,1.0
val/object/construction_vehicle_scale_err,24355,1.0
val/object/construction_vehicle_scale_err,24949,1.0
val/object/construction_vehicle_scale_err,25543,1.0
val/object/construction_vehicle_scale_err,26137,1.0
val/object/construction_vehicle_scale_err,26731,1.0
val/object/construction_vehicle_scale_err,27325,1.0
val/object/construction_vehicle_scale_err,27919,1.0
val/object/construction_vehicle_scale_err,28513,1.0
val/object/construction_vehicle_orient_err,595,1.0
val/object/construction_vehicle_orient_err,1189,1.0
val/object/construction_vehicle_orient_err,1783,1.0
val/object/construction_vehicle_orient_err,2377,1.0
val/object/construction_vehicle_orient_err,2971,1.0
val/object/construction_vehicle_orient_err,3565,1.0
val/object/construction_vehicle_orient_err,4159,1.0
val/object/construction_vehicle_orient_err,4753,1.0
val/object/construction_vehicle_orient_err,5347,1.0
val/object/construction_vehicle_orient_err,5941,1.0
val/object/construction_vehicle_orient_err,6535,1.0
val/object/construction_vehicle_orient_err,7129,1.0
val/object/construction_vehicle_orient_err,7723,1.0
val/object/construction_vehicle_orient_err,8317,1.0
val/object/construction_vehicle_orient_err,8911,1.0
val/object/construction_vehicle_orient_err,9505,1.0
val/object/construction_vehicle_orient_err,10099,1.0
val/object/construction_vehicle_orient_err,10693,1.0
val/object/construction_vehicle_orient_err,11287,1.0
val/object/construction_vehicle_orient_err,11881,1.0
val/object/construction_vehicle_orient_err,12475,1.0
val/object/construction_vehicle_orient_err,13069,1.0
val/object/construction_vehicle_orient_err,13663,1.0
val/object/construction_vehicle_orient_err,14257,1.0
val/object/construction_vehicle_orient_err,14851,1.0
val/object/construction_vehicle_orient_err,15445,1.0
val/object/construction_vehicle_orient_err,16039,1.0
val/object/construction_vehicle_orient_err,16633,1.0
val/object/construction_vehicle_orient_err,17227,1.0
val/object/construction_vehicle_orient_err,17821,1.0
val/object/construction_vehicle_orient_err,18415,1.0
val/object/construction_vehicle_orient_err,19009,1.0
val/object/construction_vehicle_orient_err,19603,1.0
val/object/construction_vehicle_orient_err,20197,1.0
val/object/construction_vehicle_orient_err,20791,1.0
val/object/construction_vehicle_orient_err,21385,1.0
val/object/construction_vehicle_orient_err,21979,1.0
val/object/construction_vehicle_orient_err,22573,1.0
val/object/construction_vehicle_orient_err,23167,1.0
val/object/construction_vehicle_orient_err,23761,1.0
val/object/construction_vehicle_orient_err,24355,1.0
val/object/construction_vehicle_orient_err,24949,1.0
val/object/construction_vehicle_orient_err,25543,1.0
val/object/construction_vehicle_orient_err,26137,1.0
val/object/construction_vehicle_orient_err,26731,1.0
val/object/construction_vehicle_orient_err,27325,1.0
val/object/construction_vehicle_orient_err,27919,1.0
val/object/construction_vehicle_orient_err,28513,1.0
val/object/construction_vehicle_vel_err,595,1.0
val/object/construction_vehicle_vel_err,1189,1.0
val/object/construction_vehicle_vel_err,1783,1.0
val/object/construction_vehicle_vel_err,2377,1.0
val/object/construction_vehicle_vel_err,2971,1.0
val/object/construction_vehicle_vel_err,3565,1.0
val/object/construction_vehicle_vel_err,4159,1.0
val/object/construction_vehicle_vel_err,4753,1.0
val/object/construction_vehicle_vel_err,5347,1.0
val/object/construction_vehicle_vel_err,5941,1.0
val/object/construction_vehicle_vel_err,6535,1.0
val/object/construction_vehicle_vel_err,7129,1.0
val/object/construction_vehicle_vel_err,7723,1.0
val/object/construction_vehicle_vel_err,8317,1.0
val/object/construction_vehicle_vel_err,8911,1.0
val/object/construction_vehicle_vel_err,9505,1.0
val/object/construction_vehicle_vel_err,10099,1.0
val/object/construction_vehicle_vel_err,10693,1.0
val/object/construction_vehicle_vel_err,11287,1.0
val/object/construction_vehicle_vel_err,11881,1.0
val/object/construction_vehicle_vel_err,12475,1.0
val/object/construction_vehicle_vel_err,13069,1.0
val/object/construction_vehicle_vel_err,13663,1.0
val/object/construction_vehicle_vel_err,14257,1.0
val/object/construction_vehicle_vel_err,14851,1.0
val/object/construction_vehicle_vel_err,15445,1.0
val/object/construction_vehicle_vel_err,16039,1.0
val/object/construction_vehicle_vel_err,16633,1.0
val/object/construction_vehicle_vel_err,17227,1.0
val/object/construction_vehicle_vel_err,17821,1.0
val/object/construction_vehicle_vel_err,18415,1.0
val/object/construction_vehicle_vel_err,19009,1.0
val/object/construction_vehicle_vel_err,19603,1.0
val/object/construction_vehicle_vel_err,20197,1.0
val/object/construction_vehicle_vel_err,20791,1.0
val/object/construction_vehicle_vel_err,21385,1.0
val/object/construction_vehicle_vel_err,21979,1.0
val/object/construction_vehicle_vel_err,22573,1.0
val/object/construction_vehicle_vel_err,23167,1.0
val/object/construction_vehicle_vel_err,23761,1.0
val/object/construction_vehicle_vel_err,24355,1.0
val/object/construction_vehicle_vel_err,24949,1.0
val/object/construction_vehicle_vel_err,25543,1.0
val/object/construction_vehicle_vel_err,26137,1.0
val/object/construction_vehicle_vel_err,26731,1.0
val/object/construction_vehicle_vel_err,27325,1.0
val/object/construction_vehicle_vel_err,27919,1.0
val/object/construction_vehicle_vel_err,28513,1.0
val/object/construction_vehicle_attr_err,595,1.0
val/object/construction_vehicle_attr_err,1189,1.0
val/object/construction_vehicle_attr_err,1783,1.0
val/object/construction_vehicle_attr_err,2377,1.0
val/object/construction_vehicle_attr_err,2971,1.0
val/object/construction_vehicle_attr_err,3565,1.0
val/object/construction_vehicle_attr_err,4159,1.0
val/object/construction_vehicle_attr_err,4753,1.0
val/object/construction_vehicle_attr_err,5347,1.0
val/object/construction_vehicle_attr_err,5941,1.0
val/object/construction_vehicle_attr_err,6535,1.0
val/object/construction_vehicle_attr_err,7129,1.0
val/object/construction_vehicle_attr_err,7723,1.0
val/object/construction_vehicle_attr_err,8317,1.0
val/object/construction_vehicle_attr_err,8911,1.0
val/object/construction_vehicle_attr_err,9505,1.0
val/object/construction_vehicle_attr_err,10099,1.0
val/object/construction_vehicle_attr_err,10693,1.0
val/object/construction_vehicle_attr_err,11287,1.0
val/object/construction_vehicle_attr_err,11881,1.0
val/object/construction_vehicle_attr_err,12475,1.0
val/object/construction_vehicle_attr_err,13069,1.0
val/object/construction_vehicle_attr_err,13663,1.0
val/object/construction_vehicle_attr_err,14257,1.0
val/object/construction_vehicle_attr_err,14851,1.0
val/object/construction_vehicle_attr_err,15445,1.0
val/object/construction_vehicle_attr_err,16039,1.0
val/object/construction_vehicle_attr_err,16633,1.0
val/object/construction_vehicle_attr_err,17227,1.0
val/object/construction_vehicle_attr_err,17821,1.0
val/object/construction_vehicle_attr_err,18415,1.0
val/object/construction_vehicle_attr_err,19009,1.0
val/object/construction_vehicle_attr_err,19603,1.0
val/object/construction_vehicle_attr_err,20197,1.0
val/object/construction_vehicle_attr_err,20791,1.0
val/object/construction_vehicle_attr_err,21385,1.0
val/object/construction_vehicle_attr_err,21979,1.0
val/object/construction_vehicle_attr_err,22573,1.0
val/object/construction_vehicle_attr_err,23167,1.0
val/object/construction_vehicle_attr_err,23761,1.0
val/object/construction_vehicle_attr_err,24355,1.0
val/object/construction_vehicle_attr_err,24949,1.0
val/object/construction_vehicle_attr_err,25543,1.0
val/object/construction_vehicle_attr_err,26137,1.0
val/object/construction_vehicle_attr_err,26731,1.0
val/object/construction_vehicle_attr_err,27325,1.0
val/object/construction_vehicle_attr_err,27919,1.0
val/object/construction_vehicle_attr_err,28513,1.0
val/object/bus_ap_dist_0.5,595,0.5346999764442444
val/object/bus_ap_dist_0.5,1189,0.3677999973297119
val/object/bus_ap_dist_0.5,1783,0.226500004529953
val/object/bus_ap_dist_0.5,2377,0.25200000405311584
val/object/bus_ap_dist_0.5,2971,0.13850000500679016
val/object/bus_ap_dist_0.5,3565,0.14489999413490295
val/object/bus_ap_dist_0.5,4159,0.07479999959468842
val/object/bus_ap_dist_0.5,4753,0.11190000176429749
val/object/bus_ap_dist_0.5,5347,0.07720000296831131
val/object/bus_ap_dist_0.5,5941,0.131400004029274
val/object/bus_ap_dist_0.5,6535,0.009200000204145908
val/object/bus_ap_dist_0.5,7129,0.010400000028312206
val/object/bus_ap_dist_0.5,7723,0.010300000198185444
val/object/bus_ap_dist_0.5,8317,0.011800000444054604
val/object/bus_ap_dist_0.5,8911,0.003000000026077032
val/object/bus_ap_dist_0.5,9505,0.003599999938160181
val/object/bus_ap_dist_0.5,10099,0.0008999999845400453
val/object/bus_ap_dist_0.5,10693,0.0
val/object/bus_ap_dist_0.5,11287,0.0
val/object/bus_ap_dist_0.5,11881,0.0
val/object/bus_ap_dist_0.5,12475,0.0
val/object/bus_ap_dist_0.5,13069,0.0
val/object/bus_ap_dist_0.5,13663,0.0
val/object/bus_ap_dist_0.5,14257,0.0
val/object/bus_ap_dist_0.5,14851,0.0
val/object/bus_ap_dist_0.5,15445,0.0
val/object/bus_ap_dist_0.5,16039,0.0
val/object/bus_ap_dist_0.5,16633,0.0
val/object/bus_ap_dist_0.5,17227,0.0
val/object/bus_ap_dist_0.5,17821,0.0
val/object/bus_ap_dist_0.5,18415,0.0
val/object/bus_ap_dist_0.5,19009,0.0
val/object/bus_ap_dist_0.5,19603,0.0
val/object/bus_ap_dist_0.5,20197,0.0
val/object/bus_ap_dist_0.5,20791,0.0
val/object/bus_ap_dist_0.5,21385,0.0
val/object/bus_ap_dist_0.5,21979,0.0
val/object/bus_ap_dist_0.5,22573,0.0
val/object/bus_ap_dist_0.5,23167,0.0
val/object/bus_ap_dist_0.5,23761,0.0
val/object/bus_ap_dist_0.5,24355,0.0
val/object/bus_ap_dist_0.5,24949,0.0
val/object/bus_ap_dist_0.5,25543,0.0
val/object/bus_ap_dist_0.5,26137,0.0
val/object/bus_ap_dist_0.5,26731,0.0
val/object/bus_ap_dist_0.5,27325,0.0
val/object/bus_ap_dist_0.5,27919,0.0
val/object/bus_ap_dist_0.5,28513,0.0
val/object/bus_ap_dist_1.0,595,0.7588000297546387
val/object/bus_ap_dist_1.0,1189,0.6539999842643738
val/object/bus_ap_dist_1.0,1783,0.5002999901771545
val/object/bus_ap_dist_1.0,2377,0.48080000281333923
val/object/bus_ap_dist_1.0,2971,0.2892000079154968
val/object/bus_ap_dist_1.0,3565,0.2946999967098236
val/object/bus_ap_dist_1.0,4159,0.3034999966621399
val/object/bus_ap_dist_1.0,4753,0.26600000262260437
val/object/bus_ap_dist_1.0,5347,0.26930001378059387
val/object/bus_ap_dist_1.0,5941,0.2442999929189682
val/object/bus_ap_dist_1.0,6535,0.21060000360012054
val/object/bus_ap_dist_1.0,7129,0.1965000033378601
val/object/bus_ap_dist_1.0,7723,0.2198999971151352
val/object/bus_ap_dist_1.0,8317,0.19519999623298645
val/object/bus_ap_dist_1.0,8911,0.16619999706745148
val/object/bus_ap_dist_1.0,9505,0.16189999878406525
val/object/bus_ap_dist_1.0,10099,0.20499999821186066
val/object/bus_ap_dist_1.0,10693,0.16949999332427979
val/object/bus_ap_dist_1.0,11287,0.1193000003695488
val/object/bus_ap_dist_1.0,11881,0.08320000022649765
val/object/bus_ap_dist_1.0,12475,0.14550000429153442
val/object/bus_ap_dist_1.0,13069,0.14990000426769257
val/object/bus_ap_dist_1.0,13663,0.07919999957084656
val/object/bus_ap_dist_1.0,14257,0.13269999623298645
val/object/bus_ap_dist_1.0,14851,0.11909999698400497
val/object/bus_ap_dist_1.0,15445,0.17910000681877136
val/object/bus_ap_dist_1.0,16039,0.15469999611377716
val/object/bus_ap_dist_1.0,16633,0.16750000417232513
val/object/bus_ap_dist_1.0,17227,0.13989999890327454
val/object/bus_ap_dist_1.0,17821,0.17649999260902405
val/object/bus_ap_dist_1.0,18415,0.15680000185966492
val/object/bus_ap_dist_1.0,19009,0.1720000058412552
val/object/bus_ap_dist_1.0,19603,0.15710000693798065
val/object/bus_ap_dist_1.0,20197,0.1445000022649765
val/object/bus_ap_dist_1.0,20791,0.14300000667572021
val/object/bus_ap_dist_1.0,21385,0.12610000371932983
val/object/bus_ap_dist_1.0,21979,0.1444000005722046
val/object/bus_ap_dist_1.0,22573,0.14380000531673431
val/object/bus_ap_dist_1.0,23167,0.14300000667572021
val/object/bus_ap_dist_1.0,23761,0.13609999418258667
val/object/bus_ap_dist_1.0,24355,0.14259999990463257
val/object/bus_ap_dist_1.0,24949,0.1477999985218048
val/object/bus_ap_dist_1.0,25543,0.13230000436306
val/object/bus_ap_dist_1.0,26137,0.13330000638961792
val/object/bus_ap_dist_1.0,26731,0.1348000019788742
val/object/bus_ap_dist_1.0,27325,0.12049999833106995
val/object/bus_ap_dist_1.0,27919,0.1289999932050705
val/object/bus_ap_dist_1.0,28513,0.13979999721050262
val/object/bus_ap_dist_2.0,595,0.8572999835014343
val/object/bus_ap_dist_2.0,1189,0.808899998664856
val/object/bus_ap_dist_2.0,1783,0.7339000105857849
val/object/bus_ap_dist_2.0,2377,0.6934999823570251
val/object/bus_ap_dist_2.0,2971,0.560699999332428
val/object/bus_ap_dist_2.0,3565,0.5734999775886536
val/object/bus_ap_dist_2.0,4159,0.5820000171661377
val/object/bus_ap_dist_2.0,4753,0.5403000116348267
val/object/bus_ap_dist_2.0,5347,0.527899980545044
val/object/bus_ap_dist_2.0,5941,0.4837999939918518
val/object/bus_ap_dist_2.0,6535,0.4943000078201294
val/object/bus_ap_dist_2.0,7129,0.43709999322891235
val/object/bus_ap_dist_2.0,7723,0.4814999997615814
val/object/bus_ap_dist_2.0,8317,0.42260000109672546
val/object/bus_ap_dist_2.0,8911,0.4189999997615814
val/object/bus_ap_dist_2.0,9505,0.43689998984336853
val/object/bus_ap_dist_2.0,10099,0.41429999470710754
val/object/bus_ap_dist_2.0,10693,0.4293999969959259
val/object/bus_ap_dist_2.0,11287,0.3912999927997589
val/object/bus_ap_dist_2.0,11881,0.36649999022483826
val/object/bus_ap_dist_2.0,12475,0.39629998803138733
val/object/bus_ap_dist_2.0,13069,0.3905999958515167
val/object/bus_ap_dist_2.0,13663,0.3564000129699707
val/object/bus_ap_dist_2.0,14257,0.37389999628067017
val/object/bus_ap_dist_2.0,14851,0.32899999618530273
val/object/bus_ap_dist_2.0,15445,0.37779998779296875
val/object/bus_ap_dist_2.0,16039,0.37689998745918274
val/object/bus_ap_dist_2.0,16633,0.32659998536109924
val/object/bus_ap_dist_2.0,17227,0.323199987411499
val/object/bus_ap_dist_2.0,17821,0.3693000078201294
val/object/bus_ap_dist_2.0,18415,0.33869999647140503
val/object/bus_ap_dist_2.0,19009,0.3619999885559082
val/object/bus_ap_dist_2.0,19603,0.35100001096725464
val/object/bus_ap_dist_2.0,20197,0.34529998898506165
val/object/bus_ap_dist_2.0,20791,0.3465000092983246
val/object/bus_ap_dist_2.0,21385,0.34209999442100525
val/object/bus_ap_dist_2.0,21979,0.3379000127315521
val/object/bus_ap_dist_2.0,22573,0.3449000120162964
val/object/bus_ap_dist_2.0,23167,0.34139999747276306
val/object/bus_ap_dist_2.0,23761,0.3434000015258789
val/object/bus_ap_dist_2.0,24355,0.34860000014305115
val/object/bus_ap_dist_2.0,24949,0.3544999957084656
val/object/bus_ap_dist_2.0,25543,0.33980000019073486
val/object/bus_ap_dist_2.0,26137,0.3321000039577484
val/object/bus_ap_dist_2.0,26731,0.3416000008583069
val/object/bus_ap_dist_2.0,27325,0.3393999934196472
val/object/bus_ap_dist_2.0,27919,0.34380000829696655
val/object/bus_ap_dist_2.0,28513,0.3452000021934509
val/object/bus_ap_dist_4.0,595,0.9068999886512756
val/object/bus_ap_dist_4.0,1189,0.8669999837875366
val/object/bus_ap_dist_4.0,1783,0.7901999950408936
val/object/bus_ap_dist_4.0,2377,0.7598000168800354
val/object/bus_ap_dist_4.0,2971,0.603600025177002
val/object/bus_ap_dist_4.0,3565,0.6198999881744385
val/object/bus_ap_dist_4.0,4159,0.6632999777793884
val/object/bus_ap_dist_4.0,4753,0.626800000667572
val/object/bus_ap_dist_4.0,5347,0.59170001745224
val/object/bus_ap_dist_4.0,5941,0.5898000001907349
val/object/bus_ap_dist_4.0,6535,0.5885999798774719
val/object/bus_ap_dist_4.0,7129,0.5649999976158142
val/object/bus_ap_dist_4.0,7723,0.5612999796867371
val/object/bus_ap_dist_4.0,8317,0.531000018119812
val/object/bus_ap_dist_4.0,8911,0.5705000162124634
val/object/bus_ap_dist_4.0,9505,0.5260999798774719
val/object/bus_ap_dist_4.0,10099,0.5491999983787537
val/object/bus_ap_dist_4.0,10693,0.5302000045776367
val/object/bus_ap_dist_4.0,11287,0.5249000191688538
val/object/bus_ap_dist_4.0,11881,0.48590001463890076
val/object/bus_ap_dist_4.0,12475,0.5041000247001648
val/object/bus_ap_dist_4.0,13069,0.508899986743927
val/object/bus_ap_dist_4.0,13663,0.47440001368522644
val/object/bus_ap_dist_4.0,14257,0.47940000891685486
val/object/bus_ap_dist_4.0,14851,0.5097000002861023
val/object/bus_ap_dist_4.0,15445,0.48840001225471497
val/object/bus_ap_dist_4.0,16039,0.48030000925064087
val/object/bus_ap_dist_4.0,16633,0.46389999985694885
val/object/bus_ap_dist_4.0,17227,0.46239998936653137
val/object/bus_ap_dist_4.0,17821,0.4794999957084656
val/object/bus_ap_dist_4.0,18415,0.4681999981403351
val/object/bus_ap_dist_4.0,19009,0.4706000089645386
val/object/bus_ap_dist_4.0,19603,0.46540001034736633
val/object/bus_ap_dist_4.0,20197,0.4528999924659729
val/object/bus_ap_dist_4.0,20791,0.45100000500679016
val/object/bus_ap_dist_4.0,21385,0.4523000121116638
val/object/bus_ap_dist_4.0,21979,0.4530999958515167
val/object/bus_ap_dist_4.0,22573,0.4514999985694885
val/object/bus_ap_dist_4.0,23167,0.44350001215934753
val/object/bus_ap_dist_4.0,23761,0.4505999982357025
val/object/bus_ap_dist_4.0,24355,0.45320001244544983
val/object/bus_ap_dist_4.0,24949,0.45730000734329224
val/object/bus_ap_dist_4.0,25543,0.4498000144958496
val/object/bus_ap_dist_4.0,26137,0.4505000114440918
val/object/bus_ap_dist_4.0,26731,0.45570001006126404
val/object/bus_ap_dist_4.0,27325,0.45329999923706055
val/object/bus_ap_dist_4.0,27919,0.459199994802475
val/object/bus_ap_dist_4.0,28513,0.4586000144481659
val/object/bus_trans_err,595,0.22259999811649323
val/object/bus_trans_err,1189,0.31299999356269836
val/object/bus_trans_err,1783,0.4171000123023987
val/object/bus_trans_err,2377,0.39340001344680786
val/object/bus_trans_err,2971,0.597100019454956
val/object/bus_trans_err,3565,0.6208000183105469
val/object/bus_trans_err,4159,0.6721000075340271
val/object/bus_trans_err,4753,0.6751999855041504
val/object/bus_trans_err,5347,0.6664999723434448
val/object/bus_trans_err,5941,0.649399995803833
val/object/bus_trans_err,6535,0.7815999984741211
val/object/bus_trans_err,7129,0.7558000087738037
val/object/bus_trans_err,7723,0.8165000081062317
val/object/bus_trans_err,8317,0.7720000147819519
val/object/bus_trans_err,8911,0.8557000160217285
val/object/bus_trans_err,9505,0.8690999746322632
val/object/bus_trans_err,10099,0.7685999870300293
val/object/bus_trans_err,10693,0.8737000226974487
val/object/bus_trans_err,11287,0.929099977016449
val/object/bus_trans_err,11881,1.0062999725341797
val/object/bus_trans_err,12475,0.8529000282287598
val/object/bus_trans_err,13069,0.9070000052452087
val/object/bus_trans_err,13663,1.0328999757766724
val/object/bus_trans_err,14257,0.8845000267028809
val/object/bus_trans_err,14851,0.9567999839782715
val/object/bus_trans_err,15445,0.8256999850273132
val/object/bus_trans_err,16039,0.9251999855041504
val/object/bus_trans_err,16633,0.7892000079154968
val/object/bus_trans_err,17227,0.8596000075340271
val/object/bus_trans_err,17821,0.7936000227928162
val/object/bus_trans_err,18415,0.8133000135421753
val/object/bus_trans_err,19009,0.8312000036239624
val/object/bus_trans_err,19603,0.8492000102996826
val/object/bus_trans_err,20197,0.8790000081062317
val/object/bus_trans_err,20791,0.8528000116348267
val/object/bus_trans_err,21385,0.9006999731063843
val/object/bus_trans_err,21979,0.8378000259399414
val/object/bus_trans_err,22573,0.8567000031471252
val/object/bus_trans_err,23167,0.8639000058174133
val/object/bus_trans_err,23761,0.8878999948501587
val/object/bus_trans_err,24355,0.8647000193595886
val/object/bus_trans_err,24949,0.8744999766349792
val/object/bus_trans_err,25543,0.8845999836921692
val/object/bus_trans_err,26137,0.8805000185966492
val/object/bus_trans_err,26731,0.8733000159263611
val/object/bus_trans_err,27325,0.8892999887466431
val/object/bus_trans_err,27919,0.8844000101089478
val/object/bus_trans_err,28513,0.8712000250816345
val/object/bus_scale_err,595,0.14309999346733093
val/object/bus_scale_err,1189,0.19789999723434448
val/object/bus_scale_err,1783,0.19509999454021454
val/object/bus_scale_err,2377,0.23569999635219574
val/object/bus_scale_err,2971,0.22679999470710754
val/object/bus_scale_err,3565,0.2529999911785126
val/object/bus_scale_err,4159,0.23229999840259552
val/object/bus_scale_err,4753,0.259799987077713
val/object/bus_scale_err,5347,0.2653999924659729
val/object/bus_scale_err,5941,0.2556000053882599
val/object/bus_scale_err,6535,0.26350000500679016
val/object/bus_scale_err,7129,0.25060001015663147
val/object/bus_scale_err,7723,0.26260000467300415
val/object/bus_scale_err,8317,0.2888999879360199
val/object/bus_scale_err,8911,0.2578999996185303
val/object/bus_scale_err,9505,0.2847000062465668
val/object/bus_scale_err,10099,0.24140000343322754
val/object/bus_scale_err,10693,0.2903999984264374
val/object/bus_scale_err,11287,0.28780001401901245
val/object/bus_scale_err,11881,0.3382999897003174
val/object/bus_scale_err,12475,0.30809998512268066
val/object/bus_scale_err,13069,0.2791999876499176
val/object/bus_scale_err,13663,0.2816999852657318
val/object/bus_scale_err,14257,0.2892000079154968
val/object/bus_scale_err,14851,0.2937999963760376
val/object/bus_scale_err,15445,0.3188000023365021
val/object/bus_scale_err,16039,0.3057999908924103
val/object/bus_scale_err,16633,0.3000999987125397
val/object/bus_scale_err,17227,0.3034999966621399
val/object/bus_scale_err,17821,0.3028999865055084
val/object/bus_scale_err,18415,0.3037000000476837
val/object/bus_scale_err,19009,0.29589998722076416
val/object/bus_scale_err,19603,0.30140000581741333
val/object/bus_scale_err,20197,0.29280000925064087
val/object/bus_scale_err,20791,0.30160000920295715
val/object/bus_scale_err,21385,0.2881999909877777
val/object/bus_scale_err,21979,0.30559998750686646
val/object/bus_scale_err,22573,0.31119999289512634
val/object/bus_scale_err,23167,0.30070000886917114
val/object/bus_scale_err,23761,0.2856000065803528
val/object/bus_scale_err,24355,0.29100000858306885
val/object/bus_scale_err,24949,0.28870001435279846
val/object/bus_scale_err,25543,0.29179999232292175
val/object/bus_scale_err,26137,0.2888999879360199
val/object/bus_scale_err,26731,0.29789999127388
val/object/bus_scale_err,27325,0.29670000076293945
val/object/bus_scale_err,27919,0.29409998655319214
val/object/bus_scale_err,28513,0.2935999929904938
val/object/bus_orient_err,595,0.046300001442432404
val/object/bus_orient_err,1189,0.0674000009894371
val/object/bus_orient_err,1783,0.07609999924898148
val/object/bus_orient_err,2377,0.08169999718666077
val/object/bus_orient_err,2971,0.0997999981045723
val/object/bus_orient_err,3565,0.11919999867677689
val/object/bus_orient_err,4159,0.07329999655485153
val/object/bus_orient_err,4753,0.12449999898672104
val/object/bus_orient_err,5347,0.12380000203847885
val/object/bus_orient_err,5941,0.10930000245571136
val/object/bus_orient_err,6535,0.15049999952316284
val/object/bus_orient_err,7129,0.15360000729560852
val/object/bus_orient_err,7723,0.12290000170469284
val/object/bus_orient_err,8317,0.14350000023841858
val/object/bus_orient_err,8911,0.17980000376701355
val/object/bus_orient_err,9505,0.15219999849796295
val/object/bus_orient_err,10099,0.15109999477863312
val/object/bus_orient_err,10693,0.14900000393390656
val/object/bus_orient_err,11287,0.21539999544620514
val/object/bus_orient_err,11881,0.25220000743865967
val/object/bus_orient_err,12475,0.16439999639987946
val/object/bus_orient_err,13069,0.14219999313354492
val/object/bus_orient_err,13663,0.12099999934434891
val/object/bus_orient_err,14257,0.20409999787807465
val/object/bus_orient_err,14851,0.23819999396800995
val/object/bus_orient_err,15445,0.16259999573230743
val/object/bus_orient_err,16039,0.20909999310970306
val/object/bus_orient_err,16633,0.19979999959468842
val/object/bus_orient_err,17227,0.1762000024318695
val/object/bus_orient_err,17821,0.16509999334812164
val/object/bus_orient_err,18415,0.15459999442100525
val/object/bus_orient_err,19009,0.16779999434947968
val/object/bus_orient_err,19603,0.18610000610351562
val/object/bus_orient_err,20197,0.18400000035762787
val/object/bus_orient_err,20791,0.15080000460147858
val/object/bus_orient_err,21385,0.21089999377727509
val/object/bus_orient_err,21979,0.19419999420642853
val/object/bus_orient_err,22573,0.18140000104904175
val/object/bus_orient_err,23167,0.18960000574588776
val/object/bus_orient_err,23761,0.19699999690055847
val/object/bus_orient_err,24355,0.19120000302791595
val/object/bus_orient_err,24949,0.1720000058412552
val/object/bus_orient_err,25543,0.19949999451637268
val/object/bus_orient_err,26137,0.19179999828338623
val/object/bus_orient_err,26731,0.19050000607967377
val/object/bus_orient_err,27325,0.20110000669956207
val/object/bus_orient_err,27919,0.19200000166893005
val/object/bus_orient_err,28513,0.1818999946117401
val/object/bus_vel_err,595,1.0
val/object/bus_vel_err,1189,1.0
val/object/bus_vel_err,1783,1.0
val/object/bus_vel_err,2377,1.0
val/object/bus_vel_err,2971,1.0
val/object/bus_vel_err,3565,1.0
val/object/bus_vel_err,4159,1.0
val/object/bus_vel_err,4753,1.0
val/object/bus_vel_err,5347,1.0
val/object/bus_vel_err,5941,1.0
val/object/bus_vel_err,6535,1.0
val/object/bus_vel_err,7129,1.0
val/object/bus_vel_err,7723,1.0
val/object/bus_vel_err,8317,1.0
val/object/bus_vel_err,8911,1.0
val/object/bus_vel_err,9505,1.0
val/object/bus_vel_err,10099,1.0
val/object/bus_vel_err,10693,1.0
val/object/bus_vel_err,11287,1.0
val/object/bus_vel_err,11881,1.0
val/object/bus_vel_err,12475,1.0
val/object/bus_vel_err,13069,1.0
val/object/bus_vel_err,13663,1.0
val/object/bus_vel_err,14257,1.0
val/object/bus_vel_err,14851,1.0
val/object/bus_vel_err,15445,1.0
val/object/bus_vel_err,16039,1.0
val/object/bus_vel_err,16633,1.0
val/object/bus_vel_err,17227,1.0
val/object/bus_vel_err,17821,1.0
val/object/bus_vel_err,18415,1.0
val/object/bus_vel_err,19009,1.0
val/object/bus_vel_err,19603,1.0
val/object/bus_vel_err,20197,1.0
val/object/bus_vel_err,20791,1.0
val/object/bus_vel_err,21385,1.0
val/object/bus_vel_err,21979,1.0
val/object/bus_vel_err,22573,1.0
val/object/bus_vel_err,23167,1.0
val/object/bus_vel_err,23761,1.0
val/object/bus_vel_err,24355,1.0
val/object/bus_vel_err,24949,1.0
val/object/bus_vel_err,25543,1.0
val/object/bus_vel_err,26137,1.0
val/object/bus_vel_err,26731,1.0
val/object/bus_vel_err,27325,1.0
val/object/bus_vel_err,27919,1.0
val/object/bus_vel_err,28513,1.0
val/object/bus_attr_err,595,1.0
val/object/bus_attr_err,1189,1.0
val/object/bus_attr_err,1783,1.0
val/object/bus_attr_err,2377,1.0
val/object/bus_attr_err,2971,1.0
val/object/bus_attr_err,3565,1.0
val/object/bus_attr_err,4159,1.0
val/object/bus_attr_err,4753,1.0
val/object/bus_attr_err,5347,1.0
val/object/bus_attr_err,5941,1.0
val/object/bus_attr_err,6535,1.0
val/object/bus_attr_err,7129,1.0
val/object/bus_attr_err,7723,1.0
val/object/bus_attr_err,8317,1.0
val/object/bus_attr_err,8911,1.0
val/object/bus_attr_err,9505,1.0
val/object/bus_attr_err,10099,1.0
val/object/bus_attr_err,10693,1.0
val/object/bus_attr_err,11287,1.0
val/object/bus_attr_err,11881,1.0
val/object/bus_attr_err,12475,1.0
val/object/bus_attr_err,13069,1.0
val/object/bus_attr_err,13663,1.0
val/object/bus_attr_err,14257,1.0
val/object/bus_attr_err,14851,1.0
val/object/bus_attr_err,15445,1.0
val/object/bus_attr_err,16039,1.0
val/object/bus_attr_err,16633,1.0
val/object/bus_attr_err,17227,1.0
val/object/bus_attr_err,17821,1.0
val/object/bus_attr_err,18415,1.0
val/object/bus_attr_err,19009,1.0
val/object/bus_attr_err,19603,1.0
val/object/bus_attr_err,20197,1.0
val/object/bus_attr_err,20791,1.0
val/object/bus_attr_err,21385,1.0
val/object/bus_attr_err,21979,1.0
val/object/bus_attr_err,22573,1.0
val/object/bus_attr_err,23167,1.0
val/object/bus_attr_err,23761,1.0
val/object/bus_attr_err,24355,1.0
val/object/bus_attr_err,24949,1.0
val/object/bus_attr_err,25543,1.0
val/object/bus_attr_err,26137,1.0
val/object/bus_attr_err,26731,1.0
val/object/bus_attr_err,27325,1.0
val/object/bus_attr_err,27919,1.0
val/object/bus_attr_err,28513,1.0
val/object/trailer_ap_dist_0.5,595,0.6419000029563904
val/object/trailer_ap_dist_0.5,1189,0.5156000256538391
val/object/trailer_ap_dist_0.5,1783,0.3675999939441681
val/object/trailer_ap_dist_0.5,2377,0.1257999986410141
val/object/trailer_ap_dist_0.5,2971,0.025499999523162842
val/object/trailer_ap_dist_0.5,3565,0.009499999694526196
val/object/trailer_ap_dist_0.5,4159,0.0
val/object/trailer_ap_dist_0.5,4753,0.0
val/object/trailer_ap_dist_0.5,5347,0.0
val/object/trailer_ap_dist_0.5,5941,0.0
val/object/trailer_ap_dist_0.5,6535,0.0
val/object/trailer_ap_dist_0.5,7129,0.0
val/object/trailer_ap_dist_0.5,7723,0.0
val/object/trailer_ap_dist_0.5,8317,0.0
val/object/trailer_ap_dist_0.5,8911,0.0
val/object/trailer_ap_dist_0.5,9505,0.0
val/object/trailer_ap_dist_0.5,10099,0.0
val/object/trailer_ap_dist_0.5,10693,0.0
val/object/trailer_ap_dist_0.5,11287,0.0
val/object/trailer_ap_dist_0.5,11881,0.0
val/object/trailer_ap_dist_0.5,12475,0.0
val/object/trailer_ap_dist_0.5,13069,0.0
val/object/trailer_ap_dist_0.5,13663,0.0
val/object/trailer_ap_dist_0.5,14257,0.0
val/object/trailer_ap_dist_0.5,14851,0.0
val/object/trailer_ap_dist_0.5,15445,0.0
val/object/trailer_ap_dist_0.5,16039,0.0
val/object/trailer_ap_dist_0.5,16633,0.0
val/object/trailer_ap_dist_0.5,17227,0.0
val/object/trailer_ap_dist_0.5,17821,0.0
val/object/trailer_ap_dist_0.5,18415,0.0
val/object/trailer_ap_dist_0.5,19009,0.0
val/object/trailer_ap_dist_0.5,19603,0.0
val/object/trailer_ap_dist_0.5,20197,0.0
val/object/trailer_ap_dist_0.5,20791,0.0
val/object/trailer_ap_dist_0.5,21385,0.0
val/object/trailer_ap_dist_0.5,21979,0.0
val/object/trailer_ap_dist_0.5,22573,0.0
val/object/trailer_ap_dist_0.5,23167,0.0
val/object/trailer_ap_dist_0.5,23761,0.0
val/object/trailer_ap_dist_0.5,24355,0.0
val/object/trailer_ap_dist_0.5,24949,0.0
val/object/trailer_ap_dist_0.5,25543,0.0
val/object/trailer_ap_dist_0.5,26137,0.0
val/object/trailer_ap_dist_0.5,26731,0.0
val/object/trailer_ap_dist_0.5,27325,0.0
val/object/trailer_ap_dist_0.5,27919,0.0
val/object/trailer_ap_dist_0.5,28513,0.0
val/object/trailer_ap_dist_1.0,595,0.7303000092506409
val/object/trailer_ap_dist_1.0,1189,0.6837999820709229
val/object/trailer_ap_dist_1.0,1783,0.5139999985694885
val/object/trailer_ap_dist_1.0,2377,0.2800000011920929
val/object/trailer_ap_dist_1.0,2971,0.18870000541210175
val/object/trailer_ap_dist_1.0,3565,0.12960000336170197
val/object/trailer_ap_dist_1.0,4159,0.0
val/object/trailer_ap_dist_1.0,4753,0.0
val/object/trailer_ap_dist_1.0,5347,0.0
val/object/trailer_ap_dist_1.0,5941,0.0
val/object/trailer_ap_dist_1.0,6535,0.0
val/object/trailer_ap_dist_1.0,7129,0.0
val/object/trailer_ap_dist_1.0,7723,0.0
val/object/trailer_ap_dist_1.0,8317,0.0
val/object/trailer_ap_dist_1.0,8911,0.0
val/object/trailer_ap_dist_1.0,9505,0.0
val/object/trailer_ap_dist_1.0,10099,0.0
val/object/trailer_ap_dist_1.0,10693,0.0
val/object/trailer_ap_dist_1.0,11287,0.0
val/object/trailer_ap_dist_1.0,11881,0.0
val/object/trailer_ap_dist_1.0,12475,0.0
val/object/trailer_ap_dist_1.0,13069,0.0
val/object/trailer_ap_dist_1.0,13663,0.0
val/object/trailer_ap_dist_1.0,14257,0.0
val/object/trailer_ap_dist_1.0,14851,0.0
val/object/trailer_ap_dist_1.0,15445,0.0
val/object/trailer_ap_dist_1.0,16039,0.0
val/object/trailer_ap_dist_1.0,16633,0.0
val/object/trailer_ap_dist_1.0,17227,0.0
val/object/trailer_ap_dist_1.0,17821,0.0
val/object/trailer_ap_dist_1.0,18415,0.0
val/object/trailer_ap_dist_1.0,19009,0.0
val/object/trailer_ap_dist_1.0,19603,0.0
val/object/trailer_ap_dist_1.0,20197,0.0
val/object/trailer_ap_dist_1.0,20791,0.0
val/object/trailer_ap_dist_1.0,21385,0.0
val/object/trailer_ap_dist_1.0,21979,0.0
val/object/trailer_ap_dist_1.0,22573,0.0
val/object/trailer_ap_dist_1.0,23167,0.0
val/object/trailer_ap_dist_1.0,23761,0.0
val/object/trailer_ap_dist_1.0,24355,0.0
val/object/trailer_ap_dist_1.0,24949,0.0
val/object/trailer_ap_dist_1.0,25543,0.0
val/object/trailer_ap_dist_1.0,26137,0.0
val/object/trailer_ap_dist_1.0,26731,0.0
val/object/trailer_ap_dist_1.0,27325,0.0
val/object/trailer_ap_dist_1.0,27919,0.0
val/object/trailer_ap_dist_1.0,28513,0.0
val/object/trailer_ap_dist_2.0,595,0.736299991607666
val/object/trailer_ap_dist_2.0,1189,0.6995999813079834
val/object/trailer_ap_dist_2.0,1783,0.555400013923645
val/object/trailer_ap_dist_2.0,2377,0.334199994802475
val/object/trailer_ap_dist_2.0,2971,0.25619998574256897
val/object/trailer_ap_dist_2.0,3565,0.21539999544620514
val/object/trailer_ap_dist_2.0,4159,0.0
val/object/trailer_ap_dist_2.0,4753,0.0
val/object/trailer_ap_dist_2.0,5347,0.0
val/object/trailer_ap_dist_2.0,5941,0.0
val/object/trailer_ap_dist_2.0,6535,0.0
val/object/trailer_ap_dist_2.0,7129,0.0
val/object/trailer_ap_dist_2.0,7723,0.0
val/object/trailer_ap_dist_2.0,8317,0.0
val/object/trailer_ap_dist_2.0,8911,0.0
val/object/trailer_ap_dist_2.0,9505,0.0
val/object/trailer_ap_dist_2.0,10099,0.0
val/object/trailer_ap_dist_2.0,10693,0.0
val/object/trailer_ap_dist_2.0,11287,0.0
val/object/trailer_ap_dist_2.0,11881,0.0
val/object/trailer_ap_dist_2.0,12475,0.0
val/object/trailer_ap_dist_2.0,13069,0.0
val/object/trailer_ap_dist_2.0,13663,0.0
val/object/trailer_ap_dist_2.0,14257,0.0
val/object/trailer_ap_dist_2.0,14851,0.0
val/object/trailer_ap_dist_2.0,15445,0.0
val/object/trailer_ap_dist_2.0,16039,0.0
val/object/trailer_ap_dist_2.0,16633,0.0
val/object/trailer_ap_dist_2.0,17227,0.0
val/object/trailer_ap_dist_2.0,17821,0.0
val/object/trailer_ap_dist_2.0,18415,0.0
val/object/trailer_ap_dist_2.0,19009,0.0
val/object/trailer_ap_dist_2.0,19603,0.0
val/object/trailer_ap_dist_2.0,20197,0.0
val/object/trailer_ap_dist_2.0,20791,0.0
val/object/trailer_ap_dist_2.0,21385,0.0
val/object/trailer_ap_dist_2.0,21979,0.0
val/object/trailer_ap_dist_2.0,22573,0.0
val/object/trailer_ap_dist_2.0,23167,0.0
val/object/trailer_ap_dist_2.0,23761,0.0
val/object/trailer_ap_dist_2.0,24355,0.0
val/object/trailer_ap_dist_2.0,24949,0.0
val/object/trailer_ap_dist_2.0,25543,0.0
val/object/trailer_ap_dist_2.0,26137,0.0
val/object/trailer_ap_dist_2.0,26731,0.0
val/object/trailer_ap_dist_2.0,27325,0.0
val/object/trailer_ap_dist_2.0,27919,0.0
val/object/trailer_ap_dist_2.0,28513,0.0
val/object/trailer_ap_dist_4.0,595,0.7386999726295471
val/object/trailer_ap_dist_4.0,1189,0.7009999752044678
val/object/trailer_ap_dist_4.0,1783,0.5623000264167786
val/object/trailer_ap_dist_4.0,2377,0.33489999175071716
val/object/trailer_ap_dist_4.0,2971,0.25619998574256897
val/object/trailer_ap_dist_4.0,3565,0.2190999984741211
val/object/trailer_ap_dist_4.0,4159,0.0
val/object/trailer_ap_dist_4.0,4753,0.0
val/object/trailer_ap_dist_4.0,5347,0.0
val/object/trailer_ap_dist_4.0,5941,0.0
val/object/trailer_ap_dist_4.0,6535,0.0
val/object/trailer_ap_dist_4.0,7129,0.0
val/object/trailer_ap_dist_4.0,7723,0.0
val/object/trailer_ap_dist_4.0,8317,0.0
val/object/trailer_ap_dist_4.0,8911,0.0
val/object/trailer_ap_dist_4.0,9505,0.0
val/object/trailer_ap_dist_4.0,10099,0.0
val/object/trailer_ap_dist_4.0,10693,0.0
val/object/trailer_ap_dist_4.0,11287,0.0
val/object/trailer_ap_dist_4.0,11881,0.0
val/object/trailer_ap_dist_4.0,12475,0.0
val/object/trailer_ap_dist_4.0,13069,0.0
val/object/trailer_ap_dist_4.0,13663,0.0
val/object/trailer_ap_dist_4.0,14257,0.0
val/object/trailer_ap_dist_4.0,14851,0.0
val/object/trailer_ap_dist_4.0,15445,0.0
val/object/trailer_ap_dist_4.0,16039,0.0
val/object/trailer_ap_dist_4.0,16633,0.0
val/object/trailer_ap_dist_4.0,17227,0.0
val/object/trailer_ap_dist_4.0,17821,0.0
val/object/trailer_ap_dist_4.0,18415,0.0
val/object/trailer_ap_dist_4.0,19009,0.0
val/object/trailer_ap_dist_4.0,19603,0.0
val/object/trailer_ap_dist_4.0,20197,0.0
val/object/trailer_ap_dist_4.0,20791,0.0
val/object/trailer_ap_dist_4.0,21385,0.0
val/object/trailer_ap_dist_4.0,21979,0.0
val/object/trailer_ap_dist_4.0,22573,0.0
val/object/trailer_ap_dist_4.0,23167,0.0
val/object/trailer_ap_dist_4.0,23761,0.0
val/object/trailer_ap_dist_4.0,24355,0.0
val/object/trailer_ap_dist_4.0,24949,0.0
val/object/trailer_ap_dist_4.0,25543,0.0
val/object/trailer_ap_dist_4.0,26137,0.0
val/object/trailer_ap_dist_4.0,26731,0.0
val/object/trailer_ap_dist_4.0,27325,0.0
val/object/trailer_ap_dist_4.0,27919,0.0
val/object/trailer_ap_dist_4.0,28513,0.0
val/object/trailer_trans_err,595,0.17389999330043793
val/object/trailer_trans_err,1189,0.26170000433921814
val/object/trailer_trans_err,1783,0.30970001220703125
val/object/trailer_trans_err,2377,0.515999972820282
val/object/trailer_trans_err,2971,0.6319000124931335
val/object/trailer_trans_err,3565,0.8084999918937683
val/object/trailer_trans_err,4159,1.0
val/object/trailer_trans_err,4753,1.0
val/object/trailer_trans_err,5347,1.0
val/object/trailer_trans_err,5941,1.0
val/object/trailer_trans_err,6535,1.0
val/object/trailer_trans_err,7129,1.0
val/object/trailer_trans_err,7723,1.0
val/object/trailer_trans_err,8317,1.0
val/object/trailer_trans_err,8911,1.0
val/object/trailer_trans_err,9505,1.0
val/object/trailer_trans_err,10099,1.0
val/object/trailer_trans_err,10693,1.0
val/object/trailer_trans_err,11287,1.0
val/object/trailer_trans_err,11881,1.0
val/object/trailer_trans_err,12475,1.0
val/object/trailer_trans_err,13069,1.0
val/object/trailer_trans_err,13663,1.0
val/object/trailer_trans_err,14257,1.0
val/object/trailer_trans_err,14851,1.0
val/object/trailer_trans_err,15445,1.0
val/object/trailer_trans_err,16039,1.0
val/object/trailer_trans_err,16633,1.0
val/object/trailer_trans_err,17227,1.0
val/object/trailer_trans_err,17821,1.0
val/object/trailer_trans_err,18415,1.0
val/object/trailer_trans_err,19009,1.0
val/object/trailer_trans_err,19603,1.0
val/object/trailer_trans_err,20197,1.0
val/object/trailer_trans_err,20791,1.0
val/object/trailer_trans_err,21385,1.0
val/object/trailer_trans_err,21979,1.0
val/object/trailer_trans_err,22573,1.0
val/object/trailer_trans_err,23167,1.0
val/object/trailer_trans_err,23761,1.0
val/object/trailer_trans_err,24355,1.0
val/object/trailer_trans_err,24949,1.0
val/object/trailer_trans_err,25543,1.0
val/object/trailer_trans_err,26137,1.0
val/object/trailer_trans_err,26731,1.0
val/object/trailer_trans_err,27325,1.0
val/object/trailer_trans_err,27919,1.0
val/object/trailer_trans_err,28513,1.0
val/object/trailer_scale_err,595,0.3792000114917755
val/object/trailer_scale_err,1189,0.47780001163482666
val/object/trailer_scale_err,1783,0.5408999919891357
val/object/trailer_scale_err,2377,0.5968999862670898
val/object/trailer_scale_err,2971,0.5827999711036682
val/object/trailer_scale_err,3565,0.6134999990463257
val/object/trailer_scale_err,4159,1.0
val/object/trailer_scale_err,4753,1.0
val/object/trailer_scale_err,5347,1.0
val/object/trailer_scale_err,5941,1.0
val/object/trailer_scale_err,6535,1.0
val/object/trailer_scale_err,7129,1.0
val/object/trailer_scale_err,7723,1.0
val/object/trailer_scale_err,8317,1.0
val/object/trailer_scale_err,8911,1.0
val/object/trailer_scale_err,9505,1.0
val/object/trailer_scale_err,10099,1.0
val/object/trailer_scale_err,10693,1.0
val/object/trailer_scale_err,11287,1.0
val/object/trailer_scale_err,11881,1.0
val/object/trailer_scale_err,12475,1.0
val/object/trailer_scale_err,13069,1.0
val/object/trailer_scale_err,13663,1.0
val/object/trailer_scale_err,14257,1.0
val/object/trailer_scale_err,14851,1.0
val/object/trailer_scale_err,15445,1.0
val/object/trailer_scale_err,16039,1.0
val/object/trailer_scale_err,16633,1.0
val/object/trailer_scale_err,17227,1.0
val/object/trailer_scale_err,17821,1.0
val/object/trailer_scale_err,18415,1.0
val/object/trailer_scale_err,19009,1.0
val/object/trailer_scale_err,19603,1.0
val/object/trailer_scale_err,20197,1.0
val/object/trailer_scale_err,20791,1.0
val/object/trailer_scale_err,21385,1.0
val/object/trailer_scale_err,21979,1.0
val/object/trailer_scale_err,22573,1.0
val/object/trailer_scale_err,23167,1.0
val/object/trailer_scale_err,23761,1.0
val/object/trailer_scale_err,24355,1.0
val/object/trailer_scale_err,24949,1.0
val/object/trailer_scale_err,25543,1.0
val/object/trailer_scale_err,26137,1.0
val/object/trailer_scale_err,26731,1.0
val/object/trailer_scale_err,27325,1.0
val/object/trailer_scale_err,27919,1.0
val/object/trailer_scale_err,28513,1.0
val/object/trailer_orient_err,595,0.08139999955892563
val/object/trailer_orient_err,1189,0.09059999883174896
val/object/trailer_orient_err,1783,0.17350000143051147
val/object/trailer_orient_err,2377,0.4011000096797943
val/object/trailer_orient_err,2971,0.3131999969482422
val/object/trailer_orient_err,3565,0.3237000107765198
val/object/trailer_orient_err,4159,1.0
val/object/trailer_orient_err,4753,1.0
val/object/trailer_orient_err,5347,1.0
val/object/trailer_orient_err,5941,1.0
val/object/trailer_orient_err,6535,1.0
val/object/trailer_orient_err,7129,1.0
val/object/trailer_orient_err,7723,1.0
val/object/trailer_orient_err,8317,1.0
val/object/trailer_orient_err,8911,1.0
val/object/trailer_orient_err,9505,1.0
val/object/trailer_orient_err,10099,1.0
val/object/trailer_orient_err,10693,1.0
val/object/trailer_orient_err,11287,1.0
val/object/trailer_orient_err,11881,1.0
val/object/trailer_orient_err,12475,1.0
val/object/trailer_orient_err,13069,1.0
val/object/trailer_orient_err,13663,1.0
val/object/trailer_orient_err,14257,1.0
val/object/trailer_orient_err,14851,1.0
val/object/trailer_orient_err,15445,1.0
val/object/trailer_orient_err,16039,1.0
val/object/trailer_orient_err,16633,1.0
val/object/trailer_orient_err,17227,1.0
val/object/trailer_orient_err,17821,1.0
val/object/trailer_orient_err,18415,1.0
val/object/trailer_orient_err,19009,1.0
val/object/trailer_orient_err,19603,1.0
val/object/trailer_orient_err,20197,1.0
val/object/trailer_orient_err,20791,1.0
val/object/trailer_orient_err,21385,1.0
val/object/trailer_orient_err,21979,1.0
val/object/trailer_orient_err,22573,1.0
val/object/trailer_orient_err,23167,1.0
val/object/trailer_orient_err,23761,1.0
val/object/trailer_orient_err,24355,1.0
val/object/trailer_orient_err,24949,1.0
val/object/trailer_orient_err,25543,1.0
val/object/trailer_orient_err,26137,1.0
val/object/trailer_orient_err,26731,1.0
val/object/trailer_orient_err,27325,1.0
val/object/trailer_orient_err,27919,1.0
val/object/trailer_orient_err,28513,1.0
val/object/trailer_vel_err,595,1.0
val/object/trailer_vel_err,1189,1.0
val/object/trailer_vel_err,1783,1.0
val/object/trailer_vel_err,2377,1.0
val/object/trailer_vel_err,2971,1.0
val/object/trailer_vel_err,3565,1.0
val/object/trailer_vel_err,4159,1.0
val/object/trailer_vel_err,4753,1.0
val/object/trailer_vel_err,5347,1.0
val/object/trailer_vel_err,5941,1.0
val/object/trailer_vel_err,6535,1.0
val/object/trailer_vel_err,7129,1.0
val/object/trailer_vel_err,7723,1.0
val/object/trailer_vel_err,8317,1.0
val/object/trailer_vel_err,8911,1.0
val/object/trailer_vel_err,9505,1.0
val/object/trailer_vel_err,10099,1.0
val/object/trailer_vel_err,10693,1.0
val/object/trailer_vel_err,11287,1.0
val/object/trailer_vel_err,11881,1.0
val/object/trailer_vel_err,12475,1.0
val/object/trailer_vel_err,13069,1.0
val/object/trailer_vel_err,13663,1.0
val/object/trailer_vel_err,14257,1.0
val/object/trailer_vel_err,14851,1.0
val/object/trailer_vel_err,15445,1.0
val/object/trailer_vel_err,16039,1.0
val/object/trailer_vel_err,16633,1.0
val/object/trailer_vel_err,17227,1.0
val/object/trailer_vel_err,17821,1.0
val/object/trailer_vel_err,18415,1.0
val/object/trailer_vel_err,19009,1.0
val/object/trailer_vel_err,19603,1.0
val/object/trailer_vel_err,20197,1.0
val/object/trailer_vel_err,20791,1.0
val/object/trailer_vel_err,21385,1.0
val/object/trailer_vel_err,21979,1.0
val/object/trailer_vel_err,22573,1.0
val/object/trailer_vel_err,23167,1.0
val/object/trailer_vel_err,23761,1.0
val/object/trailer_vel_err,24355,1.0
val/object/trailer_vel_err,24949,1.0
val/object/trailer_vel_err,25543,1.0
val/object/trailer_vel_err,26137,1.0
val/object/trailer_vel_err,26731,1.0
val/object/trailer_vel_err,27325,1.0
val/object/trailer_vel_err,27919,1.0
val/object/trailer_vel_err,28513,1.0
val/object/trailer_attr_err,595,0.0
val/object/trailer_attr_err,1189,0.0
val/object/trailer_attr_err,1783,0.0
val/object/trailer_attr_err,2377,0.0
val/object/trailer_attr_err,2971,0.0
val/object/trailer_attr_err,3565,0.0
val/object/trailer_attr_err,4159,1.0
val/object/trailer_attr_err,4753,1.0
val/object/trailer_attr_err,5347,1.0
val/object/trailer_attr_err,5941,1.0
val/object/trailer_attr_err,6535,1.0
val/object/trailer_attr_err,7129,1.0
val/object/trailer_attr_err,7723,1.0
val/object/trailer_attr_err,8317,1.0
val/object/trailer_attr_err,8911,1.0
val/object/trailer_attr_err,9505,1.0
val/object/trailer_attr_err,10099,1.0
val/object/trailer_attr_err,10693,1.0
val/object/trailer_attr_err,11287,1.0
val/object/trailer_attr_err,11881,1.0
val/object/trailer_attr_err,12475,1.0
val/object/trailer_attr_err,13069,1.0
val/object/trailer_attr_err,13663,1.0
val/object/trailer_attr_err,14257,1.0
val/object/trailer_attr_err,14851,1.0
val/object/trailer_attr_err,15445,1.0
val/object/trailer_attr_err,16039,1.0
val/object/trailer_attr_err,16633,1.0
val/object/trailer_attr_err,17227,1.0
val/object/trailer_attr_err,17821,1.0
val/object/trailer_attr_err,18415,1.0
val/object/trailer_attr_err,19009,1.0
val/object/trailer_attr_err,19603,1.0
val/object/trailer_attr_err,20197,1.0
val/object/trailer_attr_err,20791,1.0
val/object/trailer_attr_err,21385,1.0
val/object/trailer_attr_err,21979,1.0
val/object/trailer_attr_err,22573,1.0
val/object/trailer_attr_err,23167,1.0
val/object/trailer_attr_err,23761,1.0
val/object/trailer_attr_err,24355,1.0
val/object/trailer_attr_err,24949,1.0
val/object/trailer_attr_err,25543,1.0
val/object/trailer_attr_err,26137,1.0
val/object/trailer_attr_err,26731,1.0
val/object/trailer_attr_err,27325,1.0
val/object/trailer_attr_err,27919,1.0
val/object/trailer_attr_err,28513,1.0
val/object/barrier_ap_dist_0.5,595,0.0
val/object/barrier_ap_dist_0.5,1189,0.0
val/object/barrier_ap_dist_0.5,1783,0.0
val/object/barrier_ap_dist_0.5,2377,0.0
val/object/barrier_ap_dist_0.5,2971,0.0
val/object/barrier_ap_dist_0.5,3565,0.0
val/object/barrier_ap_dist_0.5,4159,0.0
val/object/barrier_ap_dist_0.5,4753,0.0
val/object/barrier_ap_dist_0.5,5347,0.0
val/object/barrier_ap_dist_0.5,5941,0.0
val/object/barrier_ap_dist_0.5,6535,0.0
val/object/barrier_ap_dist_0.5,7129,0.0
val/object/barrier_ap_dist_0.5,7723,0.0
val/object/barrier_ap_dist_0.5,8317,0.0
val/object/barrier_ap_dist_0.5,8911,0.0
val/object/barrier_ap_dist_0.5,9505,0.0
val/object/barrier_ap_dist_0.5,10099,0.0
val/object/barrier_ap_dist_0.5,10693,0.0
val/object/barrier_ap_dist_0.5,11287,0.0
val/object/barrier_ap_dist_0.5,11881,0.0
val/object/barrier_ap_dist_0.5,12475,0.0
val/object/barrier_ap_dist_0.5,13069,0.0
val/object/barrier_ap_dist_0.5,13663,0.0
val/object/barrier_ap_dist_0.5,14257,0.0
val/object/barrier_ap_dist_0.5,14851,0.0
val/object/barrier_ap_dist_0.5,15445,0.0
val/object/barrier_ap_dist_0.5,16039,0.0
val/object/barrier_ap_dist_0.5,16633,0.0
val/object/barrier_ap_dist_0.5,17227,0.0
val/object/barrier_ap_dist_0.5,17821,0.0
val/object/barrier_ap_dist_0.5,18415,0.0
val/object/barrier_ap_dist_0.5,19009,0.0
val/object/barrier_ap_dist_0.5,19603,0.0
val/object/barrier_ap_dist_0.5,20197,0.0
val/object/barrier_ap_dist_0.5,20791,0.0
val/object/barrier_ap_dist_0.5,21385,0.0
val/object/barrier_ap_dist_0.5,21979,0.0
val/object/barrier_ap_dist_0.5,22573,0.0
val/object/barrier_ap_dist_0.5,23167,0.0
val/object/barrier_ap_dist_0.5,23761,0.0
val/object/barrier_ap_dist_0.5,24355,0.0
val/object/barrier_ap_dist_0.5,24949,0.0
val/object/barrier_ap_dist_0.5,25543,0.0
val/object/barrier_ap_dist_0.5,26137,0.0
val/object/barrier_ap_dist_0.5,26731,0.0
val/object/barrier_ap_dist_0.5,27325,0.0
val/object/barrier_ap_dist_0.5,27919,0.0
val/object/barrier_ap_dist_0.5,28513,0.0
val/object/barrier_ap_dist_1.0,595,0.0
val/object/barrier_ap_dist_1.0,1189,0.0
val/object/barrier_ap_dist_1.0,1783,0.0
val/object/barrier_ap_dist_1.0,2377,0.0
val/object/barrier_ap_dist_1.0,2971,0.0
val/object/barrier_ap_dist_1.0,3565,0.0
val/object/barrier_ap_dist_1.0,4159,0.0
val/object/barrier_ap_dist_1.0,4753,0.0
val/object/barrier_ap_dist_1.0,5347,0.0
val/object/barrier_ap_dist_1.0,5941,0.0
val/object/barrier_ap_dist_1.0,6535,0.0
val/object/barrier_ap_dist_1.0,7129,0.0
val/object/barrier_ap_dist_1.0,7723,0.0
val/object/barrier_ap_dist_1.0,8317,0.0
val/object/barrier_ap_dist_1.0,8911,0.0
val/object/barrier_ap_dist_1.0,9505,0.0
val/object/barrier_ap_dist_1.0,10099,0.0
val/object/barrier_ap_dist_1.0,10693,0.0
val/object/barrier_ap_dist_1.0,11287,0.0
val/object/barrier_ap_dist_1.0,11881,0.0
val/object/barrier_ap_dist_1.0,12475,0.0
val/object/barrier_ap_dist_1.0,13069,0.0
val/object/barrier_ap_dist_1.0,13663,0.0
val/object/barrier_ap_dist_1.0,14257,0.0
val/object/barrier_ap_dist_1.0,14851,0.0
val/object/barrier_ap_dist_1.0,15445,0.0
val/object/barrier_ap_dist_1.0,16039,0.0
val/object/barrier_ap_dist_1.0,16633,0.0
val/object/barrier_ap_dist_1.0,17227,0.0
val/object/barrier_ap_dist_1.0,17821,0.0
val/object/barrier_ap_dist_1.0,18415,0.0
val/object/barrier_ap_dist_1.0,19009,0.0
val/object/barrier_ap_dist_1.0,19603,0.0
val/object/barrier_ap_dist_1.0,20197,0.0
val/object/barrier_ap_dist_1.0,20791,0.0
val/object/barrier_ap_dist_1.0,21385,0.0
val/object/barrier_ap_dist_1.0,21979,0.0
val/object/barrier_ap_dist_1.0,22573,0.0
val/object/barrier_ap_dist_1.0,23167,0.0
val/object/barrier_ap_dist_1.0,23761,0.0
val/object/barrier_ap_dist_1.0,24355,0.0
val/object/barrier_ap_dist_1.0,24949,0.0
val/object/barrier_ap_dist_1.0,25543,0.0
val/object/barrier_ap_dist_1.0,26137,0.0
val/object/barrier_ap_dist_1.0,26731,0.0
val/object/barrier_ap_dist_1.0,27325,0.0
val/object/barrier_ap_dist_1.0,27919,0.0
val/object/barrier_ap_dist_1.0,28513,0.0
val/object/barrier_ap_dist_2.0,595,0.0
val/object/barrier_ap_dist_2.0,1189,0.0
val/object/barrier_ap_dist_2.0,1783,0.0
val/object/barrier_ap_dist_2.0,2377,0.0
val/object/barrier_ap_dist_2.0,2971,0.0
val/object/barrier_ap_dist_2.0,3565,0.0
val/object/barrier_ap_dist_2.0,4159,0.0
val/object/barrier_ap_dist_2.0,4753,0.0
val/object/barrier_ap_dist_2.0,5347,0.0
val/object/barrier_ap_dist_2.0,5941,0.0
val/object/barrier_ap_dist_2.0,6535,0.0
val/object/barrier_ap_dist_2.0,7129,0.0
val/object/barrier_ap_dist_2.0,7723,0.0
val/object/barrier_ap_dist_2.0,8317,0.0
val/object/barrier_ap_dist_2.0,8911,0.0
val/object/barrier_ap_dist_2.0,9505,0.0
val/object/barrier_ap_dist_2.0,10099,0.0
val/object/barrier_ap_dist_2.0,10693,0.0
val/object/barrier_ap_dist_2.0,11287,0.0
val/object/barrier_ap_dist_2.0,11881,0.0
val/object/barrier_ap_dist_2.0,12475,0.0
val/object/barrier_ap_dist_2.0,13069,0.0
val/object/barrier_ap_dist_2.0,13663,0.0
val/object/barrier_ap_dist_2.0,14257,0.0
val/object/barrier_ap_dist_2.0,14851,0.0
val/object/barrier_ap_dist_2.0,15445,0.0
val/object/barrier_ap_dist_2.0,16039,0.0
val/object/barrier_ap_dist_2.0,16633,0.0
val/object/barrier_ap_dist_2.0,17227,0.0
val/object/barrier_ap_dist_2.0,17821,0.0
val/object/barrier_ap_dist_2.0,18415,0.0
val/object/barrier_ap_dist_2.0,19009,0.0
val/object/barrier_ap_dist_2.0,19603,0.0
val/object/barrier_ap_dist_2.0,20197,0.0
val/object/barrier_ap_dist_2.0,20791,0.0
val/object/barrier_ap_dist_2.0,21385,0.0
val/object/barrier_ap_dist_2.0,21979,0.0
val/object/barrier_ap_dist_2.0,22573,0.0
val/object/barrier_ap_dist_2.0,23167,0.0
val/object/barrier_ap_dist_2.0,23761,0.0
val/object/barrier_ap_dist_2.0,24355,0.0
val/object/barrier_ap_dist_2.0,24949,0.0
val/object/barrier_ap_dist_2.0,25543,0.0
val/object/barrier_ap_dist_2.0,26137,0.0
val/object/barrier_ap_dist_2.0,26731,0.0
val/object/barrier_ap_dist_2.0,27325,0.0
val/object/barrier_ap_dist_2.0,27919,0.0
val/object/barrier_ap_dist_2.0,28513,0.0
val/object/barrier_ap_dist_4.0,595,0.0
val/object/barrier_ap_dist_4.0,1189,0.0
val/object/barrier_ap_dist_4.0,1783,0.0
val/object/barrier_ap_dist_4.0,2377,0.0
val/object/barrier_ap_dist_4.0,2971,0.0
val/object/barrier_ap_dist_4.0,3565,0.0
val/object/barrier_ap_dist_4.0,4159,0.0
val/object/barrier_ap_dist_4.0,4753,0.0
val/object/barrier_ap_dist_4.0,5347,0.0
val/object/barrier_ap_dist_4.0,5941,0.0
val/object/barrier_ap_dist_4.0,6535,0.0
val/object/barrier_ap_dist_4.0,7129,0.0
val/object/barrier_ap_dist_4.0,7723,0.0
val/object/barrier_ap_dist_4.0,8317,0.0
val/object/barrier_ap_dist_4.0,8911,0.0
val/object/barrier_ap_dist_4.0,9505,0.0
val/object/barrier_ap_dist_4.0,10099,0.0
val/object/barrier_ap_dist_4.0,10693,0.0
val/object/barrier_ap_dist_4.0,11287,0.0
val/object/barrier_ap_dist_4.0,11881,0.0
val/object/barrier_ap_dist_4.0,12475,0.0
val/object/barrier_ap_dist_4.0,13069,0.0
val/object/barrier_ap_dist_4.0,13663,0.0
val/object/barrier_ap_dist_4.0,14257,0.0
val/object/barrier_ap_dist_4.0,14851,0.0
val/object/barrier_ap_dist_4.0,15445,0.0
val/object/barrier_ap_dist_4.0,16039,0.0
val/object/barrier_ap_dist_4.0,16633,0.0
val/object/barrier_ap_dist_4.0,17227,0.0
val/object/barrier_ap_dist_4.0,17821,0.0
val/object/barrier_ap_dist_4.0,18415,0.0
val/object/barrier_ap_dist_4.0,19009,0.0
val/object/barrier_ap_dist_4.0,19603,0.0
val/object/barrier_ap_dist_4.0,20197,0.0
val/object/barrier_ap_dist_4.0,20791,0.0
val/object/barrier_ap_dist_4.0,21385,0.0
val/object/barrier_ap_dist_4.0,21979,0.0
val/object/barrier_ap_dist_4.0,22573,0.0
val/object/barrier_ap_dist_4.0,23167,0.0
val/object/barrier_ap_dist_4.0,23761,0.0
val/object/barrier_ap_dist_4.0,24355,0.0
val/object/barrier_ap_dist_4.0,24949,0.0
val/object/barrier_ap_dist_4.0,25543,0.0
val/object/barrier_ap_dist_4.0,26137,0.0
val/object/barrier_ap_dist_4.0,26731,0.0
val/object/barrier_ap_dist_4.0,27325,0.0
val/object/barrier_ap_dist_4.0,27919,0.0
val/object/barrier_ap_dist_4.0,28513,0.0
val/object/barrier_trans_err,595,1.0
val/object/barrier_trans_err,1189,1.0
val/object/barrier_trans_err,1783,1.0
val/object/barrier_trans_err,2377,1.0
val/object/barrier_trans_err,2971,1.0
val/object/barrier_trans_err,3565,1.0
val/object/barrier_trans_err,4159,1.0
val/object/barrier_trans_err,4753,1.0
val/object/barrier_trans_err,5347,1.0
val/object/barrier_trans_err,5941,1.0
val/object/barrier_trans_err,6535,1.0
val/object/barrier_trans_err,7129,1.0
val/object/barrier_trans_err,7723,1.0
val/object/barrier_trans_err,8317,1.0
val/object/barrier_trans_err,8911,1.0
val/object/barrier_trans_err,9505,1.0
val/object/barrier_trans_err,10099,1.0
val/object/barrier_trans_err,10693,1.0
val/object/barrier_trans_err,11287,1.0
val/object/barrier_trans_err,11881,1.0
val/object/barrier_trans_err,12475,1.0
val/object/barrier_trans_err,13069,1.0
val/object/barrier_trans_err,13663,1.0
val/object/barrier_trans_err,14257,1.0
val/object/barrier_trans_err,14851,1.0
val/object/barrier_trans_err,15445,1.0
val/object/barrier_trans_err,16039,1.0
val/object/barrier_trans_err,16633,1.0
val/object/barrier_trans_err,17227,1.0
val/object/barrier_trans_err,17821,1.0
val/object/barrier_trans_err,18415,1.0
val/object/barrier_trans_err,19009,1.0
val/object/barrier_trans_err,19603,1.0
val/object/barrier_trans_err,20197,1.0
val/object/barrier_trans_err,20791,1.0
val/object/barrier_trans_err,21385,1.0
val/object/barrier_trans_err,21979,1.0
val/object/barrier_trans_err,22573,1.0
val/object/barrier_trans_err,23167,1.0
val/object/barrier_trans_err,23761,1.0
val/object/barrier_trans_err,24355,1.0
val/object/barrier_trans_err,24949,1.0
val/object/barrier_trans_err,25543,1.0
val/object/barrier_trans_err,26137,1.0
val/object/barrier_trans_err,26731,1.0
val/object/barrier_trans_err,27325,1.0
val/object/barrier_trans_err,27919,1.0
val/object/barrier_trans_err,28513,1.0
val/object/barrier_scale_err,595,1.0
val/object/barrier_scale_err,1189,1.0
val/object/barrier_scale_err,1783,1.0
val/object/barrier_scale_err,2377,1.0
val/object/barrier_scale_err,2971,1.0
val/object/barrier_scale_err,3565,1.0
val/object/barrier_scale_err,4159,1.0
val/object/barrier_scale_err,4753,1.0
val/object/barrier_scale_err,5347,1.0
val/object/barrier_scale_err,5941,1.0
val/object/barrier_scale_err,6535,1.0
val/object/barrier_scale_err,7129,1.0
val/object/barrier_scale_err,7723,1.0
val/object/barrier_scale_err,8317,1.0
val/object/barrier_scale_err,8911,1.0
val/object/barrier_scale_err,9505,1.0
val/object/barrier_scale_err,10099,1.0
val/object/barrier_scale_err,10693,1.0
val/object/barrier_scale_err,11287,1.0
val/object/barrier_scale_err,11881,1.0
val/object/barrier_scale_err,12475,1.0
val/object/barrier_scale_err,13069,1.0
val/object/barrier_scale_err,13663,1.0
val/object/barrier_scale_err,14257,1.0
val/object/barrier_scale_err,14851,1.0
val/object/barrier_scale_err,15445,1.0
val/object/barrier_scale_err,16039,1.0
val/object/barrier_scale_err,16633,1.0
val/object/barrier_scale_err,17227,1.0
val/object/barrier_scale_err,17821,1.0
val/object/barrier_scale_err,18415,1.0
val/object/barrier_scale_err,19009,1.0
val/object/barrier_scale_err,19603,1.0
val/object/barrier_scale_err,20197,1.0
val/object/barrier_scale_err,20791,1.0
val/object/barrier_scale_err,21385,1.0
val/object/barrier_scale_err,21979,1.0
val/object/barrier_scale_err,22573,1.0
val/object/barrier_scale_err,23167,1.0
val/object/barrier_scale_err,23761,1.0
val/object/barrier_scale_err,24355,1.0
val/object/barrier_scale_err,24949,1.0
val/object/barrier_scale_err,25543,1.0
val/object/barrier_scale_err,26137,1.0
val/object/barrier_scale_err,26731,1.0
val/object/barrier_scale_err,27325,1.0
val/object/barrier_scale_err,27919,1.0
val/object/barrier_scale_err,28513,1.0
val/object/barrier_orient_err,595,1.0
val/object/barrier_orient_err,1189,1.0
val/object/barrier_orient_err,1783,1.0
val/object/barrier_orient_err,2377,1.0
val/object/barrier_orient_err,2971,1.0
val/object/barrier_orient_err,3565,1.0
val/object/barrier_orient_err,4159,1.0
val/object/barrier_orient_err,4753,1.0
val/object/barrier_orient_err,5347,1.0
val/object/barrier_orient_err,5941,1.0
val/object/barrier_orient_err,6535,1.0
val/object/barrier_orient_err,7129,1.0
val/object/barrier_orient_err,7723,1.0
val/object/barrier_orient_err,8317,1.0
val/object/barrier_orient_err,8911,1.0
val/object/barrier_orient_err,9505,1.0
val/object/barrier_orient_err,10099,1.0
val/object/barrier_orient_err,10693,1.0
val/object/barrier_orient_err,11287,1.0
val/object/barrier_orient_err,11881,1.0
val/object/barrier_orient_err,12475,1.0
val/object/barrier_orient_err,13069,1.0
val/object/barrier_orient_err,13663,1.0
val/object/barrier_orient_err,14257,1.0
val/object/barrier_orient_err,14851,1.0
val/object/barrier_orient_err,15445,1.0
val/object/barrier_orient_err,16039,1.0
val/object/barrier_orient_err,16633,1.0
val/object/barrier_orient_err,17227,1.0
val/object/barrier_orient_err,17821,1.0
val/object/barrier_orient_err,18415,1.0
val/object/barrier_orient_err,19009,1.0
val/object/barrier_orient_err,19603,1.0
val/object/barrier_orient_err,20197,1.0
val/object/barrier_orient_err,20791,1.0
val/object/barrier_orient_err,21385,1.0
val/object/barrier_orient_err,21979,1.0
val/object/barrier_orient_err,22573,1.0
val/object/barrier_orient_err,23167,1.0
val/object/barrier_orient_err,23761,1.0
val/object/barrier_orient_err,24355,1.0
val/object/barrier_orient_err,24949,1.0
val/object/barrier_orient_err,25543,1.0
val/object/barrier_orient_err,26137,1.0
val/object/barrier_orient_err,26731,1.0
val/object/barrier_orient_err,27325,1.0
val/object/barrier_orient_err,27919,1.0
val/object/barrier_orient_err,28513,1.0
val/object/barrier_vel_err,595,
val/object/barrier_vel_err,1189,
val/object/barrier_vel_err,1783,
val/object/barrier_vel_err,2377,
val/object/barrier_vel_err,2971,
val/object/barrier_vel_err,3565,
val/object/barrier_vel_err,4159,
val/object/barrier_vel_err,4753,
val/object/barrier_vel_err,5347,
val/object/barrier_vel_err,5941,
val/object/barrier_vel_err,6535,
val/object/barrier_vel_err,7129,
val/object/barrier_vel_err,7723,
val/object/barrier_vel_err,8317,
val/object/barrier_vel_err,8911,
val/object/barrier_vel_err,9505,
val/object/barrier_vel_err,10099,
val/object/barrier_vel_err,10693,
val/object/barrier_vel_err,11287,
val/object/barrier_vel_err,11881,
val/object/barrier_vel_err,12475,
val/object/barrier_vel_err,13069,
val/object/barrier_vel_err,13663,
val/object/barrier_vel_err,14257,
val/object/barrier_vel_err,14851,
val/object/barrier_vel_err,15445,
val/object/barrier_vel_err,16039,
val/object/barrier_vel_err,16633,
val/object/barrier_vel_err,17227,
val/object/barrier_vel_err,17821,
val/object/barrier_vel_err,18415,
val/object/barrier_vel_err,19009,
val/object/barrier_vel_err,19603,
val/object/barrier_vel_err,20197,
val/object/barrier_vel_err,20791,
val/object/barrier_vel_err,21385,
val/object/barrier_vel_err,21979,
val/object/barrier_vel_err,22573,
val/object/barrier_vel_err,23167,
val/object/barrier_vel_err,23761,
val/object/barrier_vel_err,24355,
val/object/barrier_vel_err,24949,
val/object/barrier_vel_err,25543,
val/object/barrier_vel_err,26137,
val/object/barrier_vel_err,26731,
val/object/barrier_vel_err,27325,
val/object/barrier_vel_err,27919,
val/object/barrier_vel_err,28513,
val/object/barrier_attr_err,595,
val/object/barrier_attr_err,1189,
val/object/barrier_attr_err,1783,
val/object/barrier_attr_err,2377,
val/object/barrier_attr_err,2971,
val/object/barrier_attr_err,3565,
val/object/barrier_attr_err,4159,
val/object/barrier_attr_err,4753,
val/object/barrier_attr_err,5347,
val/object/barrier_attr_err,5941,
val/object/barrier_attr_err,6535,
val/object/barrier_attr_err,7129,
val/object/barrier_attr_err,7723,
val/object/barrier_attr_err,8317,
val/object/barrier_attr_err,8911,
val/object/barrier_attr_err,9505,
val/object/barrier_attr_err,10099,
val/object/barrier_attr_err,10693,
val/object/barrier_attr_err,11287,
val/object/barrier_attr_err,11881,
val/object/barrier_attr_err,12475,
val/object/barrier_attr_err,13069,
val/object/barrier_attr_err,13663,
val/object/barrier_attr_err,14257,
val/object/barrier_attr_err,14851,
val/object/barrier_attr_err,15445,
val/object/barrier_attr_err,16039,
val/object/barrier_attr_err,16633,
val/object/barrier_attr_err,17227,
val/object/barrier_attr_err,17821,
val/object/barrier_attr_err,18415,
val/object/barrier_attr_err,19009,
val/object/barrier_attr_err,19603,
val/object/barrier_attr_err,20197,
val/object/barrier_attr_err,20791,
val/object/barrier_attr_err,21385,
val/object/barrier_attr_err,21979,
val/object/barrier_attr_err,22573,
val/object/barrier_attr_err,23167,
val/object/barrier_attr_err,23761,
val/object/barrier_attr_err,24355,
val/object/barrier_attr_err,24949,
val/object/barrier_attr_err,25543,
val/object/barrier_attr_err,26137,
val/object/barrier_attr_err,26731,
val/object/barrier_attr_err,27325,
val/object/barrier_attr_err,27919,
val/object/barrier_attr_err,28513,
val/object/motorcycle_ap_dist_0.5,595,0.833299994468689
val/object/motorcycle_ap_dist_0.5,1189,0.7465999722480774
val/object/motorcycle_ap_dist_0.5,1783,0.5946999788284302
val/object/motorcycle_ap_dist_0.5,2377,0.490200012922287
val/object/motorcycle_ap_dist_0.5,2971,0.3357999920845032
val/object/motorcycle_ap_dist_0.5,3565,0.30959999561309814
val/object/motorcycle_ap_dist_0.5,4159,0.2151000052690506
val/object/motorcycle_ap_dist_0.5,4753,0.225600004196167
val/object/motorcycle_ap_dist_0.5,5347,0.17249999940395355
val/object/motorcycle_ap_dist_0.5,5941,0.16820000112056732
val/object/motorcycle_ap_dist_0.5,6535,0.11029999703168869
val/object/motorcycle_ap_dist_0.5,7129,0.1005999967455864
val/object/motorcycle_ap_dist_0.5,7723,0.08910000324249268
val/object/motorcycle_ap_dist_0.5,8317,0.061400000005960464
val/object/motorcycle_ap_dist_0.5,8911,0.03460000082850456
val/object/motorcycle_ap_dist_0.5,9505,0.0608999989926815
val/object/motorcycle_ap_dist_0.5,10099,0.04839999973773956
val/object/motorcycle_ap_dist_0.5,10693,0.0794999971985817
val/object/motorcycle_ap_dist_0.5,11287,0.09149999916553497
val/object/motorcycle_ap_dist_0.5,11881,0.04820000007748604
val/object/motorcycle_ap_dist_0.5,12475,0.06040000170469284
val/object/motorcycle_ap_dist_0.5,13069,0.027400000020861626
val/object/motorcycle_ap_dist_0.5,13663,0.026399999856948853
val/object/motorcycle_ap_dist_0.5,14257,0.0357000008225441
val/object/motorcycle_ap_dist_0.5,14851,0.0333000011742115
val/object/motorcycle_ap_dist_0.5,15445,0.03709999844431877
val/object/motorcycle_ap_dist_0.5,16039,0.020500000566244125
val/object/motorcycle_ap_dist_0.5,16633,0.01769999973475933
val/object/motorcycle_ap_dist_0.5,17227,0.013799999840557575
val/object/motorcycle_ap_dist_0.5,17821,0.011500000022351742
val/object/motorcycle_ap_dist_0.5,18415,0.020400000736117363
val/object/motorcycle_ap_dist_0.5,19009,0.012600000016391277
val/object/motorcycle_ap_dist_0.5,19603,0.010300000198185444
val/object/motorcycle_ap_dist_0.5,20197,0.011300000362098217
val/object/motorcycle_ap_dist_0.5,20791,0.008500000461935997
val/object/motorcycle_ap_dist_0.5,21385,0.008200000040233135
val/object/motorcycle_ap_dist_0.5,21979,0.009100000374019146
val/object/motorcycle_ap_dist_0.5,22573,0.008700000122189522
val/object/motorcycle_ap_dist_0.5,23167,0.013399999588727951
val/object/motorcycle_ap_dist_0.5,23761,0.01080000028014183
val/object/motorcycle_ap_dist_0.5,24355,0.010099999606609344
val/object/motorcycle_ap_dist_0.5,24949,0.010900000110268593
val/object/motorcycle_ap_dist_0.5,25543,0.010300000198185444
val/object/motorcycle_ap_dist_0.5,26137,0.010300000198185444
val/object/motorcycle_ap_dist_0.5,26731,0.00839999970048666
val/object/motorcycle_ap_dist_0.5,27325,0.00839999970048666
val/object/motorcycle_ap_dist_0.5,27919,0.00800000037997961
val/object/motorcycle_ap_dist_0.5,28513,0.010099999606609344
val/object/motorcycle_ap_dist_1.0,595,0.9103000164031982
val/object/motorcycle_ap_dist_1.0,1189,0.881600022315979
val/object/motorcycle_ap_dist_1.0,1783,0.8154000043869019
val/object/motorcycle_ap_dist_1.0,2377,0.7825999855995178
val/object/motorcycle_ap_dist_1.0,2971,0.6830000281333923
val/object/motorcycle_ap_dist_1.0,3565,0.6485000252723694
val/object/motorcycle_ap_dist_1.0,4159,0.6154999732971191
val/object/motorcycle_ap_dist_1.0,4753,0.5837000012397766
val/object/motorcycle_ap_dist_1.0,5347,0.5512999892234802
val/object/motorcycle_ap_dist_1.0,5941,0.4778999984264374
val/object/motorcycle_ap_dist_1.0,6535,0.4172999858856201
val/object/motorcycle_ap_dist_1.0,7129,0.38179999589920044
val/object/motorcycle_ap_dist_1.0,7723,0.4115999937057495
val/object/motorcycle_ap_dist_1.0,8317,0.3522000014781952
val/object/motorcycle_ap_dist_1.0,8911,0.27619999647140503
val/object/motorcycle_ap_dist_1.0,9505,0.358599990606308
val/object/motorcycle_ap_dist_1.0,10099,0.2892000079154968
val/object/motorcycle_ap_dist_1.0,10693,0.30489999055862427
val/object/motorcycle_ap_dist_1.0,11287,0.36890000104904175
val/object/motorcycle_ap_dist_1.0,11881,0.27149999141693115
val/object/motorcycle_ap_dist_1.0,12475,0.2639000117778778
val/object/motorcycle_ap_dist_1.0,13069,0.21220000088214874
val/object/motorcycle_ap_dist_1.0,13663,0.20589999854564667
val/object/motorcycle_ap_dist_1.0,14257,0.23499999940395355
val/object/motorcycle_ap_dist_1.0,14851,0.1972000002861023
val/object/motorcycle_ap_dist_1.0,15445,0.20200000703334808
val/object/motorcycle_ap_dist_1.0,16039,0.14900000393390656
val/object/motorcycle_ap_dist_1.0,16633,0.1597999930381775
val/object/motorcycle_ap_dist_1.0,17227,0.133200004696846
val/object/motorcycle_ap_dist_1.0,17821,0.1535000056028366
val/object/motorcycle_ap_dist_1.0,18415,0.156700000166893
val/object/motorcycle_ap_dist_1.0,19009,0.12250000238418579
val/object/motorcycle_ap_dist_1.0,19603,0.1265999972820282
val/object/motorcycle_ap_dist_1.0,20197,0.14640000462532043
val/object/motorcycle_ap_dist_1.0,20791,0.13120000064373016
val/object/motorcycle_ap_dist_1.0,21385,0.11029999703168869
val/object/motorcycle_ap_dist_1.0,21979,0.12720000743865967
val/object/motorcycle_ap_dist_1.0,22573,0.11330000311136246
val/object/motorcycle_ap_dist_1.0,23167,0.1273999959230423
val/object/motorcycle_ap_dist_1.0,23761,0.11710000038146973
val/object/motorcycle_ap_dist_1.0,24355,0.12280000001192093
val/object/motorcycle_ap_dist_1.0,24949,0.11249999701976776
val/object/motorcycle_ap_dist_1.0,25543,0.10949999839067459
val/object/motorcycle_ap_dist_1.0,26137,0.11379999667406082
val/object/motorcycle_ap_dist_1.0,26731,0.10899999737739563
val/object/motorcycle_ap_dist_1.0,27325,0.1071000024676323
val/object/motorcycle_ap_dist_1.0,27919,0.10750000178813934
val/object/motorcycle_ap_dist_1.0,28513,0.1136000007390976
val/object/motorcycle_ap_dist_2.0,595,0.9218000173568726
val/object/motorcycle_ap_dist_2.0,1189,0.9125000238418579
val/object/motorcycle_ap_dist_2.0,1783,0.8754000067710876
val/object/motorcycle_ap_dist_2.0,2377,0.8618999719619751
val/object/motorcycle_ap_dist_2.0,2971,0.8289999961853027
val/object/motorcycle_ap_dist_2.0,3565,0.8101000189781189
val/object/motorcycle_ap_dist_2.0,4159,0.795799970626831
val/object/motorcycle_ap_dist_2.0,4753,0.7741000056266785
val/object/motorcycle_ap_dist_2.0,5347,0.7562999725341797
val/object/motorcycle_ap_dist_2.0,5941,0.7218000292778015
val/object/motorcycle_ap_dist_2.0,6535,0.6985999941825867
val/object/motorcycle_ap_dist_2.0,7129,0.6564000248908997
val/object/motorcycle_ap_dist_2.0,7723,0.6948999762535095
val/object/motorcycle_ap_dist_2.0,8317,0.6355000138282776
val/object/motorcycle_ap_dist_2.0,8911,0.5694000124931335
val/object/motorcycle_ap_dist_2.0,9505,0.656000018119812
val/object/motorcycle_ap_dist_2.0,10099,0.5713000297546387
val/object/motorcycle_ap_dist_2.0,10693,0.5437999963760376
val/object/motorcycle_ap_dist_2.0,11287,0.6136000156402588
val/object/motorcycle_ap_dist_2.0,11881,0.5594000220298767
val/object/motorcycle_ap_dist_2.0,12475,0.5586000084877014
val/object/motorcycle_ap_dist_2.0,13069,0.5335000157356262
val/object/motorcycle_ap_dist_2.0,13663,0.506600022315979
val/object/motorcycle_ap_dist_2.0,14257,0.5461999773979187
val/object/motorcycle_ap_dist_2.0,14851,0.5703999996185303
val/object/motorcycle_ap_dist_2.0,15445,0.5012000203132629
val/object/motorcycle_ap_dist_2.0,16039,0.46239998936653137
val/object/motorcycle_ap_dist_2.0,16633,0.4844000041484833
val/object/motorcycle_ap_dist_2.0,17227,0.4778999984264374
val/object/motorcycle_ap_dist_2.0,17821,0.48510000109672546
val/object/motorcycle_ap_dist_2.0,18415,0.4684999883174896
val/object/motorcycle_ap_dist_2.0,19009,0.3774999976158142
val/object/motorcycle_ap_dist_2.0,19603,0.4171000123023987
val/object/motorcycle_ap_dist_2.0,20197,0.4643999934196472
val/object/motorcycle_ap_dist_2.0,20791,0.4449999928474426
val/object/motorcycle_ap_dist_2.0,21385,0.39820000529289246
val/object/motorcycle_ap_dist_2.0,21979,0.4291999936103821
val/object/motorcycle_ap_dist_2.0,22573,0.3937000036239624
val/object/motorcycle_ap_dist_2.0,23167,0.4171999990940094
val/object/motorcycle_ap_dist_2.0,23761,0.4049000144004822
val/object/motorcycle_ap_dist_2.0,24355,0.4131999909877777
val/object/motorcycle_ap_dist_2.0,24949,0.40130001306533813
val/object/motorcycle_ap_dist_2.0,25543,0.40470001101493835
val/object/motorcycle_ap_dist_2.0,26137,0.41359999775886536
val/object/motorcycle_ap_dist_2.0,26731,0.40470001101493835
val/object/motorcycle_ap_dist_2.0,27325,0.40209999680519104
val/object/motorcycle_ap_dist_2.0,27919,0.4009999930858612
val/object/motorcycle_ap_dist_2.0,28513,0.40310001373291016
val/object/motorcycle_ap_dist_4.0,595,0.9243999719619751
val/object/motorcycle_ap_dist_4.0,1189,0.9143999814987183
val/object/motorcycle_ap_dist_4.0,1783,0.8787999749183655
val/object/motorcycle_ap_dist_4.0,2377,0.8661999702453613
val/object/motorcycle_ap_dist_4.0,2971,0.838100016117096
val/object/motorcycle_ap_dist_4.0,3565,0.815500020980835
val/object/motorcycle_ap_dist_4.0,4159,0.8043000102043152
val/object/motorcycle_ap_dist_4.0,4753,0.7883999943733215
val/object/motorcycle_ap_dist_4.0,5347,0.7788000106811523
val/object/motorcycle_ap_dist_4.0,5941,0.7763000130653381
val/object/motorcycle_ap_dist_4.0,6535,0.7368000149726868
val/object/motorcycle_ap_dist_4.0,7129,0.7110999822616577
val/object/motorcycle_ap_dist_4.0,7723,0.7289000153541565
val/object/motorcycle_ap_dist_4.0,8317,0.6978999972343445
val/object/motorcycle_ap_dist_4.0,8911,0.6556000113487244
val/object/motorcycle_ap_dist_4.0,9505,0.7024999856948853
val/object/motorcycle_ap_dist_4.0,10099,0.6344000101089478
val/object/motorcycle_ap_dist_4.0,10693,0.5882999897003174
val/object/motorcycle_ap_dist_4.0,11287,0.6729000210762024
val/object/motorcycle_ap_dist_4.0,11881,0.6183000206947327
val/object/motorcycle_ap_dist_4.0,12475,0.6237000226974487
val/object/motorcycle_ap_dist_4.0,13069,0.599399983882904
val/object/motorcycle_ap_dist_4.0,13663,0.617900013923645
val/object/motorcycle_ap_dist_4.0,14257,0.6241999864578247
val/object/motorcycle_ap_dist_4.0,14851,0.6553999781608582
val/object/motorcycle_ap_dist_4.0,15445,0.5967000126838684
val/object/motorcycle_ap_dist_4.0,16039,0.5166000127792358
val/object/motorcycle_ap_dist_4.0,16633,0.5587999820709229
val/object/motorcycle_ap_dist_4.0,17227,0.5393999814987183
val/object/motorcycle_ap_dist_4.0,17821,0.5194000005722046
val/object/motorcycle_ap_dist_4.0,18415,0.526199996471405
val/object/motorcycle_ap_dist_4.0,19009,0.4162999987602234
val/object/motorcycle_ap_dist_4.0,19603,0.45969998836517334
val/object/motorcycle_ap_dist_4.0,20197,0.503600001335144
val/object/motorcycle_ap_dist_4.0,20791,0.49630001187324524
val/object/motorcycle_ap_dist_4.0,21385,0.4499000012874603
val/object/motorcycle_ap_dist_4.0,21979,0.48410001397132874
val/object/motorcycle_ap_dist_4.0,22573,0.44369998574256897
val/object/motorcycle_ap_dist_4.0,23167,0.4564000070095062
val/object/motorcycle_ap_dist_4.0,23761,0.446399986743927
val/object/motorcycle_ap_dist_4.0,24355,0.4641999900341034
val/object/motorcycle_ap_dist_4.0,24949,0.4490000009536743
val/object/motorcycle_ap_dist_4.0,25543,0.4449999928474426
val/object/motorcycle_ap_dist_4.0,26137,0.4564000070095062
val/object/motorcycle_ap_dist_4.0,26731,0.4456999897956848
val/object/motorcycle_ap_dist_4.0,27325,0.44510000944137573
val/object/motorcycle_ap_dist_4.0,27919,0.4530999958515167
val/object/motorcycle_ap_dist_4.0,28513,0.453900009393692
val/object/motorcycle_trans_err,595,0.1371999979019165
val/object/motorcycle_trans_err,1189,0.17550000548362732
val/object/motorcycle_trans_err,1783,0.2621999979019165
val/object/motorcycle_trans_err,2377,0.3133000135421753
val/object/motorcycle_trans_err,2971,0.4228000044822693
val/object/motorcycle_trans_err,3565,0.4316999912261963
val/object/motorcycle_trans_err,4159,0.5020999908447266
val/object/motorcycle_trans_err,4753,0.5062000155448914
val/object/motorcycle_trans_err,5347,0.5375000238418579
val/object/motorcycle_trans_err,5941,0.5720999836921692
val/object/motorcycle_trans_err,6535,0.6180999875068665
val/object/motorcycle_trans_err,7129,0.6381000280380249
val/object/motorcycle_trans_err,7723,0.6549999713897705
val/object/motorcycle_trans_err,8317,0.6959999799728394
val/object/motorcycle_trans_err,8911,0.7529000043869019
val/object/motorcycle_trans_err,9505,0.7095999717712402
val/object/motorcycle_trans_err,10099,0.7210999727249146
val/object/motorcycle_trans_err,10693,0.6401000022888184
val/object/motorcycle_trans_err,11287,0.6211000084877014
val/object/motorcycle_trans_err,11881,0.7361000180244446
val/object/motorcycle_trans_err,12475,0.7017999887466431
val/object/motorcycle_trans_err,13069,0.8036999702453613
val/object/motorcycle_trans_err,13663,0.7858999967575073
val/object/motorcycle_trans_err,14257,0.7753000259399414
val/object/motorcycle_trans_err,14851,0.8133999705314636
val/object/motorcycle_trans_err,15445,0.7626000046730042
val/object/motorcycle_trans_err,16039,0.8536999821662903
val/object/motorcycle_trans_err,16633,0.8464000225067139
val/object/motorcycle_trans_err,17227,0.9096999764442444
val/object/motorcycle_trans_err,17821,0.8740000128746033
val/object/motorcycle_trans_err,18415,0.8418999910354614
val/object/motorcycle_trans_err,19009,0.8450000286102295
val/object/motorcycle_trans_err,19603,0.8727999925613403
val/object/motorcycle_trans_err,20197,0.8700000047683716
val/object/motorcycle_trans_err,20791,0.8810999989509583
val/object/motorcycle_trans_err,21385,0.8705999851226807
val/object/motorcycle_trans_err,21979,0.8715999722480774
val/object/motorcycle_trans_err,22573,0.8468999862670898
val/object/motorcycle_trans_err,23167,0.8418999910354614
val/object/motorcycle_trans_err,23761,0.8747000098228455
val/object/motorcycle_trans_err,24355,0.8694999814033508
val/object/motorcycle_trans_err,24949,0.8665000200271606
val/object/motorcycle_trans_err,25543,0.8794000148773193
val/object/motorcycle_trans_err,26137,0.883899986743927
val/object/motorcycle_trans_err,26731,0.8810999989509583
val/object/motorcycle_trans_err,27325,0.8820000290870667
val/object/motorcycle_trans_err,27919,0.8820000290870667
val/object/motorcycle_trans_err,28513,0.8763999938964844
val/object/motorcycle_scale_err,595,0.16740000247955322
val/object/motorcycle_scale_err,1189,0.2198999971151352
val/object/motorcycle_scale_err,1783,0.2867000102996826
val/object/motorcycle_scale_err,2377,0.32010000944137573
val/object/motorcycle_scale_err,2971,0.31679999828338623
val/object/motorcycle_scale_err,3565,0.29739999771118164
val/object/motorcycle_scale_err,4159,0.31220000982284546
val/object/motorcycle_scale_err,4753,0.3513000011444092
val/object/motorcycle_scale_err,5347,0.29670000076293945
val/object/motorcycle_scale_err,5941,0.31850001215934753
val/object/motorcycle_scale_err,6535,0.3264000117778778
val/object/motorcycle_scale_err,7129,0.2937000095844269
val/object/motorcycle_scale_err,7723,0.3490999937057495
val/object/motorcycle_scale_err,8317,0.32359999418258667
val/object/motorcycle_scale_err,8911,0.35010001063346863
val/object/motorcycle_scale_err,9505,0.3880000114440918
val/object/motorcycle_scale_err,10099,0.39340001344680786
val/object/motorcycle_scale_err,10693,0.38179999589920044
val/object/motorcycle_scale_err,11287,0.3937999904155731
val/object/motorcycle_scale_err,11881,0.35019999742507935
val/object/motorcycle_scale_err,12475,0.38850000500679016
val/object/motorcycle_scale_err,13069,0.37380000948905945
val/object/motorcycle_scale_err,13663,0.39500001072883606
val/object/motorcycle_scale_err,14257,0.3797000050544739
val/object/motorcycle_scale_err,14851,0.4129999876022339
val/object/motorcycle_scale_err,15445,0.4090999960899353
val/object/motorcycle_scale_err,16039,0.41519999504089355
val/object/motorcycle_scale_err,16633,0.384799987077713
val/object/motorcycle_scale_err,17227,0.36239999532699585
val/object/motorcycle_scale_err,17821,0.39089998602867126
val/object/motorcycle_scale_err,18415,0.41929998993873596
val/object/motorcycle_scale_err,19009,0.3984000086784363
val/object/motorcycle_scale_err,19603,0.3921000063419342
val/object/motorcycle_scale_err,20197,0.4027000069618225
val/object/motorcycle_scale_err,20791,0.40070000290870667
val/object/motorcycle_scale_err,21385,0.3955000042915344
val/object/motorcycle_scale_err,21979,0.4041999876499176
val/object/motorcycle_scale_err,22573,0.40220001339912415
val/object/motorcycle_scale_err,23167,0.40310001373291016
val/object/motorcycle_scale_err,23761,0.4052000045776367
val/object/motorcycle_scale_err,24355,0.4113999903202057
val/object/motorcycle_scale_err,24949,0.41359999775886536
val/object/motorcycle_scale_err,25543,0.40939998626708984
val/object/motorcycle_scale_err,26137,0.41029998660087585
val/object/motorcycle_scale_err,26731,0.4131999909877777
val/object/motorcycle_scale_err,27325,0.4147999882698059
val/object/motorcycle_scale_err,27919,0.4122999906539917
val/object/motorcycle_scale_err,28513,0.4113999903202057
val/object/motorcycle_orient_err,595,0.05290000140666962
val/object/motorcycle_orient_err,1189,0.06019999831914902
val/object/motorcycle_orient_err,1783,0.08100000023841858
val/object/motorcycle_orient_err,2377,0.0917000025510788
val/object/motorcycle_orient_err,2971,0.10840000212192535
val/object/motorcycle_orient_err,3565,0.12060000002384186
val/object/motorcycle_orient_err,4159,0.1266999989748001
val/object/motorcycle_orient_err,4753,0.1185000017285347
val/object/motorcycle_orient_err,5347,0.13989999890327454
val/object/motorcycle_orient_err,5941,0.13750000298023224
val/object/motorcycle_orient_err,6535,0.17890000343322754
val/object/motorcycle_orient_err,7129,0.1688999980688095
val/object/motorcycle_orient_err,7723,0.1979999989271164
val/object/motorcycle_orient_err,8317,0.17499999701976776
val/object/motorcycle_orient_err,8911,0.20559999346733093
val/object/motorcycle_orient_err,9505,0.1996999979019165
val/object/motorcycle_orient_err,10099,0.21449999511241913
val/object/motorcycle_orient_err,10693,0.1656000018119812
val/object/motorcycle_orient_err,11287,0.20190000534057617
val/object/motorcycle_orient_err,11881,0.20069999992847443
val/object/motorcycle_orient_err,12475,0.1882999986410141
val/object/motorcycle_orient_err,13069,0.20430000126361847
val/object/motorcycle_orient_err,13663,0.2020999938249588
val/object/motorcycle_orient_err,14257,0.21130000054836273
val/object/motorcycle_orient_err,14851,0.2094999998807907
val/object/motorcycle_orient_err,15445,0.2442999929189682
val/object/motorcycle_orient_err,16039,0.23409999907016754
val/object/motorcycle_orient_err,16633,0.1940000057220459
val/object/motorcycle_orient_err,17227,0.2093999981880188
val/object/motorcycle_orient_err,17821,0.16680000722408295
val/object/motorcycle_orient_err,18415,0.17720000445842743
val/object/motorcycle_orient_err,19009,0.1882999986410141
val/object/motorcycle_orient_err,19603,0.22689999639987946
val/object/motorcycle_orient_err,20197,0.21080000698566437
val/object/motorcycle_orient_err,20791,0.2003999948501587
val/object/motorcycle_orient_err,21385,0.20399999618530273
val/object/motorcycle_orient_err,21979,0.1972000002861023
val/object/motorcycle_orient_err,22573,0.18960000574588776
val/object/motorcycle_orient_err,23167,0.20600000023841858
val/object/motorcycle_orient_err,23761,0.20100000500679016
val/object/motorcycle_orient_err,24355,0.20149999856948853
val/object/motorcycle_orient_err,24949,0.2046000063419342
val/object/motorcycle_orient_err,25543,0.21119999885559082
val/object/motorcycle_orient_err,26137,0.2061000019311905
val/object/motorcycle_orient_err,26731,0.20550000667572021
val/object/motorcycle_orient_err,27325,0.21050000190734863
val/object/motorcycle_orient_err,27919,0.19910000264644623
val/object/motorcycle_orient_err,28513,0.20149999856948853
val/object/motorcycle_vel_err,595,1.0
val/object/motorcycle_vel_err,1189,1.0
val/object/motorcycle_vel_err,1783,1.0
val/object/motorcycle_vel_err,2377,1.0
val/object/motorcycle_vel_err,2971,1.0
val/object/motorcycle_vel_err,3565,1.0
val/object/motorcycle_vel_err,4159,1.0
val/object/motorcycle_vel_err,4753,1.0
val/object/motorcycle_vel_err,5347,1.0
val/object/motorcycle_vel_err,5941,1.0
val/object/motorcycle_vel_err,6535,1.0
val/object/motorcycle_vel_err,7129,1.0
val/object/motorcycle_vel_err,7723,1.0
val/object/motorcycle_vel_err,8317,1.0
val/object/motorcycle_vel_err,8911,1.0
val/object/motorcycle_vel_err,9505,1.0
val/object/motorcycle_vel_err,10099,1.0
val/object/motorcycle_vel_err,10693,1.0
val/object/motorcycle_vel_err,11287,1.0
val/object/motorcycle_vel_err,11881,1.0
val/object/motorcycle_vel_err,12475,1.0
val/object/motorcycle_vel_err,13069,1.0
val/object/motorcycle_vel_err,13663,1.0
val/object/motorcycle_vel_err,14257,1.0
val/object/motorcycle_vel_err,14851,1.0
val/object/motorcycle_vel_err,15445,1.0
val/object/motorcycle_vel_err,16039,1.0
val/object/motorcycle_vel_err,16633,1.0
val/object/motorcycle_vel_err,17227,1.0
val/object/motorcycle_vel_err,17821,1.0
val/object/motorcycle_vel_err,18415,1.0
val/object/motorcycle_vel_err,19009,1.0
val/object/motorcycle_vel_err,19603,1.0
val/object/motorcycle_vel_err,20197,1.0
val/object/motorcycle_vel_err,20791,1.0
val/object/motorcycle_vel_err,21385,1.0
val/object/motorcycle_vel_err,21979,1.0
val/object/motorcycle_vel_err,22573,1.0
val/object/motorcycle_vel_err,23167,1.0
val/object/motorcycle_vel_err,23761,1.0
val/object/motorcycle_vel_err,24355,1.0
val/object/motorcycle_vel_err,24949,1.0
val/object/motorcycle_vel_err,25543,1.0
val/object/motorcycle_vel_err,26137,1.0
val/object/motorcycle_vel_err,26731,1.0
val/object/motorcycle_vel_err,27325,1.0
val/object/motorcycle_vel_err,27919,1.0
val/object/motorcycle_vel_err,28513,1.0
val/object/motorcycle_attr_err,595,1.0
val/object/motorcycle_attr_err,1189,1.0
val/object/motorcycle_attr_err,1783,1.0
val/object/motorcycle_attr_err,2377,1.0
val/object/motorcycle_attr_err,2971,1.0
val/object/motorcycle_attr_err,3565,1.0
val/object/motorcycle_attr_err,4159,1.0
val/object/motorcycle_attr_err,4753,1.0
val/object/motorcycle_attr_err,5347,1.0
val/object/motorcycle_attr_err,5941,1.0
val/object/motorcycle_attr_err,6535,1.0
val/object/motorcycle_attr_err,7129,1.0
val/object/motorcycle_attr_err,7723,1.0
val/object/motorcycle_attr_err,8317,1.0
val/object/motorcycle_attr_err,8911,1.0
val/object/motorcycle_attr_err,9505,1.0
val/object/motorcycle_attr_err,10099,1.0
val/object/motorcycle_attr_err,10693,1.0
val/object/motorcycle_attr_err,11287,1.0
val/object/motorcycle_attr_err,11881,1.0
val/object/motorcycle_attr_err,12475,1.0
val/object/motorcycle_attr_err,13069,1.0
val/object/motorcycle_attr_err,13663,1.0
val/object/motorcycle_attr_err,14257,1.0
val/object/motorcycle_attr_err,14851,1.0
val/object/motorcycle_attr_err,15445,1.0
val/object/motorcycle_attr_err,16039,1.0
val/object/motorcycle_attr_err,16633,1.0
val/object/motorcycle_attr_err,17227,1.0
val/object/motorcycle_attr_err,17821,1.0
val/object/motorcycle_attr_err,18415,1.0
val/object/motorcycle_attr_err,19009,1.0
val/object/motorcycle_attr_err,19603,1.0
val/object/motorcycle_attr_err,20197,1.0
val/object/motorcycle_attr_err,20791,1.0
val/object/motorcycle_attr_err,21385,1.0
val/object/motorcycle_attr_err,21979,1.0
val/object/motorcycle_attr_err,22573,1.0
val/object/motorcycle_attr_err,23167,1.0
val/object/motorcycle_attr_err,23761,1.0
val/object/motorcycle_attr_err,24355,1.0
val/object/motorcycle_attr_err,24949,1.0
val/object/motorcycle_attr_err,25543,1.0
val/object/motorcycle_attr_err,26137,1.0
val/object/motorcycle_attr_err,26731,1.0
val/object/motorcycle_attr_err,27325,1.0
val/object/motorcycle_attr_err,27919,1.0
val/object/motorcycle_attr_err,28513,1.0
val/object/bicycle_ap_dist_0.5,595,0.8978000283241272
val/object/bicycle_ap_dist_0.5,1189,0.8008000254631042
val/object/bicycle_ap_dist_0.5,1783,0.7179999947547913
val/object/bicycle_ap_dist_0.5,2377,0.08320000022649765
val/object/bicycle_ap_dist_0.5,2971,0.0
val/object/bicycle_ap_dist_0.5,3565,0.0
val/object/bicycle_ap_dist_0.5,4159,0.0
val/object/bicycle_ap_dist_0.5,4753,0.0
val/object/bicycle_ap_dist_0.5,5347,0.0
val/object/bicycle_ap_dist_0.5,5941,0.0
val/object/bicycle_ap_dist_0.5,6535,0.0
val/object/bicycle_ap_dist_0.5,7129,0.0
val/object/bicycle_ap_dist_0.5,7723,0.0
val/object/bicycle_ap_dist_0.5,8317,0.0
val/object/bicycle_ap_dist_0.5,8911,0.0
val/object/bicycle_ap_dist_0.5,9505,0.0
val/object/bicycle_ap_dist_0.5,10099,0.0
val/object/bicycle_ap_dist_0.5,10693,0.0
val/object/bicycle_ap_dist_0.5,11287,0.0
val/object/bicycle_ap_dist_0.5,11881,0.0
val/object/bicycle_ap_dist_0.5,12475,0.0
val/object/bicycle_ap_dist_0.5,13069,0.0
val/object/bicycle_ap_dist_0.5,13663,0.0
val/object/bicycle_ap_dist_0.5,14257,0.0
val/object/bicycle_ap_dist_0.5,14851,0.0
val/object/bicycle_ap_dist_0.5,15445,0.0
val/object/bicycle_ap_dist_0.5,16039,0.0
val/object/bicycle_ap_dist_0.5,16633,0.0
val/object/bicycle_ap_dist_0.5,17227,0.0
val/object/bicycle_ap_dist_0.5,17821,0.0
val/object/bicycle_ap_dist_0.5,18415,0.0
val/object/bicycle_ap_dist_0.5,19009,0.0
val/object/bicycle_ap_dist_0.5,19603,0.0
val/object/bicycle_ap_dist_0.5,20197,0.0
val/object/bicycle_ap_dist_0.5,20791,0.0
val/object/bicycle_ap_dist_0.5,21385,0.0
val/object/bicycle_ap_dist_0.5,21979,0.0
val/object/bicycle_ap_dist_0.5,22573,0.0
val/object/bicycle_ap_dist_0.5,23167,0.0
val/object/bicycle_ap_dist_0.5,23761,0.0
val/object/bicycle_ap_dist_0.5,24355,0.0
val/object/bicycle_ap_dist_0.5,24949,0.0
val/object/bicycle_ap_dist_0.5,25543,0.0
val/object/bicycle_ap_dist_0.5,26137,0.0
val/object/bicycle_ap_dist_0.5,26731,0.0
val/object/bicycle_ap_dist_0.5,27325,0.0
val/object/bicycle_ap_dist_0.5,27919,0.0
val/object/bicycle_ap_dist_0.5,28513,0.0
val/object/bicycle_ap_dist_1.0,595,0.9182999730110168
val/object/bicycle_ap_dist_1.0,1189,0.8126999735832214
val/object/bicycle_ap_dist_1.0,1783,0.7193999886512756
val/object/bicycle_ap_dist_1.0,2377,0.08320000022649765
val/object/bicycle_ap_dist_1.0,2971,0.0
val/object/bicycle_ap_dist_1.0,3565,0.0
val/object/bicycle_ap_dist_1.0,4159,0.0
val/object/bicycle_ap_dist_1.0,4753,0.0
val/object/bicycle_ap_dist_1.0,5347,0.0
val/object/bicycle_ap_dist_1.0,5941,0.0
val/object/bicycle_ap_dist_1.0,6535,0.0
val/object/bicycle_ap_dist_1.0,7129,0.0
val/object/bicycle_ap_dist_1.0,7723,0.0
val/object/bicycle_ap_dist_1.0,8317,0.0
val/object/bicycle_ap_dist_1.0,8911,0.0
val/object/bicycle_ap_dist_1.0,9505,0.0
val/object/bicycle_ap_dist_1.0,10099,0.0
val/object/bicycle_ap_dist_1.0,10693,0.0
val/object/bicycle_ap_dist_1.0,11287,0.0
val/object/bicycle_ap_dist_1.0,11881,0.0
val/object/bicycle_ap_dist_1.0,12475,0.0
val/object/bicycle_ap_dist_1.0,13069,0.0
val/object/bicycle_ap_dist_1.0,13663,0.0
val/object/bicycle_ap_dist_1.0,14257,0.0
val/object/bicycle_ap_dist_1.0,14851,0.0
val/object/bicycle_ap_dist_1.0,15445,0.0
val/object/bicycle_ap_dist_1.0,16039,0.0
val/object/bicycle_ap_dist_1.0,16633,0.0
val/object/bicycle_ap_dist_1.0,17227,0.0
val/object/bicycle_ap_dist_1.0,17821,0.0
val/object/bicycle_ap_dist_1.0,18415,0.0
val/object/bicycle_ap_dist_1.0,19009,0.0
val/object/bicycle_ap_dist_1.0,19603,0.0
val/object/bicycle_ap_dist_1.0,20197,0.0
val/object/bicycle_ap_dist_1.0,20791,0.0
val/object/bicycle_ap_dist_1.0,21385,0.0
val/object/bicycle_ap_dist_1.0,21979,0.0
val/object/bicycle_ap_dist_1.0,22573,0.0
val/object/bicycle_ap_dist_1.0,23167,0.0
val/object/bicycle_ap_dist_1.0,23761,0.0
val/object/bicycle_ap_dist_1.0,24355,0.0
val/object/bicycle_ap_dist_1.0,24949,0.0
val/object/bicycle_ap_dist_1.0,25543,0.0
val/object/bicycle_ap_dist_1.0,26137,0.0
val/object/bicycle_ap_dist_1.0,26731,0.0
val/object/bicycle_ap_dist_1.0,27325,0.0
val/object/bicycle_ap_dist_1.0,27919,0.0
val/object/bicycle_ap_dist_1.0,28513,0.0
val/object/bicycle_ap_dist_2.0,595,0.9182999730110168
val/object/bicycle_ap_dist_2.0,1189,0.8126999735832214
val/object/bicycle_ap_dist_2.0,1783,0.7193999886512756
val/object/bicycle_ap_dist_2.0,2377,0.08320000022649765
val/object/bicycle_ap_dist_2.0,2971,0.0
val/object/bicycle_ap_dist_2.0,3565,0.0
val/object/bicycle_ap_dist_2.0,4159,0.0
val/object/bicycle_ap_dist_2.0,4753,0.0
val/object/bicycle_ap_dist_2.0,5347,0.0
val/object/bicycle_ap_dist_2.0,5941,0.0
val/object/bicycle_ap_dist_2.0,6535,0.0
val/object/bicycle_ap_dist_2.0,7129,0.0
val/object/bicycle_ap_dist_2.0,7723,0.0
val/object/bicycle_ap_dist_2.0,8317,0.0
val/object/bicycle_ap_dist_2.0,8911,0.0
val/object/bicycle_ap_dist_2.0,9505,0.0
val/object/bicycle_ap_dist_2.0,10099,0.0
val/object/bicycle_ap_dist_2.0,10693,0.0
val/object/bicycle_ap_dist_2.0,11287,0.0
val/object/bicycle_ap_dist_2.0,11881,0.0
val/object/bicycle_ap_dist_2.0,12475,0.0
val/object/bicycle_ap_dist_2.0,13069,0.0
val/object/bicycle_ap_dist_2.0,13663,0.0
val/object/bicycle_ap_dist_2.0,14257,0.0
val/object/bicycle_ap_dist_2.0,14851,0.0
val/object/bicycle_ap_dist_2.0,15445,0.0
val/object/bicycle_ap_dist_2.0,16039,0.0
val/object/bicycle_ap_dist_2.0,16633,0.0
val/object/bicycle_ap_dist_2.0,17227,0.0
val/object/bicycle_ap_dist_2.0,17821,0.0
val/object/bicycle_ap_dist_2.0,18415,0.0
val/object/bicycle_ap_dist_2.0,19009,0.0
val/object/bicycle_ap_dist_2.0,19603,0.0
val/object/bicycle_ap_dist_2.0,20197,0.0
val/object/bicycle_ap_dist_2.0,20791,0.0
val/object/bicycle_ap_dist_2.0,21385,0.0
val/object/bicycle_ap_dist_2.0,21979,0.0
val/object/bicycle_ap_dist_2.0,22573,0.0
val/object/bicycle_ap_dist_2.0,23167,0.0
val/object/bicycle_ap_dist_2.0,23761,0.0
val/object/bicycle_ap_dist_2.0,24355,0.0
val/object/bicycle_ap_dist_2.0,24949,0.0
val/object/bicycle_ap_dist_2.0,25543,0.0
val/object/bicycle_ap_dist_2.0,26137,0.0
val/object/bicycle_ap_dist_2.0,26731,0.0
val/object/bicycle_ap_dist_2.0,27325,0.0
val/object/bicycle_ap_dist_2.0,27919,0.0
val/object/bicycle_ap_dist_2.0,28513,0.0
val/object/bicycle_ap_dist_4.0,595,0.9182999730110168
val/object/bicycle_ap_dist_4.0,1189,0.8126999735832214
val/object/bicycle_ap_dist_4.0,1783,0.7193999886512756
val/object/bicycle_ap_dist_4.0,2377,0.08320000022649765
val/object/bicycle_ap_dist_4.0,2971,0.0
val/object/bicycle_ap_dist_4.0,3565,0.0
val/object/bicycle_ap_dist_4.0,4159,0.0
val/object/bicycle_ap_dist_4.0,4753,0.0
val/object/bicycle_ap_dist_4.0,5347,0.0
val/object/bicycle_ap_dist_4.0,5941,0.0
val/object/bicycle_ap_dist_4.0,6535,0.0
val/object/bicycle_ap_dist_4.0,7129,0.0
val/object/bicycle_ap_dist_4.0,7723,0.0
val/object/bicycle_ap_dist_4.0,8317,0.0
val/object/bicycle_ap_dist_4.0,8911,0.0
val/object/bicycle_ap_dist_4.0,9505,0.0
val/object/bicycle_ap_dist_4.0,10099,0.0
val/object/bicycle_ap_dist_4.0,10693,0.0
val/object/bicycle_ap_dist_4.0,11287,0.0
val/object/bicycle_ap_dist_4.0,11881,0.0
val/object/bicycle_ap_dist_4.0,12475,0.0
val/object/bicycle_ap_dist_4.0,13069,0.0
val/object/bicycle_ap_dist_4.0,13663,0.0
val/object/bicycle_ap_dist_4.0,14257,0.0
val/object/bicycle_ap_dist_4.0,14851,0.0
val/object/bicycle_ap_dist_4.0,15445,0.0
val/object/bicycle_ap_dist_4.0,16039,0.0
val/object/bicycle_ap_dist_4.0,16633,0.0
val/object/bicycle_ap_dist_4.0,17227,0.0
val/object/bicycle_ap_dist_4.0,17821,0.0
val/object/bicycle_ap_dist_4.0,18415,0.0
val/object/bicycle_ap_dist_4.0,19009,0.0
val/object/bicycle_ap_dist_4.0,19603,0.0
val/object/bicycle_ap_dist_4.0,20197,0.0
val/object/bicycle_ap_dist_4.0,20791,0.0
val/object/bicycle_ap_dist_4.0,21385,0.0
val/object/bicycle_ap_dist_4.0,21979,0.0
val/object/bicycle_ap_dist_4.0,22573,0.0
val/object/bicycle_ap_dist_4.0,23167,0.0
val/object/bicycle_ap_dist_4.0,23761,0.0
val/object/bicycle_ap_dist_4.0,24355,0.0
val/object/bicycle_ap_dist_4.0,24949,0.0
val/object/bicycle_ap_dist_4.0,25543,0.0
val/object/bicycle_ap_dist_4.0,26137,0.0
val/object/bicycle_ap_dist_4.0,26731,0.0
val/object/bicycle_ap_dist_4.0,27325,0.0
val/object/bicycle_ap_dist_4.0,27919,0.0
val/object/bicycle_ap_dist_4.0,28513,0.0
val/object/bicycle_trans_err,595,0.15060000121593475
val/object/bicycle_trans_err,1189,0.17170000076293945
val/object/bicycle_trans_err,1783,0.24719999730587006
val/object/bicycle_trans_err,2377,0.25870001316070557
val/object/bicycle_trans_err,2971,0.2745000123977661
val/object/bicycle_trans_err,3565,0.28299999237060547
val/object/bicycle_trans_err,4159,1.0
val/object/bicycle_trans_err,4753,1.0
val/object/bicycle_trans_err,5347,1.0
val/object/bicycle_trans_err,5941,1.0
val/object/bicycle_trans_err,6535,1.0
val/object/bicycle_trans_err,7129,1.0
val/object/bicycle_trans_err,7723,1.0
val/object/bicycle_trans_err,8317,1.0
val/object/bicycle_trans_err,8911,1.0
val/object/bicycle_trans_err,9505,1.0
val/object/bicycle_trans_err,10099,1.0
val/object/bicycle_trans_err,10693,1.0
val/object/bicycle_trans_err,11287,1.0
val/object/bicycle_trans_err,11881,1.0
val/object/bicycle_trans_err,12475,1.0
val/object/bicycle_trans_err,13069,1.0
val/object/bicycle_trans_err,13663,1.0
val/object/bicycle_trans_err,14257,1.0
val/object/bicycle_trans_err,14851,1.0
val/object/bicycle_trans_err,15445,1.0
val/object/bicycle_trans_err,16039,1.0
val/object/bicycle_trans_err,16633,1.0
val/object/bicycle_trans_err,17227,1.0
val/object/bicycle_trans_err,17821,1.0
val/object/bicycle_trans_err,18415,1.0
val/object/bicycle_trans_err,19009,1.0
val/object/bicycle_trans_err,19603,1.0
val/object/bicycle_trans_err,20197,1.0
val/object/bicycle_trans_err,20791,1.0
val/object/bicycle_trans_err,21385,1.0
val/object/bicycle_trans_err,21979,1.0
val/object/bicycle_trans_err,22573,1.0
val/object/bicycle_trans_err,23167,1.0
val/object/bicycle_trans_err,23761,1.0
val/object/bicycle_trans_err,24355,1.0
val/object/bicycle_trans_err,24949,1.0
val/object/bicycle_trans_err,25543,1.0
val/object/bicycle_trans_err,26137,1.0
val/object/bicycle_trans_err,26731,1.0
val/object/bicycle_trans_err,27325,1.0
val/object/bicycle_trans_err,27919,1.0
val/object/bicycle_trans_err,28513,1.0
val/object/bicycle_scale_err,595,0.10849999636411667
val/object/bicycle_scale_err,1189,0.1468999981880188
val/object/bicycle_scale_err,1783,0.21299999952316284
val/object/bicycle_scale_err,2377,0.22849999368190765
val/object/bicycle_scale_err,2971,0.18940000236034393
val/object/bicycle_scale_err,3565,0.13449999690055847
val/object/bicycle_scale_err,4159,1.0
val/object/bicycle_scale_err,4753,1.0
val/object/bicycle_scale_err,5347,1.0
val/object/bicycle_scale_err,5941,1.0
val/object/bicycle_scale_err,6535,1.0
val/object/bicycle_scale_err,7129,1.0
val/object/bicycle_scale_err,7723,1.0
val/object/bicycle_scale_err,8317,1.0
val/object/bicycle_scale_err,8911,1.0
val/object/bicycle_scale_err,9505,1.0
val/object/bicycle_scale_err,10099,1.0
val/object/bicycle_scale_err,10693,1.0
val/object/bicycle_scale_err,11287,1.0
val/object/bicycle_scale_err,11881,1.0
val/object/bicycle_scale_err,12475,1.0
val/object/bicycle_scale_err,13069,1.0
val/object/bicycle_scale_err,13663,1.0
val/object/bicycle_scale_err,14257,1.0
val/object/bicycle_scale_err,14851,1.0
val/object/bicycle_scale_err,15445,1.0
val/object/bicycle_scale_err,16039,1.0
val/object/bicycle_scale_err,16633,1.0
val/object/bicycle_scale_err,17227,1.0
val/object/bicycle_scale_err,17821,1.0
val/object/bicycle_scale_err,18415,1.0
val/object/bicycle_scale_err,19009,1.0
val/object/bicycle_scale_err,19603,1.0
val/object/bicycle_scale_err,20197,1.0
val/object/bicycle_scale_err,20791,1.0
val/object/bicycle_scale_err,21385,1.0
val/object/bicycle_scale_err,21979,1.0
val/object/bicycle_scale_err,22573,1.0
val/object/bicycle_scale_err,23167,1.0
val/object/bicycle_scale_err,23761,1.0
val/object/bicycle_scale_err,24355,1.0
val/object/bicycle_scale_err,24949,1.0
val/object/bicycle_scale_err,25543,1.0
val/object/bicycle_scale_err,26137,1.0
val/object/bicycle_scale_err,26731,1.0
val/object/bicycle_scale_err,27325,1.0
val/object/bicycle_scale_err,27919,1.0
val/object/bicycle_scale_err,28513,1.0
val/object/bicycle_orient_err,595,0.07199999690055847
val/object/bicycle_orient_err,1189,0.07880000025033951
val/object/bicycle_orient_err,1783,0.10350000113248825
val/object/bicycle_orient_err,2377,0.11739999800920486
val/object/bicycle_orient_err,2971,0.14920000731945038
val/object/bicycle_orient_err,3565,0.18070000410079956
val/object/bicycle_orient_err,4159,1.0
val/object/bicycle_orient_err,4753,1.0
val/object/bicycle_orient_err,5347,1.0
val/object/bicycle_orient_err,5941,1.0
val/object/bicycle_orient_err,6535,1.0
val/object/bicycle_orient_err,7129,1.0
val/object/bicycle_orient_err,7723,1.0
val/object/bicycle_orient_err,8317,1.0
val/object/bicycle_orient_err,8911,1.0
val/object/bicycle_orient_err,9505,1.0
val/object/bicycle_orient_err,10099,1.0
val/object/bicycle_orient_err,10693,1.0
val/object/bicycle_orient_err,11287,1.0
val/object/bicycle_orient_err,11881,1.0
val/object/bicycle_orient_err,12475,1.0
val/object/bicycle_orient_err,13069,1.0
val/object/bicycle_orient_err,13663,1.0
val/object/bicycle_orient_err,14257,1.0
val/object/bicycle_orient_err,14851,1.0
val/object/bicycle_orient_err,15445,1.0
val/object/bicycle_orient_err,16039,1.0
val/object/bicycle_orient_err,16633,1.0
val/object/bicycle_orient_err,17227,1.0
val/object/bicycle_orient_err,17821,1.0
val/object/bicycle_orient_err,18415,1.0
val/object/bicycle_orient_err,19009,1.0
val/object/bicycle_orient_err,19603,1.0
val/object/bicycle_orient_err,20197,1.0
val/object/bicycle_orient_err,20791,1.0
val/object/bicycle_orient_err,21385,1.0
val/object/bicycle_orient_err,21979,1.0
val/object/bicycle_orient_err,22573,1.0
val/object/bicycle_orient_err,23167,1.0
val/object/bicycle_orient_err,23761,1.0
val/object/bicycle_orient_err,24355,1.0
val/object/bicycle_orient_err,24949,1.0
val/object/bicycle_orient_err,25543,1.0
val/object/bicycle_orient_err,26137,1.0
val/object/bicycle_orient_err,26731,1.0
val/object/bicycle_orient_err,27325,1.0
val/object/bicycle_orient_err,27919,1.0
val/object/bicycle_orient_err,28513,1.0
val/object/bicycle_vel_err,595,1.0
val/object/bicycle_vel_err,1189,1.0
val/object/bicycle_vel_err,1783,1.0
val/object/bicycle_vel_err,2377,1.0
val/object/bicycle_vel_err,2971,1.0
val/object/bicycle_vel_err,3565,1.0
val/object/bicycle_vel_err,4159,1.0
val/object/bicycle_vel_err,4753,1.0
val/object/bicycle_vel_err,5347,1.0
val/object/bicycle_vel_err,5941,1.0
val/object/bicycle_vel_err,6535,1.0
val/object/bicycle_vel_err,7129,1.0
val/object/bicycle_vel_err,7723,1.0
val/object/bicycle_vel_err,8317,1.0
val/object/bicycle_vel_err,8911,1.0
val/object/bicycle_vel_err,9505,1.0
val/object/bicycle_vel_err,10099,1.0
val/object/bicycle_vel_err,10693,1.0
val/object/bicycle_vel_err,11287,1.0
val/object/bicycle_vel_err,11881,1.0
val/object/bicycle_vel_err,12475,1.0
val/object/bicycle_vel_err,13069,1.0
val/object/bicycle_vel_err,13663,1.0
val/object/bicycle_vel_err,14257,1.0
val/object/bicycle_vel_err,14851,1.0
val/object/bicycle_vel_err,15445,1.0
val/object/bicycle_vel_err,16039,1.0
val/object/bicycle_vel_err,16633,1.0
val/object/bicycle_vel_err,17227,1.0
val/object/bicycle_vel_err,17821,1.0
val/object/bicycle_vel_err,18415,1.0
val/object/bicycle_vel_err,19009,1.0
val/object/bicycle_vel_err,19603,1.0
val/object/bicycle_vel_err,20197,1.0
val/object/bicycle_vel_err,20791,1.0
val/object/bicycle_vel_err,21385,1.0
val/object/bicycle_vel_err,21979,1.0
val/object/bicycle_vel_err,22573,1.0
val/object/bicycle_vel_err,23167,1.0
val/object/bicycle_vel_err,23761,1.0
val/object/bicycle_vel_err,24355,1.0
val/object/bicycle_vel_err,24949,1.0
val/object/bicycle_vel_err,25543,1.0
val/object/bicycle_vel_err,26137,1.0
val/object/bicycle_vel_err,26731,1.0
val/object/bicycle_vel_err,27325,1.0
val/object/bicycle_vel_err,27919,1.0
val/object/bicycle_vel_err,28513,1.0
val/object/bicycle_attr_err,595,1.0
val/object/bicycle_attr_err,1189,1.0
val/object/bicycle_attr_err,1783,1.0
val/object/bicycle_attr_err,2377,1.0
val/object/bicycle_attr_err,2971,1.0
val/object/bicycle_attr_err,3565,1.0
val/object/bicycle_attr_err,4159,1.0
val/object/bicycle_attr_err,4753,1.0
val/object/bicycle_attr_err,5347,1.0
val/object/bicycle_attr_err,5941,1.0
val/object/bicycle_attr_err,6535,1.0
val/object/bicycle_attr_err,7129,1.0
val/object/bicycle_attr_err,7723,1.0
val/object/bicycle_attr_err,8317,1.0
val/object/bicycle_attr_err,8911,1.0
val/object/bicycle_attr_err,9505,1.0
val/object/bicycle_attr_err,10099,1.0
val/object/bicycle_attr_err,10693,1.0
val/object/bicycle_attr_err,11287,1.0
val/object/bicycle_attr_err,11881,1.0
val/object/bicycle_attr_err,12475,1.0
val/object/bicycle_attr_err,13069,1.0
val/object/bicycle_attr_err,13663,1.0
val/object/bicycle_attr_err,14257,1.0
val/object/bicycle_attr_err,14851,1.0
val/object/bicycle_attr_err,15445,1.0
val/object/bicycle_attr_err,16039,1.0
val/object/bicycle_attr_err,16633,1.0
val/object/bicycle_attr_err,17227,1.0
val/object/bicycle_attr_err,17821,1.0
val/object/bicycle_attr_err,18415,1.0
val/object/bicycle_attr_err,19009,1.0
val/object/bicycle_attr_err,19603,1.0
val/object/bicycle_attr_err,20197,1.0
val/object/bicycle_attr_err,20791,1.0
val/object/bicycle_attr_err,21385,1.0
val/object/bicycle_attr_err,21979,1.0
val/object/bicycle_attr_err,22573,1.0
val/object/bicycle_attr_err,23167,1.0
val/object/bicycle_attr_err,23761,1.0
val/object/bicycle_attr_err,24355,1.0
val/object/bicycle_attr_err,24949,1.0
val/object/bicycle_attr_err,25543,1.0
val/object/bicycle_attr_err,26137,1.0
val/object/bicycle_attr_err,26731,1.0
val/object/bicycle_attr_err,27325,1.0
val/object/bicycle_attr_err,27919,1.0
val/object/bicycle_attr_err,28513,1.0
val/object/pedestrian_ap_dist_0.5,595,0.5131999850273132
val/object/pedestrian_ap_dist_0.5,1189,0.36559998989105225
val/object/pedestrian_ap_dist_0.5,1783,0.17919999361038208
val/object/pedestrian_ap_dist_0.5,2377,0.11400000005960464
val/object/pedestrian_ap_dist_0.5,2971,0.05299999937415123
val/object/pedestrian_ap_dist_0.5,3565,0.03669999912381172
val/object/pedestrian_ap_dist_0.5,4159,0.027300000190734863
val/object/pedestrian_ap_dist_0.5,4753,0.01940000057220459
val/object/pedestrian_ap_dist_0.5,5347,0.01119999960064888
val/object/pedestrian_ap_dist_0.5,5941,0.00559999980032444
val/object/pedestrian_ap_dist_0.5,6535,0.004000000189989805
val/object/pedestrian_ap_dist_0.5,7129,0.00139999995008111
val/object/pedestrian_ap_dist_0.5,7723,0.0034000000450760126
val/object/pedestrian_ap_dist_0.5,8317,0.0006000000284984708
val/object/pedestrian_ap_dist_0.5,8911,0.00039999998989515007
val/object/pedestrian_ap_dist_0.5,9505,0.0012000000569969416
val/object/pedestrian_ap_dist_0.5,10099,0.0
val/object/pedestrian_ap_dist_0.5,10693,0.0008999999845400453
val/object/pedestrian_ap_dist_0.5,11287,0.0017999999690800905
val/object/pedestrian_ap_dist_0.5,11881,0.00019999999494757503
val/object/pedestrian_ap_dist_0.5,12475,0.0
val/object/pedestrian_ap_dist_0.5,13069,0.0
val/object/pedestrian_ap_dist_0.5,13663,0.0
val/object/pedestrian_ap_dist_0.5,14257,0.0
val/object/pedestrian_ap_dist_0.5,14851,0.0
val/object/pedestrian_ap_dist_0.5,15445,0.0
val/object/pedestrian_ap_dist_0.5,16039,0.0
val/object/pedestrian_ap_dist_0.5,16633,0.0
val/object/pedestrian_ap_dist_0.5,17227,0.0
val/object/pedestrian_ap_dist_0.5,17821,0.0
val/object/pedestrian_ap_dist_0.5,18415,0.0
val/object/pedestrian_ap_dist_0.5,19009,0.0
val/object/pedestrian_ap_dist_0.5,19603,0.0
val/object/pedestrian_ap_dist_0.5,20197,0.0
val/object/pedestrian_ap_dist_0.5,20791,0.0
val/object/pedestrian_ap_dist_0.5,21385,0.0
val/object/pedestrian_ap_dist_0.5,21979,0.0
val/object/pedestrian_ap_dist_0.5,22573,0.0
val/object/pedestrian_ap_dist_0.5,23167,0.0
val/object/pedestrian_ap_dist_0.5,23761,0.0
val/object/pedestrian_ap_dist_0.5,24355,0.0
val/object/pedestrian_ap_dist_0.5,24949,0.0
val/object/pedestrian_ap_dist_0.5,25543,0.0
val/object/pedestrian_ap_dist_0.5,26137,0.0
val/object/pedestrian_ap_dist_0.5,26731,0.0
val/object/pedestrian_ap_dist_0.5,27325,0.0
val/object/pedestrian_ap_dist_0.5,27919,0.0
val/object/pedestrian_ap_dist_0.5,28513,0.0
val/object/pedestrian_ap_dist_1.0,595,0.7391999959945679
val/object/pedestrian_ap_dist_1.0,1189,0.6815000176429749
val/object/pedestrian_ap_dist_1.0,1783,0.5554999709129333
val/object/pedestrian_ap_dist_1.0,2377,0.4643000066280365
val/object/pedestrian_ap_dist_1.0,2971,0.36329999566078186
val/object/pedestrian_ap_dist_1.0,3565,0.2770000100135803
val/object/pedestrian_ap_dist_1.0,4159,0.2506999969482422
val/object/pedestrian_ap_dist_1.0,4753,0.18870000541210175
val/object/pedestrian_ap_dist_1.0,5347,0.17990000545978546
val/object/pedestrian_ap_dist_1.0,5941,0.11890000104904175
val/object/pedestrian_ap_dist_1.0,6535,0.10050000250339508
val/object/pedestrian_ap_dist_1.0,7129,0.09080000221729279
val/object/pedestrian_ap_dist_1.0,7723,0.11640000343322754
val/object/pedestrian_ap_dist_1.0,8317,0.08479999750852585
val/object/pedestrian_ap_dist_1.0,8911,0.0794999971985817
val/object/pedestrian_ap_dist_1.0,9505,0.09000000357627869
val/object/pedestrian_ap_dist_1.0,10099,0.06830000132322311
val/object/pedestrian_ap_dist_1.0,10693,0.08290000259876251
val/object/pedestrian_ap_dist_1.0,11287,0.07890000194311142
val/object/pedestrian_ap_dist_1.0,11881,0.07580000162124634
val/object/pedestrian_ap_dist_1.0,12475,0.061500001698732376
val/object/pedestrian_ap_dist_1.0,13069,0.0625
val/object/pedestrian_ap_dist_1.0,13663,0.05249999836087227
val/object/pedestrian_ap_dist_1.0,14257,0.06289999932050705
val/object/pedestrian_ap_dist_1.0,14851,0.04430000111460686
val/object/pedestrian_ap_dist_1.0,15445,0.05649999901652336
val/object/pedestrian_ap_dist_1.0,16039,0.05380000174045563
val/object/pedestrian_ap_dist_1.0,16633,0.04879999905824661
val/object/pedestrian_ap_dist_1.0,17227,0.04270000010728836
val/object/pedestrian_ap_dist_1.0,17821,0.060100000351667404
val/object/pedestrian_ap_dist_1.0,18415,0.051899999380111694
val/object/pedestrian_ap_dist_1.0,19009,0.061000000685453415
val/object/pedestrian_ap_dist_1.0,19603,0.051600001752376556
val/object/pedestrian_ap_dist_1.0,20197,0.060600001364946365
val/object/pedestrian_ap_dist_1.0,20791,0.05220000073313713
val/object/pedestrian_ap_dist_1.0,21385,0.055399999022483826
val/object/pedestrian_ap_dist_1.0,21979,0.05220000073313713
val/object/pedestrian_ap_dist_1.0,22573,0.05460000038146973
val/object/pedestrian_ap_dist_1.0,23167,0.06270000338554382
val/object/pedestrian_ap_dist_1.0,23761,0.05950000137090683
val/object/pedestrian_ap_dist_1.0,24355,0.05510000139474869
val/object/pedestrian_ap_dist_1.0,24949,0.055799998342990875
val/object/pedestrian_ap_dist_1.0,25543,0.05429999902844429
val/object/pedestrian_ap_dist_1.0,26137,0.053700000047683716
val/object/pedestrian_ap_dist_1.0,26731,0.05130000039935112
val/object/pedestrian_ap_dist_1.0,27325,0.05350000038743019
val/object/pedestrian_ap_dist_1.0,27919,0.053700000047683716
val/object/pedestrian_ap_dist_1.0,28513,0.05350000038743019
val/object/pedestrian_ap_dist_2.0,595,0.7976999878883362
val/object/pedestrian_ap_dist_2.0,1189,0.7675999999046326
val/object/pedestrian_ap_dist_2.0,1783,0.7159000039100647
val/object/pedestrian_ap_dist_2.0,2377,0.677299976348877
val/object/pedestrian_ap_dist_2.0,2971,0.6552000045776367
val/object/pedestrian_ap_dist_2.0,3565,0.6359999775886536
val/object/pedestrian_ap_dist_2.0,4159,0.6240000128746033
val/object/pedestrian_ap_dist_2.0,4753,0.5717999935150146
val/object/pedestrian_ap_dist_2.0,5347,0.5638999938964844
val/object/pedestrian_ap_dist_2.0,5941,0.5094000101089478
val/object/pedestrian_ap_dist_2.0,6535,0.4787999987602234
val/object/pedestrian_ap_dist_2.0,7129,0.445499986410141
val/object/pedestrian_ap_dist_2.0,7723,0.4966999888420105
val/object/pedestrian_ap_dist_2.0,8317,0.4453999996185303
val/object/pedestrian_ap_dist_2.0,8911,0.4343999922275543
val/object/pedestrian_ap_dist_2.0,9505,0.4609000086784363
val/object/pedestrian_ap_dist_2.0,10099,0.41839998960494995
val/object/pedestrian_ap_dist_2.0,10693,0.4239000082015991
val/object/pedestrian_ap_dist_2.0,11287,0.41200000047683716
val/object/pedestrian_ap_dist_2.0,11881,0.41749998927116394
val/object/pedestrian_ap_dist_2.0,12475,0.4077000021934509
val/object/pedestrian_ap_dist_2.0,13069,0.4041000008583069
val/object/pedestrian_ap_dist_2.0,13663,0.3614000082015991
val/object/pedestrian_ap_dist_2.0,14257,0.40380001068115234
val/object/pedestrian_ap_dist_2.0,14851,0.38100001215934753
val/object/pedestrian_ap_dist_2.0,15445,0.36970001459121704
val/object/pedestrian_ap_dist_2.0,16039,0.38499999046325684
val/object/pedestrian_ap_dist_2.0,16633,0.37400001287460327
val/object/pedestrian_ap_dist_2.0,17227,0.3732999861240387
val/object/pedestrian_ap_dist_2.0,17821,0.4000999927520752
val/object/pedestrian_ap_dist_2.0,18415,0.3677000105381012
val/object/pedestrian_ap_dist_2.0,19009,0.37459999322891235
val/object/pedestrian_ap_dist_2.0,19603,0.36489999294281006
val/object/pedestrian_ap_dist_2.0,20197,0.3774999976158142
val/object/pedestrian_ap_dist_2.0,20791,0.3718999922275543
val/object/pedestrian_ap_dist_2.0,21385,0.36500000953674316
val/object/pedestrian_ap_dist_2.0,21979,0.3635999858379364
val/object/pedestrian_ap_dist_2.0,22573,0.36739999055862427
val/object/pedestrian_ap_dist_2.0,23167,0.38359999656677246
val/object/pedestrian_ap_dist_2.0,23761,0.37049999833106995
val/object/pedestrian_ap_dist_2.0,24355,0.3684000074863434
val/object/pedestrian_ap_dist_2.0,24949,0.3682999908924103
val/object/pedestrian_ap_dist_2.0,25543,0.3662000000476837
val/object/pedestrian_ap_dist_2.0,26137,0.3653999865055084
val/object/pedestrian_ap_dist_2.0,26731,0.367000013589859
val/object/pedestrian_ap_dist_2.0,27325,0.3652999997138977
val/object/pedestrian_ap_dist_2.0,27919,0.3630000054836273
val/object/pedestrian_ap_dist_2.0,28513,0.36579999327659607
val/object/pedestrian_ap_dist_4.0,595,0.8201000094413757
val/object/pedestrian_ap_dist_4.0,1189,0.7965999841690063
val/object/pedestrian_ap_dist_4.0,1783,0.7504000067710876
val/object/pedestrian_ap_dist_4.0,2377,0.718999981880188
val/object/pedestrian_ap_dist_4.0,2971,0.7052000164985657
val/object/pedestrian_ap_dist_4.0,3565,0.6956999897956848
val/object/pedestrian_ap_dist_4.0,4159,0.6880999803543091
val/object/pedestrian_ap_dist_4.0,4753,0.659600019454956
val/object/pedestrian_ap_dist_4.0,5347,0.6563000082969666
val/object/pedestrian_ap_dist_4.0,5941,0.6376000046730042
val/object/pedestrian_ap_dist_4.0,6535,0.6164000034332275
val/object/pedestrian_ap_dist_4.0,7129,0.6044999957084656
val/object/pedestrian_ap_dist_4.0,7723,0.6118999719619751
val/object/pedestrian_ap_dist_4.0,8317,0.5974000096321106
val/object/pedestrian_ap_dist_4.0,8911,0.5996999740600586
val/object/pedestrian_ap_dist_4.0,9505,0.6003999710083008
val/object/pedestrian_ap_dist_4.0,10099,0.5835000276565552
val/object/pedestrian_ap_dist_4.0,10693,0.5788999795913696
val/object/pedestrian_ap_dist_4.0,11287,0.5843999981880188
val/object/pedestrian_ap_dist_4.0,11881,0.5863999724388123
val/object/pedestrian_ap_dist_4.0,12475,0.576200008392334
val/object/pedestrian_ap_dist_4.0,13069,0.5776000022888184
val/object/pedestrian_ap_dist_4.0,13663,0.593500018119812
val/object/pedestrian_ap_dist_4.0,14257,0.5845999717712402
val/object/pedestrian_ap_dist_4.0,14851,0.579200029373169
val/object/pedestrian_ap_dist_4.0,15445,0.5522000193595886
val/object/pedestrian_ap_dist_4.0,16039,0.5465999841690063
val/object/pedestrian_ap_dist_4.0,16633,0.5677000284194946
val/object/pedestrian_ap_dist_4.0,17227,0.5584999918937683
val/object/pedestrian_ap_dist_4.0,17821,0.5401999950408936
val/object/pedestrian_ap_dist_4.0,18415,0.5497000217437744
val/object/pedestrian_ap_dist_4.0,19009,0.5503000020980835
val/object/pedestrian_ap_dist_4.0,19603,0.5541999936103821
val/object/pedestrian_ap_dist_4.0,20197,0.5529999732971191
val/object/pedestrian_ap_dist_4.0,20791,0.5511000156402588
val/object/pedestrian_ap_dist_4.0,21385,0.539900004863739
val/object/pedestrian_ap_dist_4.0,21979,0.5407999753952026
val/object/pedestrian_ap_dist_4.0,22573,0.5421000123023987
val/object/pedestrian_ap_dist_4.0,23167,0.5408999919891357
val/object/pedestrian_ap_dist_4.0,23761,0.5489000082015991
val/object/pedestrian_ap_dist_4.0,24355,0.541700005531311
val/object/pedestrian_ap_dist_4.0,24949,0.5400999784469604
val/object/pedestrian_ap_dist_4.0,25543,0.5397999882698059
val/object/pedestrian_ap_dist_4.0,26137,0.5407000184059143
val/object/pedestrian_ap_dist_4.0,26731,0.5333999991416931
val/object/pedestrian_ap_dist_4.0,27325,0.5392000079154968
val/object/pedestrian_ap_dist_4.0,27919,0.5389000177383423
val/object/pedestrian_ap_dist_4.0,28513,0.5397999882698059
val/object/pedestrian_trans_err,595,0.2840000092983246
val/object/pedestrian_trans_err,1189,0.37040001153945923
val/object/pedestrian_trans_err,1783,0.5026000142097473
val/object/pedestrian_trans_err,2377,0.576200008392334
val/object/pedestrian_trans_err,2971,0.7045999765396118
val/object/pedestrian_trans_err,3565,0.7865999937057495
val/object/pedestrian_trans_err,4159,0.8079000115394592
val/object/pedestrian_trans_err,4753,0.8715999722480774
val/object/pedestrian_trans_err,5347,0.8910999894142151
val/object/pedestrian_trans_err,5941,0.9674999713897705
val/object/pedestrian_trans_err,6535,1.0016000270843506
val/object/pedestrian_trans_err,7129,1.0152000188827515
val/object/pedestrian_trans_err,7723,0.9871000051498413
val/object/pedestrian_trans_err,8317,1.0378999710083008
val/object/pedestrian_trans_err,8911,1.0434999465942383
val/object/pedestrian_trans_err,9505,1.0254000425338745
val/object/pedestrian_trans_err,10099,1.0856000185012817
val/object/pedestrian_trans_err,10693,1.0283000469207764
val/object/pedestrian_trans_err,11287,1.0204999446868896
val/object/pedestrian_trans_err,11881,1.0586999654769897
val/object/pedestrian_trans_err,12475,1.094499945640564
val/object/pedestrian_trans_err,13069,1.0911999940872192
val/object/pedestrian_trans_err,13663,1.1110999584197998
val/object/pedestrian_trans_err,14257,1.0951999425888062
val/object/pedestrian_trans_err,14851,1.1504000425338745
val/object/pedestrian_trans_err,15445,1.0973000526428223
val/object/pedestrian_trans_err,16039,1.1124999523162842
val/object/pedestrian_trans_err,16633,1.1193000078201294
val/object/pedestrian_trans_err,17227,1.1399999856948853
val/object/pedestrian_trans_err,17821,1.0784000158309937
val/object/pedestrian_trans_err,18415,1.0994999408721924
val/object/pedestrian_trans_err,19009,1.07260000705719
val/object/pedestrian_trans_err,19603,1.0999000072479248
val/object/pedestrian_trans_err,20197,1.0780999660491943
val/object/pedestrian_trans_err,20791,1.1075999736785889
val/object/pedestrian_trans_err,21385,1.0878000259399414
val/object/pedestrian_trans_err,21979,1.1016000509262085
val/object/pedestrian_trans_err,22573,1.0841000080108643
val/object/pedestrian_trans_err,23167,1.068600058555603
val/object/pedestrian_trans_err,23761,1.0787999629974365
val/object/pedestrian_trans_err,24355,1.086899995803833
val/object/pedestrian_trans_err,24949,1.0825999975204468
val/object/pedestrian_trans_err,25543,1.0901999473571777
val/object/pedestrian_trans_err,26137,1.0918999910354614
val/object/pedestrian_trans_err,26731,1.0937999486923218
val/object/pedestrian_trans_err,27325,1.0942000150680542
val/object/pedestrian_trans_err,27919,1.0920000076293945
val/object/pedestrian_trans_err,28513,1.0937000513076782
val/object/pedestrian_scale_err,595,0.22990000247955322
val/object/pedestrian_scale_err,1189,0.24379999935626984
val/object/pedestrian_scale_err,1783,0.26260000467300415
val/object/pedestrian_scale_err,2377,0.28049999475479126
val/object/pedestrian_scale_err,2971,0.2799000144004822
val/object/pedestrian_scale_err,3565,0.2913999855518341
val/object/pedestrian_scale_err,4159,0.3174999952316284
val/object/pedestrian_scale_err,4753,0.32269999384880066
val/object/pedestrian_scale_err,5347,0.3212999999523163
val/object/pedestrian_scale_err,5941,0.288100004196167
val/object/pedestrian_scale_err,6535,0.31779998540878296
val/object/pedestrian_scale_err,7129,0.3034999966621399
val/object/pedestrian_scale_err,7723,0.3183000087738037
val/object/pedestrian_scale_err,8317,0.3528999984264374
val/object/pedestrian_scale_err,8911,0.33980000019073486
val/object/pedestrian_scale_err,9505,0.33379998803138733
val/object/pedestrian_scale_err,10099,0.35089999437332153
val/object/pedestrian_scale_err,10693,0.3456999957561493
val/object/pedestrian_scale_err,11287,0.35670000314712524
val/object/pedestrian_scale_err,11881,0.3594000041484833
val/object/pedestrian_scale_err,12475,0.35499998927116394
val/object/pedestrian_scale_err,13069,0.35280001163482666
val/object/pedestrian_scale_err,13663,0.3691999912261963
val/object/pedestrian_scale_err,14257,0.3644999861717224
val/object/pedestrian_scale_err,14851,0.3774000108242035
val/object/pedestrian_scale_err,15445,0.3750999867916107
val/object/pedestrian_scale_err,16039,0.3853999972343445
val/object/pedestrian_scale_err,16633,0.3711000084877014
val/object/pedestrian_scale_err,17227,0.3732999861240387
val/object/pedestrian_scale_err,17821,0.3732999861240387
val/object/pedestrian_scale_err,18415,0.3828999996185303
val/object/pedestrian_scale_err,19009,0.36320000886917114
val/object/pedestrian_scale_err,19603,0.3693000078201294
val/object/pedestrian_scale_err,20197,0.37450000643730164
val/object/pedestrian_scale_err,20791,0.3776000142097473
val/object/pedestrian_scale_err,21385,0.3718000054359436
val/object/pedestrian_scale_err,21979,0.3847000002861023
val/object/pedestrian_scale_err,22573,0.3815999925136566
val/object/pedestrian_scale_err,23167,0.3788999915122986
val/object/pedestrian_scale_err,23761,0.38019999861717224
val/object/pedestrian_scale_err,24355,0.3894999921321869
val/object/pedestrian_scale_err,24949,0.3828999996185303
val/object/pedestrian_scale_err,25543,0.37529999017715454
val/object/pedestrian_scale_err,26137,0.38089999556541443
val/object/pedestrian_scale_err,26731,0.3833000063896179
val/object/pedestrian_scale_err,27325,0.3824000060558319
val/object/pedestrian_scale_err,27919,0.382999986410141
val/object/pedestrian_scale_err,28513,0.3840000033378601
val/object/pedestrian_orient_err,595,0.25870001316070557
val/object/pedestrian_orient_err,1189,0.3142000138759613
val/object/pedestrian_orient_err,1783,0.399399995803833
val/object/pedestrian_orient_err,2377,0.420199990272522
val/object/pedestrian_orient_err,2971,0.45260000228881836
val/object/pedestrian_orient_err,3565,0.5026999711990356
val/object/pedestrian_orient_err,4159,0.5175999999046326
val/object/pedestrian_orient_err,4753,0.5687999725341797
val/object/pedestrian_orient_err,5347,0.598800003528595
val/object/pedestrian_orient_err,5941,0.5860999822616577
val/object/pedestrian_orient_err,6535,0.6355999708175659
val/object/pedestrian_orient_err,7129,0.6047999858856201
val/object/pedestrian_orient_err,7723,0.6802999973297119
val/object/pedestrian_orient_err,8317,0.6269000172615051
val/object/pedestrian_orient_err,8911,0.6152999997138977
val/object/pedestrian_orient_err,9505,0.6412000060081482
val/object/pedestrian_orient_err,10099,0.6453999876976013
val/object/pedestrian_orient_err,10693,0.659500002861023
val/object/pedestrian_orient_err,11287,0.6218000054359436
val/object/pedestrian_orient_err,11881,0.6517999768257141
val/object/pedestrian_orient_err,12475,0.6481999754905701
val/object/pedestrian_orient_err,13069,0.6802999973297119
val/object/pedestrian_orient_err,13663,0.6797000169754028
val/object/pedestrian_orient_err,14257,0.7123000025749207
val/object/pedestrian_orient_err,14851,0.7067999839782715
val/object/pedestrian_orient_err,15445,0.7081999778747559
val/object/pedestrian_orient_err,16039,0.7143999934196472
val/object/pedestrian_orient_err,16633,0.7735999822616577
val/object/pedestrian_orient_err,17227,0.7190999984741211
val/object/pedestrian_orient_err,17821,0.7013000249862671
val/object/pedestrian_orient_err,18415,0.724399983882904
val/object/pedestrian_orient_err,19009,0.7286999821662903
val/object/pedestrian_orient_err,19603,0.7197999954223633
val/object/pedestrian_orient_err,20197,0.7513999938964844
val/object/pedestrian_orient_err,20791,0.7264000177383423
val/object/pedestrian_orient_err,21385,0.7059999704360962
val/object/pedestrian_orient_err,21979,0.708299994468689
val/object/pedestrian_orient_err,22573,0.7113999724388123
val/object/pedestrian_orient_err,23167,0.7231000065803528
val/object/pedestrian_orient_err,23761,0.7462999820709229
val/object/pedestrian_orient_err,24355,0.7365000247955322
val/object/pedestrian_orient_err,24949,0.7343000173568726
val/object/pedestrian_orient_err,25543,0.7287999987602234
val/object/pedestrian_orient_err,26137,0.7324000000953674
val/object/pedestrian_orient_err,26731,0.725600004196167
val/object/pedestrian_orient_err,27325,0.7307999730110168
val/object/pedestrian_orient_err,27919,0.7311000227928162
val/object/pedestrian_orient_err,28513,0.732200026512146
val/object/pedestrian_vel_err,595,1.0
val/object/pedestrian_vel_err,1189,1.0
val/object/pedestrian_vel_err,1783,1.0
val/object/pedestrian_vel_err,2377,1.0
val/object/pedestrian_vel_err,2971,1.0
val/object/pedestrian_vel_err,3565,1.0
val/object/pedestrian_vel_err,4159,1.0
val/object/pedestrian_vel_err,4753,1.0
val/object/pedestrian_vel_err,5347,1.0
val/object/pedestrian_vel_err,5941,1.0
val/object/pedestrian_vel_err,6535,1.0
val/object/pedestrian_vel_err,7129,1.0
val/object/pedestrian_vel_err,7723,1.0
val/object/pedestrian_vel_err,8317,1.0
val/object/pedestrian_vel_err,8911,1.0
val/object/pedestrian_vel_err,9505,1.0
val/object/pedestrian_vel_err,10099,1.0
val/object/pedestrian_vel_err,10693,1.0
val/object/pedestrian_vel_err,11287,1.0
val/object/pedestrian_vel_err,11881,1.0
val/object/pedestrian_vel_err,12475,1.0
val/object/pedestrian_vel_err,13069,1.0
val/object/pedestrian_vel_err,13663,1.0
val/object/pedestrian_vel_err,14257,1.0
val/object/pedestrian_vel_err,14851,1.0
val/object/pedestrian_vel_err,15445,1.0
val/object/pedestrian_vel_err,16039,1.0
val/object/pedestrian_vel_err,16633,1.0
val/object/pedestrian_vel_err,17227,1.0
val/object/pedestrian_vel_err,17821,1.0
val/object/pedestrian_vel_err,18415,1.0
val/object/pedestrian_vel_err,19009,1.0
val/object/pedestrian_vel_err,19603,1.0
val/object/pedestrian_vel_err,20197,1.0
val/object/pedestrian_vel_err,20791,1.0
val/object/pedestrian_vel_err,21385,1.0
val/object/pedestrian_vel_err,21979,1.0
val/object/pedestrian_vel_err,22573,1.0
val/object/pedestrian_vel_err,23167,1.0
val/object/pedestrian_vel_err,23761,1.0
val/object/pedestrian_vel_err,24355,1.0
val/object/pedestrian_vel_err,24949,1.0
val/object/pedestrian_vel_err,25543,1.0
val/object/pedestrian_vel_err,26137,1.0
val/object/pedestrian_vel_err,26731,1.0
val/object/pedestrian_vel_err,27325,1.0
val/object/pedestrian_vel_err,27919,1.0
val/object/pedestrian_vel_err,28513,1.0
val/object/pedestrian_attr_err,595,1.0
val/object/pedestrian_attr_err,1189,1.0
val/object/pedestrian_attr_err,1783,1.0
val/object/pedestrian_attr_err,2377,1.0
val/object/pedestrian_attr_err,2971,1.0
val/object/pedestrian_attr_err,3565,1.0
val/object/pedestrian_attr_err,4159,1.0
val/object/pedestrian_attr_err,4753,1.0
val/object/pedestrian_attr_err,5347,1.0
val/object/pedestrian_attr_err,5941,1.0
val/object/pedestrian_attr_err,6535,1.0
val/object/pedestrian_attr_err,7129,1.0
val/object/pedestrian_attr_err,7723,1.0
val/object/pedestrian_attr_err,8317,1.0
val/object/pedestrian_attr_err,8911,1.0
val/object/pedestrian_attr_err,9505,1.0
val/object/pedestrian_attr_err,10099,1.0
val/object/pedestrian_attr_err,10693,1.0
val/object/pedestrian_attr_err,11287,1.0
val/object/pedestrian_attr_err,11881,1.0
val/object/pedestrian_attr_err,12475,1.0
val/object/pedestrian_attr_err,13069,1.0
val/object/pedestrian_attr_err,13663,1.0
val/object/pedestrian_attr_err,14257,1.0
val/object/pedestrian_attr_err,14851,1.0
val/object/pedestrian_attr_err,15445,1.0
val/object/pedestrian_attr_err,16039,1.0
val/object/pedestrian_attr_err,16633,1.0
val/object/pedestrian_attr_err,17227,1.0
val/object/pedestrian_attr_err,17821,1.0
val/object/pedestrian_attr_err,18415,1.0
val/object/pedestrian_attr_err,19009,1.0
val/object/pedestrian_attr_err,19603,1.0
val/object/pedestrian_attr_err,20197,1.0
val/object/pedestrian_attr_err,20791,1.0
val/object/pedestrian_attr_err,21385,1.0
val/object/pedestrian_attr_err,21979,1.0
val/object/pedestrian_attr_err,22573,1.0
val/object/pedestrian_attr_err,23167,1.0
val/object/pedestrian_attr_err,23761,1.0
val/object/pedestrian_attr_err,24355,1.0
val/object/pedestrian_attr_err,24949,1.0
val/object/pedestrian_attr_err,25543,1.0
val/object/pedestrian_attr_err,26137,1.0
val/object/pedestrian_attr_err,26731,1.0
val/object/pedestrian_attr_err,27325,1.0
val/object/pedestrian_attr_err,27919,1.0
val/object/pedestrian_attr_err,28513,1.0
val/object/traffic_cone_ap_dist_0.5,595,0.0
val/object/traffic_cone_ap_dist_0.5,1189,0.0
val/object/traffic_cone_ap_dist_0.5,1783,0.0
val/object/traffic_cone_ap_dist_0.5,2377,0.0
val/object/traffic_cone_ap_dist_0.5,2971,0.0
val/object/traffic_cone_ap_dist_0.5,3565,0.0
val/object/traffic_cone_ap_dist_0.5,4159,0.0
val/object/traffic_cone_ap_dist_0.5,4753,0.0
val/object/traffic_cone_ap_dist_0.5,5347,0.0
val/object/traffic_cone_ap_dist_0.5,5941,0.0
val/object/traffic_cone_ap_dist_0.5,6535,0.0
val/object/traffic_cone_ap_dist_0.5,7129,0.0
val/object/traffic_cone_ap_dist_0.5,7723,0.0
val/object/traffic_cone_ap_dist_0.5,8317,0.0
val/object/traffic_cone_ap_dist_0.5,8911,0.0
val/object/traffic_cone_ap_dist_0.5,9505,0.0
val/object/traffic_cone_ap_dist_0.5,10099,0.0
val/object/traffic_cone_ap_dist_0.5,10693,0.0
val/object/traffic_cone_ap_dist_0.5,11287,0.0
val/object/traffic_cone_ap_dist_0.5,11881,0.0
val/object/traffic_cone_ap_dist_0.5,12475,0.0
val/object/traffic_cone_ap_dist_0.5,13069,0.0
val/object/traffic_cone_ap_dist_0.5,13663,0.0
val/object/traffic_cone_ap_dist_0.5,14257,0.0
val/object/traffic_cone_ap_dist_0.5,14851,0.0
val/object/traffic_cone_ap_dist_0.5,15445,0.0
val/object/traffic_cone_ap_dist_0.5,16039,0.0
val/object/traffic_cone_ap_dist_0.5,16633,0.0
val/object/traffic_cone_ap_dist_0.5,17227,0.0
val/object/traffic_cone_ap_dist_0.5,17821,0.0
val/object/traffic_cone_ap_dist_0.5,18415,0.0
val/object/traffic_cone_ap_dist_0.5,19009,0.0
val/object/traffic_cone_ap_dist_0.5,19603,0.0
val/object/traffic_cone_ap_dist_0.5,20197,0.0
val/object/traffic_cone_ap_dist_0.5,20791,0.0
val/object/traffic_cone_ap_dist_0.5,21385,0.0
val/object/traffic_cone_ap_dist_0.5,21979,0.0
val/object/traffic_cone_ap_dist_0.5,22573,0.0
val/object/traffic_cone_ap_dist_0.5,23167,0.0
val/object/traffic_cone_ap_dist_0.5,23761,0.0
val/object/traffic_cone_ap_dist_0.5,24355,0.0
val/object/traffic_cone_ap_dist_0.5,24949,0.0
val/object/traffic_cone_ap_dist_0.5,25543,0.0
val/object/traffic_cone_ap_dist_0.5,26137,0.0
val/object/traffic_cone_ap_dist_0.5,26731,0.0
val/object/traffic_cone_ap_dist_0.5,27325,0.0
val/object/traffic_cone_ap_dist_0.5,27919,0.0
val/object/traffic_cone_ap_dist_0.5,28513,0.0
val/object/traffic_cone_ap_dist_1.0,595,0.0
val/object/traffic_cone_ap_dist_1.0,1189,0.0
val/object/traffic_cone_ap_dist_1.0,1783,0.0
val/object/traffic_cone_ap_dist_1.0,2377,0.0
val/object/traffic_cone_ap_dist_1.0,2971,0.0
val/object/traffic_cone_ap_dist_1.0,3565,0.0
val/object/traffic_cone_ap_dist_1.0,4159,0.0
val/object/traffic_cone_ap_dist_1.0,4753,0.0
val/object/traffic_cone_ap_dist_1.0,5347,0.0
val/object/traffic_cone_ap_dist_1.0,5941,0.0
val/object/traffic_cone_ap_dist_1.0,6535,0.0
val/object/traffic_cone_ap_dist_1.0,7129,0.0
val/object/traffic_cone_ap_dist_1.0,7723,0.0
val/object/traffic_cone_ap_dist_1.0,8317,0.0
val/object/traffic_cone_ap_dist_1.0,8911,0.0
val/object/traffic_cone_ap_dist_1.0,9505,0.0
val/object/traffic_cone_ap_dist_1.0,10099,0.0
val/object/traffic_cone_ap_dist_1.0,10693,0.0
val/object/traffic_cone_ap_dist_1.0,11287,0.0
val/object/traffic_cone_ap_dist_1.0,11881,0.0
val/object/traffic_cone_ap_dist_1.0,12475,0.0
val/object/traffic_cone_ap_dist_1.0,13069,0.0
val/object/traffic_cone_ap_dist_1.0,13663,0.0
val/object/traffic_cone_ap_dist_1.0,14257,0.0
val/object/traffic_cone_ap_dist_1.0,14851,0.0
val/object/traffic_cone_ap_dist_1.0,15445,0.0
val/object/traffic_cone_ap_dist_1.0,16039,0.0
val/object/traffic_cone_ap_dist_1.0,16633,0.0
val/object/traffic_cone_ap_dist_1.0,17227,0.0
val/object/traffic_cone_ap_dist_1.0,17821,0.0
val/object/traffic_cone_ap_dist_1.0,18415,0.0
val/object/traffic_cone_ap_dist_1.0,19009,0.0
val/object/traffic_cone_ap_dist_1.0,19603,0.0
val/object/traffic_cone_ap_dist_1.0,20197,0.0
val/object/traffic_cone_ap_dist_1.0,20791,0.0
val/object/traffic_cone_ap_dist_1.0,21385,0.0
val/object/traffic_cone_ap_dist_1.0,21979,0.0
val/object/traffic_cone_ap_dist_1.0,22573,0.0
val/object/traffic_cone_ap_dist_1.0,23167,0.0
val/object/traffic_cone_ap_dist_1.0,23761,0.0
val/object/traffic_cone_ap_dist_1.0,24355,0.0
val/object/traffic_cone_ap_dist_1.0,24949,0.0
val/object/traffic_cone_ap_dist_1.0,25543,0.0
val/object/traffic_cone_ap_dist_1.0,26137,0.0
val/object/traffic_cone_ap_dist_1.0,26731,0.0
val/object/traffic_cone_ap_dist_1.0,27325,0.0
val/object/traffic_cone_ap_dist_1.0,27919,0.0
val/object/traffic_cone_ap_dist_1.0,28513,0.0
val/object/traffic_cone_ap_dist_2.0,595,0.0
val/object/traffic_cone_ap_dist_2.0,1189,0.0
val/object/traffic_cone_ap_dist_2.0,1783,0.0
val/object/traffic_cone_ap_dist_2.0,2377,0.0
val/object/traffic_cone_ap_dist_2.0,2971,0.0
val/object/traffic_cone_ap_dist_2.0,3565,0.0
val/object/traffic_cone_ap_dist_2.0,4159,0.0
val/object/traffic_cone_ap_dist_2.0,4753,0.0
val/object/traffic_cone_ap_dist_2.0,5347,0.0
val/object/traffic_cone_ap_dist_2.0,5941,0.0
val/object/traffic_cone_ap_dist_2.0,6535,0.0
val/object/traffic_cone_ap_dist_2.0,7129,0.0
val/object/traffic_cone_ap_dist_2.0,7723,0.0
val/object/traffic_cone_ap_dist_2.0,8317,0.0
val/object/traffic_cone_ap_dist_2.0,8911,0.0
val/object/traffic_cone_ap_dist_2.0,9505,0.0
val/object/traffic_cone_ap_dist_2.0,10099,0.0
val/object/traffic_cone_ap_dist_2.0,10693,0.0
val/object/traffic_cone_ap_dist_2.0,11287,0.0
val/object/traffic_cone_ap_dist_2.0,11881,0.0
val/object/traffic_cone_ap_dist_2.0,12475,0.0
val/object/traffic_cone_ap_dist_2.0,13069,0.0
val/object/traffic_cone_ap_dist_2.0,13663,0.0
val/object/traffic_cone_ap_dist_2.0,14257,0.0
val/object/traffic_cone_ap_dist_2.0,14851,0.0
val/object/traffic_cone_ap_dist_2.0,15445,0.0
val/object/traffic_cone_ap_dist_2.0,16039,0.0
val/object/traffic_cone_ap_dist_2.0,16633,0.0
val/object/traffic_cone_ap_dist_2.0,17227,0.0
val/object/traffic_cone_ap_dist_2.0,17821,0.0
val/object/traffic_cone_ap_dist_2.0,18415,0.0
val/object/traffic_cone_ap_dist_2.0,19009,0.0
val/object/traffic_cone_ap_dist_2.0,19603,0.0
val/object/traffic_cone_ap_dist_2.0,20197,0.0
val/object/traffic_cone_ap_dist_2.0,20791,0.0
val/object/traffic_cone_ap_dist_2.0,21385,0.0
val/object/traffic_cone_ap_dist_2.0,21979,0.0
val/object/traffic_cone_ap_dist_2.0,22573,0.0
val/object/traffic_cone_ap_dist_2.0,23167,0.0
val/object/traffic_cone_ap_dist_2.0,23761,0.0
val/object/traffic_cone_ap_dist_2.0,24355,0.0
val/object/traffic_cone_ap_dist_2.0,24949,0.0
val/object/traffic_cone_ap_dist_2.0,25543,0.0
val/object/traffic_cone_ap_dist_2.0,26137,0.0
val/object/traffic_cone_ap_dist_2.0,26731,0.0
val/object/traffic_cone_ap_dist_2.0,27325,0.0
val/object/traffic_cone_ap_dist_2.0,27919,0.0
val/object/traffic_cone_ap_dist_2.0,28513,0.0
val/object/traffic_cone_ap_dist_4.0,595,0.0
val/object/traffic_cone_ap_dist_4.0,1189,0.0
val/object/traffic_cone_ap_dist_4.0,1783,0.0
val/object/traffic_cone_ap_dist_4.0,2377,0.0
val/object/traffic_cone_ap_dist_4.0,2971,0.0
val/object/traffic_cone_ap_dist_4.0,3565,0.0
val/object/traffic_cone_ap_dist_4.0,4159,0.0
val/object/traffic_cone_ap_dist_4.0,4753,0.0
val/object/traffic_cone_ap_dist_4.0,5347,0.0
val/object/traffic_cone_ap_dist_4.0,5941,0.0
val/object/traffic_cone_ap_dist_4.0,6535,0.0
val/object/traffic_cone_ap_dist_4.0,7129,0.0
val/object/traffic_cone_ap_dist_4.0,7723,0.0
val/object/traffic_cone_ap_dist_4.0,8317,0.0
val/object/traffic_cone_ap_dist_4.0,8911,0.0
val/object/traffic_cone_ap_dist_4.0,9505,0.0
val/object/traffic_cone_ap_dist_4.0,10099,0.0
val/object/traffic_cone_ap_dist_4.0,10693,0.0
val/object/traffic_cone_ap_dist_4.0,11287,0.0
val/object/traffic_cone_ap_dist_4.0,11881,0.0
val/object/traffic_cone_ap_dist_4.0,12475,0.0
val/object/traffic_cone_ap_dist_4.0,13069,0.0
val/object/traffic_cone_ap_dist_4.0,13663,0.0
val/object/traffic_cone_ap_dist_4.0,14257,0.0
val/object/traffic_cone_ap_dist_4.0,14851,0.0
val/object/traffic_cone_ap_dist_4.0,15445,0.0
val/object/traffic_cone_ap_dist_4.0,16039,0.0
val/object/traffic_cone_ap_dist_4.0,16633,0.0
val/object/traffic_cone_ap_dist_4.0,17227,0.0
val/object/traffic_cone_ap_dist_4.0,17821,0.0
val/object/traffic_cone_ap_dist_4.0,18415,0.0
val/object/traffic_cone_ap_dist_4.0,19009,0.0
val/object/traffic_cone_ap_dist_4.0,19603,0.0
val/object/traffic_cone_ap_dist_4.0,20197,0.0
val/object/traffic_cone_ap_dist_4.0,20791,0.0
val/object/traffic_cone_ap_dist_4.0,21385,0.0
val/object/traffic_cone_ap_dist_4.0,21979,0.0
val/object/traffic_cone_ap_dist_4.0,22573,0.0
val/object/traffic_cone_ap_dist_4.0,23167,0.0
val/object/traffic_cone_ap_dist_4.0,23761,0.0
val/object/traffic_cone_ap_dist_4.0,24355,0.0
val/object/traffic_cone_ap_dist_4.0,24949,0.0
val/object/traffic_cone_ap_dist_4.0,25543,0.0
val/object/traffic_cone_ap_dist_4.0,26137,0.0
val/object/traffic_cone_ap_dist_4.0,26731,0.0
val/object/traffic_cone_ap_dist_4.0,27325,0.0
val/object/traffic_cone_ap_dist_4.0,27919,0.0
val/object/traffic_cone_ap_dist_4.0,28513,0.0
val/object/traffic_cone_trans_err,595,1.0
val/object/traffic_cone_trans_err,1189,1.0
val/object/traffic_cone_trans_err,1783,1.0
val/object/traffic_cone_trans_err,2377,1.0
val/object/traffic_cone_trans_err,2971,1.0
val/object/traffic_cone_trans_err,3565,1.0
val/object/traffic_cone_trans_err,4159,1.0
val/object/traffic_cone_trans_err,4753,1.0
val/object/traffic_cone_trans_err,5347,1.0
val/object/traffic_cone_trans_err,5941,1.0
val/object/traffic_cone_trans_err,6535,1.0
val/object/traffic_cone_trans_err,7129,1.0
val/object/traffic_cone_trans_err,7723,1.0
val/object/traffic_cone_trans_err,8317,1.0
val/object/traffic_cone_trans_err,8911,1.0
val/object/traffic_cone_trans_err,9505,1.0
val/object/traffic_cone_trans_err,10099,1.0
val/object/traffic_cone_trans_err,10693,1.0
val/object/traffic_cone_trans_err,11287,1.0
val/object/traffic_cone_trans_err,11881,1.0
val/object/traffic_cone_trans_err,12475,1.0
val/object/traffic_cone_trans_err,13069,1.0
val/object/traffic_cone_trans_err,13663,1.0
val/object/traffic_cone_trans_err,14257,1.0
val/object/traffic_cone_trans_err,14851,1.0
val/object/traffic_cone_trans_err,15445,1.0
val/object/traffic_cone_trans_err,16039,1.0
val/object/traffic_cone_trans_err,16633,1.0
val/object/traffic_cone_trans_err,17227,1.0
val/object/traffic_cone_trans_err,17821,1.0
val/object/traffic_cone_trans_err,18415,1.0
val/object/traffic_cone_trans_err,19009,1.0
val/object/traffic_cone_trans_err,19603,1.0
val/object/traffic_cone_trans_err,20197,1.0
val/object/traffic_cone_trans_err,20791,1.0
val/object/traffic_cone_trans_err,21385,1.0
val/object/traffic_cone_trans_err,21979,1.0
val/object/traffic_cone_trans_err,22573,1.0
val/object/traffic_cone_trans_err,23167,1.0
val/object/traffic_cone_trans_err,23761,1.0
val/object/traffic_cone_trans_err,24355,1.0
val/object/traffic_cone_trans_err,24949,1.0
val/object/traffic_cone_trans_err,25543,1.0
val/object/traffic_cone_trans_err,26137,1.0
val/object/traffic_cone_trans_err,26731,1.0
val/object/traffic_cone_trans_err,27325,1.0
val/object/traffic_cone_trans_err,27919,1.0
val/object/traffic_cone_trans_err,28513,1.0
val/object/traffic_cone_scale_err,595,1.0
val/object/traffic_cone_scale_err,1189,1.0
val/object/traffic_cone_scale_err,1783,1.0
val/object/traffic_cone_scale_err,2377,1.0
val/object/traffic_cone_scale_err,2971,1.0
val/object/traffic_cone_scale_err,3565,1.0
val/object/traffic_cone_scale_err,4159,1.0
val/object/traffic_cone_scale_err,4753,1.0
val/object/traffic_cone_scale_err,5347,1.0
val/object/traffic_cone_scale_err,5941,1.0
val/object/traffic_cone_scale_err,6535,1.0
val/object/traffic_cone_scale_err,7129,1.0
val/object/traffic_cone_scale_err,7723,1.0
val/object/traffic_cone_scale_err,8317,1.0
val/object/traffic_cone_scale_err,8911,1.0
val/object/traffic_cone_scale_err,9505,1.0
val/object/traffic_cone_scale_err,10099,1.0
val/object/traffic_cone_scale_err,10693,1.0
val/object/traffic_cone_scale_err,11287,1.0
val/object/traffic_cone_scale_err,11881,1.0
val/object/traffic_cone_scale_err,12475,1.0
val/object/traffic_cone_scale_err,13069,1.0
val/object/traffic_cone_scale_err,13663,1.0
val/object/traffic_cone_scale_err,14257,1.0
val/object/traffic_cone_scale_err,14851,1.0
val/object/traffic_cone_scale_err,15445,1.0
val/object/traffic_cone_scale_err,16039,1.0
val/object/traffic_cone_scale_err,16633,1.0
val/object/traffic_cone_scale_err,17227,1.0
val/object/traffic_cone_scale_err,17821,1.0
val/object/traffic_cone_scale_err,18415,1.0
val/object/traffic_cone_scale_err,19009,1.0
val/object/traffic_cone_scale_err,19603,1.0
val/object/traffic_cone_scale_err,20197,1.0
val/object/traffic_cone_scale_err,20791,1.0
val/object/traffic_cone_scale_err,21385,1.0
val/object/traffic_cone_scale_err,21979,1.0
val/object/traffic_cone_scale_err,22573,1.0
val/object/traffic_cone_scale_err,23167,1.0
val/object/traffic_cone_scale_err,23761,1.0
val/object/traffic_cone_scale_err,24355,1.0
val/object/traffic_cone_scale_err,24949,1.0
val/object/traffic_cone_scale_err,25543,1.0
val/object/traffic_cone_scale_err,26137,1.0
val/object/traffic_cone_scale_err,26731,1.0
val/object/traffic_cone_scale_err,27325,1.0
val/object/traffic_cone_scale_err,27919,1.0
val/object/traffic_cone_scale_err,28513,1.0
val/object/traffic_cone_orient_err,595,
val/object/traffic_cone_orient_err,1189,
val/object/traffic_cone_orient_err,1783,
val/object/traffic_cone_orient_err,2377,
val/object/traffic_cone_orient_err,2971,
val/object/traffic_cone_orient_err,3565,
val/object/traffic_cone_orient_err,4159,
val/object/traffic_cone_orient_err,4753,
val/object/traffic_cone_orient_err,5347,
val/object/traffic_cone_orient_err,5941,
val/object/traffic_cone_orient_err,6535,
val/object/traffic_cone_orient_err,7129,
val/object/traffic_cone_orient_err,7723,
val/object/traffic_cone_orient_err,8317,
val/object/traffic_cone_orient_err,8911,
val/object/traffic_cone_orient_err,9505,
val/object/traffic_cone_orient_err,10099,
val/object/traffic_cone_orient_err,10693,
val/object/traffic_cone_orient_err,11287,
val/object/traffic_cone_orient_err,11881,
val/object/traffic_cone_orient_err,12475,
val/object/traffic_cone_orient_err,13069,
val/object/traffic_cone_orient_err,13663,
val/object/traffic_cone_orient_err,14257,
val/object/traffic_cone_orient_err,14851,
val/object/traffic_cone_orient_err,15445,
val/object/traffic_cone_orient_err,16039,
val/object/traffic_cone_orient_err,16633,
val/object/traffic_cone_orient_err,17227,
val/object/traffic_cone_orient_err,17821,
val/object/traffic_cone_orient_err,18415,
val/object/traffic_cone_orient_err,19009,
val/object/traffic_cone_orient_err,19603,
val/object/traffic_cone_orient_err,20197,
val/object/traffic_cone_orient_err,20791,
val/object/traffic_cone_orient_err,21385,
val/object/traffic_cone_orient_err,21979,
val/object/traffic_cone_orient_err,22573,
val/object/traffic_cone_orient_err,23167,
val/object/traffic_cone_orient_err,23761,
val/object/traffic_cone_orient_err,24355,
val/object/traffic_cone_orient_err,24949,
val/object/traffic_cone_orient_err,25543,
val/object/traffic_cone_orient_err,26137,
val/object/traffic_cone_orient_err,26731,
val/object/traffic_cone_orient_err,27325,
val/object/traffic_cone_orient_err,27919,
val/object/traffic_cone_orient_err,28513,
val/object/traffic_cone_vel_err,595,
val/object/traffic_cone_vel_err,1189,
val/object/traffic_cone_vel_err,1783,
val/object/traffic_cone_vel_err,2377,
val/object/traffic_cone_vel_err,2971,
val/object/traffic_cone_vel_err,3565,
val/object/traffic_cone_vel_err,4159,
val/object/traffic_cone_vel_err,4753,
val/object/traffic_cone_vel_err,5347,
val/object/traffic_cone_vel_err,5941,
val/object/traffic_cone_vel_err,6535,
val/object/traffic_cone_vel_err,7129,
val/object/traffic_cone_vel_err,7723,
val/object/traffic_cone_vel_err,8317,
val/object/traffic_cone_vel_err,8911,
val/object/traffic_cone_vel_err,9505,
val/object/traffic_cone_vel_err,10099,
val/object/traffic_cone_vel_err,10693,
val/object/traffic_cone_vel_err,11287,
val/object/traffic_cone_vel_err,11881,
val/object/traffic_cone_vel_err,12475,
val/object/traffic_cone_vel_err,13069,
val/object/traffic_cone_vel_err,13663,
val/object/traffic_cone_vel_err,14257,
val/object/traffic_cone_vel_err,14851,
val/object/traffic_cone_vel_err,15445,
val/object/traffic_cone_vel_err,16039,
val/object/traffic_cone_vel_err,16633,
val/object/traffic_cone_vel_err,17227,
val/object/traffic_cone_vel_err,17821,
val/object/traffic_cone_vel_err,18415,
val/object/traffic_cone_vel_err,19009,
val/object/traffic_cone_vel_err,19603,
val/object/traffic_cone_vel_err,20197,
val/object/traffic_cone_vel_err,20791,
val/object/traffic_cone_vel_err,21385,
val/object/traffic_cone_vel_err,21979,
val/object/traffic_cone_vel_err,22573,
val/object/traffic_cone_vel_err,23167,
val/object/traffic_cone_vel_err,23761,
val/object/traffic_cone_vel_err,24355,
val/object/traffic_cone_vel_err,24949,
val/object/traffic_cone_vel_err,25543,
val/object/traffic_cone_vel_err,26137,
val/object/traffic_cone_vel_err,26731,
val/object/traffic_cone_vel_err,27325,
val/object/traffic_cone_vel_err,27919,
val/object/traffic_cone_vel_err,28513,
val/object/traffic_cone_attr_err,595,
val/object/traffic_cone_attr_err,1189,
val/object/traffic_cone_attr_err,1783,
val/object/traffic_cone_attr_err,2377,
val/object/traffic_cone_attr_err,2971,
val/object/traffic_cone_attr_err,3565,
val/object/traffic_cone_attr_err,4159,
val/object/traffic_cone_attr_err,4753,
val/object/traffic_cone_attr_err,5347,
val/object/traffic_cone_attr_err,5941,
val/object/traffic_cone_attr_err,6535,
val/object/traffic_cone_attr_err,7129,
val/object/traffic_cone_attr_err,7723,
val/object/traffic_cone_attr_err,8317,
val/object/traffic_cone_attr_err,8911,
val/object/traffic_cone_attr_err,9505,
val/object/traffic_cone_attr_err,10099,
val/object/traffic_cone_attr_err,10693,
val/object/traffic_cone_attr_err,11287,
val/object/traffic_cone_attr_err,11881,
val/object/traffic_cone_attr_err,12475,
val/object/traffic_cone_attr_err,13069,
val/object/traffic_cone_attr_err,13663,
val/object/traffic_cone_attr_err,14257,
val/object/traffic_cone_attr_err,14851,
val/object/traffic_cone_attr_err,15445,
val/object/traffic_cone_attr_err,16039,
val/object/traffic_cone_attr_err,16633,
val/object/traffic_cone_attr_err,17227,
val/object/traffic_cone_attr_err,17821,
val/object/traffic_cone_attr_err,18415,
val/object/traffic_cone_attr_err,19009,
val/object/traffic_cone_attr_err,19603,
val/object/traffic_cone_attr_err,20197,
val/object/traffic_cone_attr_err,20791,
val/object/traffic_cone_attr_err,21385,
val/object/traffic_cone_attr_err,21979,
val/object/traffic_cone_attr_err,22573,
val/object/traffic_cone_attr_err,23167,
val/object/traffic_cone_attr_err,23761,
val/object/traffic_cone_attr_err,24355,
val/object/traffic_cone_attr_err,24949,
val/object/traffic_cone_attr_err,25543,
val/object/traffic_cone_attr_err,26137,
val/object/traffic_cone_attr_err,26731,
val/object/traffic_cone_attr_err,27325,
val/object/traffic_cone_attr_err,27919,
val/object/traffic_cone_attr_err,28513,
val/object/nds,595,0.5011467933654785
val/object/nds,1189,0.46847453713417053
val/object/nds,1783,0.4219376742839813
val/object/nds,2377,0.35679686069488525
val/object/nds,2971,0.3204963803291321
val/object/nds,3565,0.3074061870574951
val/object/nds,4159,0.237632155418396
val/object/nds,4753,0.22785967588424683
val/object/nds,5347,0.22382591664791107
val/object/nds,5941,0.21724426746368408
val/object/nds,6535,0.20428074896335602
val/object/nds,7129,0.20127812027931213
val/object/nds,7723,0.2015022337436676
val/object/nds,8317,0.19343465566635132
val/object/nds,8911,0.18479213118553162
val/object/nds,9505,0.19139361381530762
val/object/nds,10099,0.1843065768480301
val/object/nds,10693,0.18395856022834778
val/object/nds,11287,0.18171830475330353
val/object/nds,11881,0.17501336336135864
val/object/nds,12475,0.1788860410451889
val/object/nds,13069,0.17367912828922272
val/object/nds,13663,0.16930849850177765
val/object/nds,14257,0.17463074624538422
val/object/nds,14851,0.16830718517303467
val/object/nds,15445,0.17249149084091187
val/object/nds,16039,0.16715151071548462
val/object/nds,16633,0.16643637418746948
val/object/nds,17227,0.16182801127433777
val/object/nds,17821,0.16810451447963715
val/object/nds,18415,0.1648620218038559
val/object/nds,19009,0.16267021000385284
val/object/nds,19603,0.16235029697418213
val/object/nds,20197,0.16220909357070923
val/object/nds,20791,0.16129636764526367
val/object/nds,21385,0.15800628066062927
val/object/nds,21979,0.16030079126358032
val/object/nds,22573,0.1598024219274521
val/object/nds,23167,0.15995225310325623
val/object/nds,23761,0.15833741426467896
val/object/nds,24355,0.15961362421512604
val/object/nds,24949,0.16014090180397034
val/object/nds,25543,0.15829025208950043
val/object/nds,26137,0.1585756540298462
val/object/nds,26731,0.15838636457920074
val/object/nds,27325,0.15765856206417084
val/object/nds,27919,0.1585368663072586
val/object/nds,28513,0.15919578075408936
val/object/map,595,0.5600374341011047
val/object/map,1189,0.5125394463539124
val/object/map,1783,0.4439624845981598
val/object/map,2377,0.33347630500793457
val/object/map,2971,0.27632027864456177
val/object/map,3565,0.26053348183631897
val/object/map,4159,0.22993844747543335
val/object/map,4753,0.2167395055294037
val/object/map,5347,0.21084313094615936
val/object/map,5941,0.19943292438983917
val/object/map,6535,0.18500187993049622
val/object/map,7129,0.1778230369091034
val/object/map,7723,0.18320490419864655
val/object/map,8317,0.16833621263504028
val/object/map,8911,0.15761913359165192
val/object/map,9505,0.16964593529701233
val/object/map,10099,0.15675081312656403
val/object/map,10693,0.1553622931241989
val/object/map,11287,0.15605193376541138
val/object/map,11881,0.14823821187019348
val/object/map,12475,0.14980021119117737
val/object/map,13069,0.14303052425384521
val/object/map,13663,0.13766130805015564
val/object/map,14257,0.14611391723155975
val/object/map,14851,0.14162692427635193
val/object/map,15445,0.14398108422756195
val/object/map,16039,0.13787662982940674
val/object/map,16633,0.1342104822397232
val/object/map,17227,0.12869475781917572
val/object/map,17821,0.1345972865819931
val/object/map,18415,0.12932123243808746
val/object/map,19009,0.12399260699748993
val/object/map,19603,0.12671326100826263
val/object/map,20197,0.12693028151988983
val/object/map,20791,0.1249779462814331
val/object/map,21385,0.11951789259910583
val/object/map,21979,0.12313394993543625
val/object/map,22573,0.12074196338653564
val/object/map,23167,0.12194763123989105
val/object/map,23761,0.1214410737156868
val/object/map,24355,0.12269029766321182
val/object/map,24949,0.12320669740438461
val/object/map,25543,0.12055552005767822
val/object/map,26137,0.12062952667474747
val/object/map,26731,0.1204841360449791
val/object/map,27325,0.12004850059747696
val/object/map,27919,0.12065998464822769
val/object/map,28513,0.12123964726924896
